id_especie,nombre_cientifico,nombre_comun,familia,tipo,descripcion,respuestas_cuestionario
millepora_alcicornis,Millepora alcicornis,Coral de Fuego Cuerno de Alce,Milleporidae,Hidrocoral,Hidrocoral con forma ramificada o incrustante. Superficie porosa sin coralitos visibles. Produce urticación al contacto. Presenta amarillento y rugoso.,"{""p1"": ""no"", ""p2"": ""incrustante""}"
millepora_alcicornis,Millepora alcicornis,Coral de Fuego Cuerno de Alce,Milleporidae,Hidrocoral,Hidrocoral con forma ramificada o incrustante. Superficie porosa sin coralitos visibles. Produce urticación al contacto. Presenta verdoso y superficie porosa.,"{""p1"": ""no"", ""p2"": ""incrustante""}"
millepora_alcicornis,Millepora alcicornis,Coral de Fuego Cuerno de Alce,Milleporidae,Hidrocoral,Tipo: parece un arbusto. Color: blanquecino.,"{""p1"": ""no"", ""p2"": ""incrustante""}"
millepora_alcicornis,Millepora alcicornis,Coral de Fuego Cuerno de Alce,Milleporidae,Hidrocoral,Hidrocoral con forma ramificada o incrustante. Superficie porosa sin coralitos visibles. Produce urticación al contacto. Presenta color tierra y como esponja.,"{""p1"": ""no"", ""p2"": ""incrustante""}"
millepora_alcicornis,Millepora alcicornis,Coral de Fuego Cuerno de Alce,Milleporidae,Hidrocoral,"forma de candelabro, tono marrón.","{""p1"": ""no"", ""p2"": ""incrustante""}"
millepora_alcicornis,Millepora alcicornis,Coral de Fuego Cuerno de Alce,Milleporidae,Hidrocoral,"Parece como dedos que salen, gris.","{""p1"": ""no"", ""p2"": ""incrustante""}"
millepora_alcicornis,Millepora alcicornis,Coral de Fuego Cuerno de Alce,Milleporidae,Hidrocoral,"Es un coral ramas coralinas, textura áspera, de color color café claro.","{""p1"": ""no"", ""p2"": ""incrustante""}"
millepora_alcicornis,Millepora alcicornis,Coral de Fuego Cuerno de Alce,Milleporidae,Hidrocoral,"ramas finas, color café claro.","{""p1"": ""no"", ""p2"": ""incrustante""}"
millepora_alcicornis,Millepora alcicornis,Coral de Fuego Cuerno de Alce,Milleporidae,Hidrocoral,Hidrocoral con forma ramificada o incrustante. Superficie porosa sin coralitos visibles. Produce urticación al contacto.,"{""p1"": ""no"", ""p2"": ""incrustante""}"
millepora_alcicornis,Millepora alcicornis,Coral de Fuego Cuerno de Alce,Milleporidae,Hidrocoral,"Estaba buceando y vi ramas finas, marrón.","{""p1"": ""no"", ""p2"": ""incrustante""}"
millepora_alcicornis,Millepora alcicornis,Coral de Fuego Cuerno de Alce,Milleporidae,Hidrocoral,Hidrocoral con forma ramificada o incrustante. Superficie porosa sin coralitos visibles. Produce urticación al contacto. Presenta color tierra y textura áspera.,"{""p1"": ""no"", ""p2"": ""incrustante""}"
millepora_alcicornis,Millepora alcicornis,Coral de Fuego Cuerno de Alce,Milleporidae,Hidrocoral,Hidrocoral con forma ramificada o incrustante. Superficie porosa sin coralitos visibles. Produce urticación al contacto. Presenta color grisáceo y áspero al tacto.,"{""p1"": ""no"", ""p2"": ""incrustante""}"
millepora_alcicornis,Millepora alcicornis,Coral de Fuego Cuerno de Alce,Milleporidae,Hidrocoral,"Estaba buceando y vi parece un árbol pequeño, color tierra.","{""p1"": ""no"", ""p2"": ""incrustante""}"
millepora_alcicornis,Millepora alcicornis,Coral de Fuego Cuerno de Alce,Milleporidae,Hidrocoral,"Encontré esto: forma de candelabro, color gris.","{""p1"": ""no"", ""p2"": ""incrustante""}"
millepora_alcicornis,Millepora alcicornis,Coral de Fuego Cuerno de Alce,Milleporidae,Hidrocoral,Hidrocoral con forma ramificada o incrustante. Superficie porosa sin coralitos visibles. Produce urticación al contacto. Presenta color marrón claro y poroso.,"{""p1"": ""no"", ""p2"": ""incrustante""}"
millepora_alcicornis,Millepora alcicornis,Coral de Fuego Cuerno de Alce,Milleporidae,Hidrocoral,Uno tiene ramitas que está superficie uniforme.,"{""p1"": ""no"", ""p2"": ""incrustante""}"
millepora_alcicornis,Millepora alcicornis,Coral de Fuego Cuerno de Alce,Milleporidae,Hidrocoral,"con muchas ramificaciones, verdoso.","{""p1"": ""no"", ""p2"": ""incrustante""}"
millepora_alcicornis,Millepora alcicornis,Coral de Fuego Cuerno de Alce,Milleporidae,Hidrocoral,Tipo: ramas como cuernos. Color: color piedra.,"{""p1"": ""no"", ""p2"": ""incrustante""}"
millepora_alcicornis,Millepora alcicornis,Coral de Fuego Cuerno de Alce,Milleporidae,Hidrocoral,Hidrocoral con forma ramificada o incrustante. Superficie porosa sin coralitos visibles. Produce urticación al contacto. Presenta color café claro y superficie lisa.,"{""p1"": ""no"", ""p2"": ""incrustante""}"
millepora_alcicornis,Millepora alcicornis,Coral de Fuego Cuerno de Alce,Milleporidae,Hidrocoral,"Vi un coral ramas coralinas, parece color grisáceo.","{""p1"": ""no"", ""p2"": ""incrustante""}"
millepora_alcicornis,Millepora alcicornis,Coral de Fuego Cuerno de Alce,Milleporidae,Hidrocoral,Es como forma de ramas y es color amarillento.,"{""p1"": ""no"", ""p2"": ""incrustante""}"
millepora_alcicornis,Millepora alcicornis,Coral de Fuego Cuerno de Alce,Milleporidae,Hidrocoral,Hidrocoral con forma ramificada o incrustante. Superficie porosa sin coralitos visibles. Produce urticación al contacto. Presenta gris y rugoso.,"{""p1"": ""no"", ""p2"": ""incrustante""}"
millepora_alcicornis,Millepora alcicornis,Coral de Fuego Cuerno de Alce,Milleporidae,Hidrocoral,"Es un coral estructura ramificada, superficie porosa, de color beige.","{""p1"": ""no"", ""p2"": ""incrustante""}"
millepora_alcicornis,Millepora alcicornis,Coral de Fuego Cuerno de Alce,Milleporidae,Hidrocoral,"Especie forma de ramas, tonalidad crema.","{""p1"": ""no"", ""p2"": ""incrustante""}"
millepora_alcicornis,Millepora alcicornis,Coral de Fuego Cuerno de Alce,Milleporidae,Hidrocoral,Tipo: forma de ramas. Color: color marrón.,"{""p1"": ""no"", ""p2"": ""incrustante""}"
millepora_alcicornis,Millepora alcicornis,Coral de Fuego Cuerno de Alce,Milleporidae,Hidrocoral,Uno se extiende como ramas que está superficie irregular.,"{""p1"": ""no"", ""p2"": ""incrustante""}"
millepora_alcicornis,Millepora alcicornis,Coral de Fuego Cuerno de Alce,Milleporidae,Hidrocoral,Hidrocoral con forma ramificada o incrustante. Superficie porosa sin coralitos visibles. Produce urticación al contacto. Presenta tonalidad verdosa y liso.,"{""p1"": ""no"", ""p2"": ""incrustante""}"
millepora_alcicornis,Millepora alcicornis,Coral de Fuego Cuerno de Alce,Milleporidae,Hidrocoral,"Vi un coral coral de dedos, parece café.","{""p1"": ""no"", ""p2"": ""incrustante""}"
millepora_alcicornis,Millepora alcicornis,Coral de Fuego Cuerno de Alce,Milleporidae,Hidrocoral,"Coral de tipo ramas coralinas, superficie lisa.","{""p1"": ""no"", ""p2"": ""incrustante""}"
millepora_alcicornis,Millepora alcicornis,Coral de Fuego Cuerno de Alce,Milleporidae,Hidrocoral,Forma: estructura ramificada. Textura: poroso. Tono: color tierra.,"{""p1"": ""no"", ""p2"": ""incrustante""}"
millepora_alcicornis,Millepora alcicornis,Coral de Fuego Cuerno de Alce,Milleporidae,Hidrocoral,Es como brazos que salen y es café.,"{""p1"": ""no"", ""p2"": ""incrustante""}"
millepora_alcicornis,Millepora alcicornis,Coral de Fuego Cuerno de Alce,Milleporidae,Hidrocoral,Un coral con muchas ramificaciones que es áspero al tacto.,"{""p1"": ""no"", ""p2"": ""incrustante""}"
millepora_alcicornis,Millepora alcicornis,Coral de Fuego Cuerno de Alce,Milleporidae,Hidrocoral,Tipo: se extiende como ramas. Color: gris.,"{""p1"": ""no"", ""p2"": ""incrustante""}"
millepora_alcicornis,Millepora alcicornis,Coral de Fuego Cuerno de Alce,Milleporidae,Hidrocoral,"Especie con muchas ramificaciones, tonalidad beige.","{""p1"": ""no"", ""p2"": ""incrustante""}"
millepora_alcicornis,Millepora alcicornis,Coral de Fuego Cuerno de Alce,Milleporidae,Hidrocoral,"Coral de tipo ramas, superficie rugosa.","{""p1"": ""no"", ""p2"": ""incrustante""}"
millepora_alcicornis,Millepora alcicornis,Coral de Fuego Cuerno de Alce,Milleporidae,Hidrocoral,"tiene ramitas, crema.","{""p1"": ""no"", ""p2"": ""incrustante""}"
millepora_alcicornis,Millepora alcicornis,Coral de Fuego Cuerno de Alce,Milleporidae,Hidrocoral,"coral ramificado, color tierra.","{""p1"": ""no"", ""p2"": ""incrustante""}"
millepora_alcicornis,Millepora alcicornis,Coral de Fuego Cuerno de Alce,Milleporidae,Hidrocoral,Hidrocoral con forma ramificada o incrustante. Superficie porosa sin coralitos visibles. Produce urticación al contacto. Presenta gris y superficie porosa.,"{""p1"": ""no"", ""p2"": ""incrustante""}"
millepora_alcicornis,Millepora alcicornis,Coral de Fuego Cuerno de Alce,Milleporidae,Hidrocoral,Hidrocoral con forma ramificada o incrustante. Superficie porosa sin coralitos visibles. Produce urticación al contacto. Presenta amarillento y duro como roca.,"{""p1"": ""no"", ""p2"": ""incrustante""}"
millepora_alcicornis,Millepora alcicornis,Coral de Fuego Cuerno de Alce,Milleporidae,Hidrocoral,Hidrocoral con forma ramificada o incrustante. Superficie porosa sin coralitos visibles. Produce urticación al contacto. Presenta marrón y como una roca.,"{""p1"": ""no"", ""p2"": ""incrustante""}"
millepora_alcicornis,Millepora alcicornis,Coral de Fuego Cuerno de Alce,Milleporidae,Hidrocoral,Un coral coral ramificado que es superficie porosa.,"{""p1"": ""no"", ""p2"": ""incrustante""}"
millepora_alcicornis,Millepora alcicornis,Coral de Fuego Cuerno de Alce,Milleporidae,Hidrocoral,"Encontré esto: forma de candelabro, color crema.","{""p1"": ""no"", ""p2"": ""incrustante""}"
millepora_alcicornis,Millepora alcicornis,Coral de Fuego Cuerno de Alce,Milleporidae,Hidrocoral,"Coral de tipo tiene ramitas, áspero al tacto.","{""p1"": ""no"", ""p2"": ""incrustante""}"
millepora_alcicornis,Millepora alcicornis,Coral de Fuego Cuerno de Alce,Milleporidae,Hidrocoral,Hidrocoral con forma ramificada o incrustante. Superficie porosa sin coralitos visibles. Produce urticación al contacto. Presenta color amarillento y liso.,"{""p1"": ""no"", ""p2"": ""incrustante""}"
millepora_alcicornis,Millepora alcicornis,Coral de Fuego Cuerno de Alce,Milleporidae,Hidrocoral,"Es un coral forma de candelabro, superficie lisa, de color color arena.","{""p1"": ""no"", ""p2"": ""incrustante""}"
millepora_alcicornis,Millepora alcicornis,Coral de Fuego Cuerno de Alce,Milleporidae,Hidrocoral,"Encontré esto: con muchas ramificaciones, color color grisáceo.","{""p1"": ""no"", ""p2"": ""incrustante""}"
millepora_alcicornis,Millepora alcicornis,Coral de Fuego Cuerno de Alce,Milleporidae,Hidrocoral,Un coral ramas como cuernos que es áspero al tacto.,"{""p1"": ""no"", ""p2"": ""incrustante""}"
millepora_alcicornis,Millepora alcicornis,Coral de Fuego Cuerno de Alce,Milleporidae,Hidrocoral,Uno se extiende como ramas que está colonias densas.,"{""p1"": ""no"", ""p2"": ""incrustante""}"
millepora_alcicornis,Millepora alcicornis,Coral de Fuego Cuerno de Alce,Milleporidae,Hidrocoral,Hidrocoral con forma ramificada o incrustante. Superficie porosa sin coralitos visibles. Produce urticación al contacto. Presenta color café y superficie lisa.,"{""p1"": ""no"", ""p2"": ""incrustante""}"
millepora_alcicornis,Millepora alcicornis,Coral de Fuego Cuerno de Alce,Milleporidae,Hidrocoral,"Estaba buceando y vi coral ramificado, color marrón.","{""p1"": ""no"", ""p2"": ""incrustante""}"
millepora_alcicornis,Millepora alcicornis,Coral de Fuego Cuerno de Alce,Milleporidae,Hidrocoral,Hidrocoral con forma ramificada o incrustante. Superficie porosa sin coralitos visibles. Produce urticación al contacto. Presenta color piedra y como esponja.,"{""p1"": ""no"", ""p2"": ""incrustante""}"
millepora_complanata,Millepora complanata,Coral de Fuego Laminar,Milleporidae,Hidrocoral,Hidrocoral en forma de láminas verticales. Superficie porosa sin coralitos visibles. Produce urticación al contacto. Presenta crema y como esponja.,"{""p1"": ""no"", ""p2"": ""aplanado"", ""p3"": ""vertical""}"
millepora_complanata,Millepora complanata,Coral de Fuego Laminar,Milleporidae,Hidrocoral,Tipo: como una tortilla. Color: blanquecino.,"{""p1"": ""no"", ""p2"": ""aplanado"", ""p3"": ""vertical""}"
millepora_complanata,Millepora complanata,Coral de Fuego Laminar,Milleporidae,Hidrocoral,Forma: fino como una hoja. Textura: áspero al tacto. Tono: color café.,"{""p1"": ""no"", ""p2"": ""aplanado"", ""p3"": ""vertical""}"
millepora_complanata,Millepora complanata,Coral de Fuego Laminar,Milleporidae,Hidrocoral,"Como aplanado como un plato, superficie rugosa, blanquecino.","{""p1"": ""no"", ""p2"": ""aplanado"", ""p3"": ""vertical""}"
millepora_complanata,Millepora complanata,Coral de Fuego Laminar,Milleporidae,Hidrocoral,Hidrocoral en forma de láminas verticales. Superficie porosa sin coralitos visibles. Produce urticación al contacto. Presenta amarillento y como esponja.,"{""p1"": ""no"", ""p2"": ""aplanado"", ""p3"": ""vertical""}"
millepora_complanata,Millepora complanata,Coral de Fuego Laminar,Milleporidae,Hidrocoral,Hidrocoral en forma de láminas verticales. Superficie porosa sin coralitos visibles. Produce urticación al contacto. Presenta gris y liso.,"{""p1"": ""no"", ""p2"": ""aplanado"", ""p3"": ""vertical""}"
millepora_complanata,Millepora complanata,Coral de Fuego Laminar,Milleporidae,Hidrocoral,Uno como un disco que está poroso.,"{""p1"": ""no"", ""p2"": ""aplanado"", ""p3"": ""vertical""}"
millepora_complanata,Millepora complanata,Coral de Fuego Laminar,Milleporidae,Hidrocoral,Hidrocoral en forma de láminas verticales. Superficie porosa sin coralitos visibles. Produce urticación al contacto. Presenta color arena y rugoso.,"{""p1"": ""no"", ""p2"": ""aplanado"", ""p3"": ""vertical""}"
millepora_complanata,Millepora complanata,Coral de Fuego Laminar,Milleporidae,Hidrocoral,"Colonia platos aplanados característica, color café claro.","{""p1"": ""no"", ""p2"": ""aplanado"", ""p3"": ""vertical""}"
millepora_complanata,Millepora complanata,Coral de Fuego Laminar,Milleporidae,Hidrocoral,"forma de disco folioso, color marrón claro.","{""p1"": ""no"", ""p2"": ""aplanado"", ""p3"": ""vertical""}"
millepora_complanata,Millepora complanata,Coral de Fuego Laminar,Milleporidae,Hidrocoral,Un coral coral laminar que es duro como roca.,"{""p1"": ""no"", ""p2"": ""aplanado"", ""p3"": ""vertical""}"
millepora_complanata,Millepora complanata,Coral de Fuego Laminar,Milleporidae,Hidrocoral,Observamos como hojas con coloración marrón.,"{""p1"": ""no"", ""p2"": ""aplanado"", ""p3"": ""vertical""}"
millepora_complanata,Millepora complanata,Coral de Fuego Laminar,Milleporidae,Hidrocoral,Hidrocoral en forma de láminas verticales. Superficie porosa sin coralitos visibles. Produce urticación al contacto. Presenta color amarillento y como una roca.,"{""p1"": ""no"", ""p2"": ""aplanado"", ""p3"": ""vertical""}"
millepora_complanata,Millepora complanata,Coral de Fuego Laminar,Milleporidae,Hidrocoral,Hidrocoral en forma de láminas verticales. Superficie porosa sin coralitos visibles. Produce urticación al contacto. Presenta amarillento y superficie porosa.,"{""p1"": ""no"", ""p2"": ""aplanado"", ""p3"": ""vertical""}"
millepora_complanata,Millepora complanata,Coral de Fuego Laminar,Milleporidae,Hidrocoral,"platos aplanados, color piedra.","{""p1"": ""no"", ""p2"": ""aplanado"", ""p3"": ""vertical""}"
millepora_complanata,Millepora complanata,Coral de Fuego Laminar,Milleporidae,Hidrocoral,Forma: láminas delgadas. Textura: colonias densas. Tono: café.,"{""p1"": ""no"", ""p2"": ""aplanado"", ""p3"": ""vertical""}"
millepora_complanata,Millepora complanata,Coral de Fuego Laminar,Milleporidae,Hidrocoral,Hidrocoral en forma de láminas verticales. Superficie porosa sin coralitos visibles. Produce urticación al contacto. Presenta color grisáceo y superficie porosa.,"{""p1"": ""no"", ""p2"": ""aplanado"", ""p3"": ""vertical""}"
millepora_complanata,Millepora complanata,Coral de Fuego Laminar,Milleporidae,Hidrocoral,Tipo: en forma de hoja. Color: crema.,"{""p1"": ""no"", ""p2"": ""aplanado"", ""p3"": ""vertical""}"
millepora_complanata,Millepora complanata,Coral de Fuego Laminar,Milleporidae,Hidrocoral,"Encontré esto: crecimiento en placas, color beige.","{""p1"": ""no"", ""p2"": ""aplanado"", ""p3"": ""vertical""}"
millepora_complanata,Millepora complanata,Coral de Fuego Laminar,Milleporidae,Hidrocoral,Hidrocoral en forma de láminas verticales. Superficie porosa sin coralitos visibles. Produce urticación al contacto. Presenta gris y poroso.,"{""p1"": ""no"", ""p2"": ""aplanado"", ""p3"": ""vertical""}"
millepora_complanata,Millepora complanata,Coral de Fuego Laminar,Milleporidae,Hidrocoral,Observamos como una hoja con coloración verdoso.,"{""p1"": ""no"", ""p2"": ""aplanado"", ""p3"": ""vertical""}"
millepora_complanata,Millepora complanata,Coral de Fuego Laminar,Milleporidae,Hidrocoral,Tipo: como papel. Color: color marrón claro.,"{""p1"": ""no"", ""p2"": ""aplanado"", ""p3"": ""vertical""}"
millepora_complanata,Millepora complanata,Coral de Fuego Laminar,Milleporidae,Hidrocoral,"Parece platos aplanados, como arena.","{""p1"": ""no"", ""p2"": ""aplanado"", ""p3"": ""vertical""}"
millepora_complanata,Millepora complanata,Coral de Fuego Laminar,Milleporidae,Hidrocoral,Hidrocoral en forma de láminas verticales. Superficie porosa sin coralitos visibles. Produce urticación al contacto. Presenta beige y esqueleto calcáreo.,"{""p1"": ""no"", ""p2"": ""aplanado"", ""p3"": ""vertical""}"
millepora_complanata,Millepora complanata,Coral de Fuego Laminar,Milleporidae,Hidrocoral,Hidrocoral en forma de láminas verticales. Superficie porosa sin coralitos visibles. Produce urticación al contacto. Presenta blanquecino y colonias densas.,"{""p1"": ""no"", ""p2"": ""aplanado"", ""p3"": ""vertical""}"
millepora_complanata,Millepora complanata,Coral de Fuego Laminar,Milleporidae,Hidrocoral,"Vi un coral fino como una hoja, parece color amarillento.","{""p1"": ""no"", ""p2"": ""aplanado"", ""p3"": ""vertical""}"
millepora_complanata,Millepora complanata,Coral de Fuego Laminar,Milleporidae,Hidrocoral,Un coral como una laja que es duro como roca.,"{""p1"": ""no"", ""p2"": ""aplanado"", ""p3"": ""vertical""}"
millepora_complanata,Millepora complanata,Coral de Fuego Laminar,Milleporidae,Hidrocoral,Uno como una tortilla que está rugoso.,"{""p1"": ""no"", ""p2"": ""aplanado"", ""p3"": ""vertical""}"
millepora_complanata,Millepora complanata,Coral de Fuego Laminar,Milleporidae,Hidrocoral,Observamos como una laja con coloración tonalidad verdosa.,"{""p1"": ""no"", ""p2"": ""aplanado"", ""p3"": ""vertical""}"
millepora_complanata,Millepora complanata,Coral de Fuego Laminar,Milleporidae,Hidrocoral,"Estaba buceando y vi parece una hoja, color marrón claro.","{""p1"": ""no"", ""p2"": ""aplanado"", ""p3"": ""vertical""}"
millepora_complanata,Millepora complanata,Coral de Fuego Laminar,Milleporidae,Hidrocoral,Un coral fino como una hoja que es rugoso.,"{""p1"": ""no"", ""p2"": ""aplanado"", ""p3"": ""vertical""}"
millepora_complanata,Millepora complanata,Coral de Fuego Laminar,Milleporidae,Hidrocoral,"Colonia como un disco característica, color grisáceo.","{""p1"": ""no"", ""p2"": ""aplanado"", ""p3"": ""vertical""}"
millepora_complanata,Millepora complanata,Coral de Fuego Laminar,Milleporidae,Hidrocoral,"Como como una tortilla, como esponja, color arena.","{""p1"": ""no"", ""p2"": ""aplanado"", ""p3"": ""vertical""}"
millepora_complanata,Millepora complanata,Coral de Fuego Laminar,Milleporidae,Hidrocoral,"Vi un coral láminas delgadas, parece color arena.","{""p1"": ""no"", ""p2"": ""aplanado"", ""p3"": ""vertical""}"
millepora_complanata,Millepora complanata,Coral de Fuego Laminar,Milleporidae,Hidrocoral,"Encontré esto: placa delgada, color beige.","{""p1"": ""no"", ""p2"": ""aplanado"", ""p3"": ""vertical""}"
millepora_complanata,Millepora complanata,Coral de Fuego Laminar,Milleporidae,Hidrocoral,Observamos láminas delgadas con coloración gris.,"{""p1"": ""no"", ""p2"": ""aplanado"", ""p3"": ""vertical""}"
millepora_complanata,Millepora complanata,Coral de Fuego Laminar,Milleporidae,Hidrocoral,Hidrocoral en forma de láminas verticales. Superficie porosa sin coralitos visibles. Produce urticación al contacto. Presenta color café claro y colonias densas.,"{""p1"": ""no"", ""p2"": ""aplanado"", ""p3"": ""vertical""}"
millepora_complanata,Millepora complanata,Coral de Fuego Laminar,Milleporidae,Hidrocoral,"Coral de tipo aspecto de hoja, textura áspera.","{""p1"": ""no"", ""p2"": ""aplanado"", ""p3"": ""vertical""}"
millepora_complanata,Millepora complanata,Coral de Fuego Laminar,Milleporidae,Hidrocoral,Es como láminas delgadas y es tonalidad verdosa.,"{""p1"": ""no"", ""p2"": ""aplanado"", ""p3"": ""vertical""}"
millepora_complanata,Millepora complanata,Coral de Fuego Laminar,Milleporidae,Hidrocoral,"Especie aplanado como un plato, tonalidad color café claro.","{""p1"": ""no"", ""p2"": ""aplanado"", ""p3"": ""vertical""}"
millepora_complanata,Millepora complanata,Coral de Fuego Laminar,Milleporidae,Hidrocoral,Forma: coral laminar. Textura: rugoso. Tono: blanquecino.,"{""p1"": ""no"", ""p2"": ""aplanado"", ""p3"": ""vertical""}"
millepora_complanata,Millepora complanata,Coral de Fuego Laminar,Milleporidae,Hidrocoral,Hidrocoral en forma de láminas verticales. Superficie porosa sin coralitos visibles. Produce urticación al contacto.,"{""p1"": ""no"", ""p2"": ""aplanado"", ""p3"": ""vertical""}"
millepora_complanata,Millepora complanata,Coral de Fuego Laminar,Milleporidae,Hidrocoral,"Como aspecto de hoja, superficie lisa, tonalidad verdosa.","{""p1"": ""no"", ""p2"": ""aplanado"", ""p3"": ""vertical""}"
millepora_complanata,Millepora complanata,Coral de Fuego Laminar,Milleporidae,Hidrocoral,"Vi un coral hojas delgadas, parece color marrón.","{""p1"": ""no"", ""p2"": ""aplanado"", ""p3"": ""vertical""}"
millepora_complanata,Millepora complanata,Coral de Fuego Laminar,Milleporidae,Hidrocoral,Hidrocoral en forma de láminas verticales. Superficie porosa sin coralitos visibles. Produce urticación al contacto. Presenta color tierra y superficie irregular.,"{""p1"": ""no"", ""p2"": ""aplanado"", ""p3"": ""vertical""}"
millepora_complanata,Millepora complanata,Coral de Fuego Laminar,Milleporidae,Hidrocoral,"Especie forma de lámina, tonalidad marrón.","{""p1"": ""no"", ""p2"": ""aplanado"", ""p3"": ""vertical""}"
millepora_complanata,Millepora complanata,Coral de Fuego Laminar,Milleporidae,Hidrocoral,Hidrocoral en forma de láminas verticales. Superficie porosa sin coralitos visibles. Produce urticación al contacto. Presenta café y colonias densas.,"{""p1"": ""no"", ""p2"": ""aplanado"", ""p3"": ""vertical""}"
millepora_complanata,Millepora complanata,Coral de Fuego Laminar,Milleporidae,Hidrocoral,Forma: como una tortilla. Textura: liso. Tono: gris.,"{""p1"": ""no"", ""p2"": ""aplanado"", ""p3"": ""vertical""}"
millepora_complanata,Millepora complanata,Coral de Fuego Laminar,Milleporidae,Hidrocoral,"Especie aspecto de hoja, tonalidad color marrón claro.","{""p1"": ""no"", ""p2"": ""aplanado"", ""p3"": ""vertical""}"
millepora_squarrosa,Millepora squarrosa,Coral de Fuego Irregular,Milleporidae,Hidrocoral,"Especie coral, tonalidad marrón.","{""p1"": ""no"", ""p2"": ""aplanado"", ""p3"": ""irregular""}"
millepora_squarrosa,Millepora squarrosa,Coral de Fuego Irregular,Milleporidae,Hidrocoral,"Vi un coral coral, parece color café.","{""p1"": ""no"", ""p2"": ""aplanado"", ""p3"": ""irregular""}"
millepora_squarrosa,Millepora squarrosa,Coral de Fuego Irregular,Milleporidae,Hidrocoral,Hidrocoral aplanado con superficie muy irregular. Superficie porosa sin coralitos visibles. Produce urticación al contacto.,"{""p1"": ""no"", ""p2"": ""aplanado"", ""p3"": ""irregular""}"
millepora_squarrosa,Millepora squarrosa,Coral de Fuego Irregular,Milleporidae,Hidrocoral,Hidrocoral aplanado con superficie muy irregular. Superficie porosa sin coralitos visibles. Produce urticación al contacto. Presenta color amarillento y como una roca.,"{""p1"": ""no"", ""p2"": ""aplanado"", ""p3"": ""irregular""}"
millepora_squarrosa,Millepora squarrosa,Coral de Fuego Irregular,Milleporidae,Hidrocoral,"Como coral, textura áspera, gris.","{""p1"": ""no"", ""p2"": ""aplanado"", ""p3"": ""irregular""}"
millepora_squarrosa,Millepora squarrosa,Coral de Fuego Irregular,Milleporidae,Hidrocoral,"Estaba buceando y vi coral, crema.","{""p1"": ""no"", ""p2"": ""aplanado"", ""p3"": ""irregular""}"
millepora_squarrosa,Millepora squarrosa,Coral de Fuego Irregular,Milleporidae,Hidrocoral,"Especie coral, tonalidad gris.","{""p1"": ""no"", ""p2"": ""aplanado"", ""p3"": ""irregular""}"
millepora_squarrosa,Millepora squarrosa,Coral de Fuego Irregular,Milleporidae,Hidrocoral,Hidrocoral aplanado con superficie muy irregular. Superficie porosa sin coralitos visibles. Produce urticación al contacto. Presenta tonalidad verdosa y esponjoso.,"{""p1"": ""no"", ""p2"": ""aplanado"", ""p3"": ""irregular""}"
millepora_squarrosa,Millepora squarrosa,Coral de Fuego Irregular,Milleporidae,Hidrocoral,Hidrocoral aplanado con superficie muy irregular. Superficie porosa sin coralitos visibles. Produce urticación al contacto. Presenta color marrón claro y superficie rugosa.,"{""p1"": ""no"", ""p2"": ""aplanado"", ""p3"": ""irregular""}"
millepora_squarrosa,Millepora squarrosa,Coral de Fuego Irregular,Milleporidae,Hidrocoral,Hidrocoral aplanado con superficie muy irregular. Superficie porosa sin coralitos visibles. Produce urticación al contacto. Presenta gris y superficie lisa.,"{""p1"": ""no"", ""p2"": ""aplanado"", ""p3"": ""irregular""}"
millepora_squarrosa,Millepora squarrosa,Coral de Fuego Irregular,Milleporidae,Hidrocoral,"Es un coral coral, esqueleto calcáreo, de color café.","{""p1"": ""no"", ""p2"": ""aplanado"", ""p3"": ""irregular""}"
millepora_squarrosa,Millepora squarrosa,Coral de Fuego Irregular,Milleporidae,Hidrocoral,"Parece coral, como arena.","{""p1"": ""no"", ""p2"": ""aplanado"", ""p3"": ""irregular""}"
millepora_squarrosa,Millepora squarrosa,Coral de Fuego Irregular,Milleporidae,Hidrocoral,Hidrocoral aplanado con superficie muy irregular. Superficie porosa sin coralitos visibles. Produce urticación al contacto. Presenta marrón y superficie lisa.,"{""p1"": ""no"", ""p2"": ""aplanado"", ""p3"": ""irregular""}"
millepora_squarrosa,Millepora squarrosa,Coral de Fuego Irregular,Milleporidae,Hidrocoral,"Estaba buceando y vi coral, amarillento.","{""p1"": ""no"", ""p2"": ""aplanado"", ""p3"": ""irregular""}"
millepora_squarrosa,Millepora squarrosa,Coral de Fuego Irregular,Milleporidae,Hidrocoral,"Es un coral coral, áspero al tacto, de color color grisáceo.","{""p1"": ""no"", ""p2"": ""aplanado"", ""p3"": ""irregular""}"
millepora_squarrosa,Millepora squarrosa,Coral de Fuego Irregular,Milleporidae,Hidrocoral,"coral, tono crema.","{""p1"": ""no"", ""p2"": ""aplanado"", ""p3"": ""irregular""}"
millepora_squarrosa,Millepora squarrosa,Coral de Fuego Irregular,Milleporidae,Hidrocoral,Forma: coral. Textura: como esponja. Tono: crema.,"{""p1"": ""no"", ""p2"": ""aplanado"", ""p3"": ""irregular""}"
millepora_squarrosa,Millepora squarrosa,Coral de Fuego Irregular,Milleporidae,Hidrocoral,"Es un coral coral, superficie lisa, de color gris.","{""p1"": ""no"", ""p2"": ""aplanado"", ""p3"": ""irregular""}"
millepora_squarrosa,Millepora squarrosa,Coral de Fuego Irregular,Milleporidae,Hidrocoral,"coral, tono gris.","{""p1"": ""no"", ""p2"": ""aplanado"", ""p3"": ""irregular""}"
millepora_squarrosa,Millepora squarrosa,Coral de Fuego Irregular,Milleporidae,Hidrocoral,Hidrocoral aplanado con superficie muy irregular. Superficie porosa sin coralitos visibles. Produce urticación al contacto. Presenta como arena y superficie lisa.,"{""p1"": ""no"", ""p2"": ""aplanado"", ""p3"": ""irregular""}"
millepora_squarrosa,Millepora squarrosa,Coral de Fuego Irregular,Milleporidae,Hidrocoral,Hidrocoral aplanado con superficie muy irregular. Superficie porosa sin coralitos visibles. Produce urticación al contacto. Presenta amarillento y áspero al tacto.,"{""p1"": ""no"", ""p2"": ""aplanado"", ""p3"": ""irregular""}"
millepora_squarrosa,Millepora squarrosa,Coral de Fuego Irregular,Milleporidae,Hidrocoral,"Especie coral, tonalidad color café claro.","{""p1"": ""no"", ""p2"": ""aplanado"", ""p3"": ""irregular""}"
millepora_squarrosa,Millepora squarrosa,Coral de Fuego Irregular,Milleporidae,Hidrocoral,Forma: coral. Textura: poroso. Tono: beige.,"{""p1"": ""no"", ""p2"": ""aplanado"", ""p3"": ""irregular""}"
millepora_squarrosa,Millepora squarrosa,Coral de Fuego Irregular,Milleporidae,Hidrocoral,"Colonia coral característica, amarillento.","{""p1"": ""no"", ""p2"": ""aplanado"", ""p3"": ""irregular""}"
millepora_squarrosa,Millepora squarrosa,Coral de Fuego Irregular,Milleporidae,Hidrocoral,Hidrocoral aplanado con superficie muy irregular. Superficie porosa sin coralitos visibles. Produce urticación al contacto. Presenta color marrón claro y colonias densas.,"{""p1"": ""no"", ""p2"": ""aplanado"", ""p3"": ""irregular""}"
millepora_squarrosa,Millepora squarrosa,Coral de Fuego Irregular,Milleporidae,Hidrocoral,Hidrocoral aplanado con superficie muy irregular. Superficie porosa sin coralitos visibles. Produce urticación al contacto. Presenta blanquecino y rugoso.,"{""p1"": ""no"", ""p2"": ""aplanado"", ""p3"": ""irregular""}"
millepora_squarrosa,Millepora squarrosa,Coral de Fuego Irregular,Milleporidae,Hidrocoral,"coral, color café.","{""p1"": ""no"", ""p2"": ""aplanado"", ""p3"": ""irregular""}"
millepora_squarrosa,Millepora squarrosa,Coral de Fuego Irregular,Milleporidae,Hidrocoral,Hidrocoral aplanado con superficie muy irregular. Superficie porosa sin coralitos visibles. Produce urticación al contacto. Presenta color marrón claro y áspero al tacto.,"{""p1"": ""no"", ""p2"": ""aplanado"", ""p3"": ""irregular""}"
millepora_squarrosa,Millepora squarrosa,Coral de Fuego Irregular,Milleporidae,Hidrocoral,Observamos coral con coloración color arena.,"{""p1"": ""no"", ""p2"": ""aplanado"", ""p3"": ""irregular""}"
millepora_squarrosa,Millepora squarrosa,Coral de Fuego Irregular,Milleporidae,Hidrocoral,Es como coral y es café.,"{""p1"": ""no"", ""p2"": ""aplanado"", ""p3"": ""irregular""}"
millepora_squarrosa,Millepora squarrosa,Coral de Fuego Irregular,Milleporidae,Hidrocoral,Es como coral y es color piedra.,"{""p1"": ""no"", ""p2"": ""aplanado"", ""p3"": ""irregular""}"
millepora_squarrosa,Millepora squarrosa,Coral de Fuego Irregular,Milleporidae,Hidrocoral,Tipo: coral. Color: color café.,"{""p1"": ""no"", ""p2"": ""aplanado"", ""p3"": ""irregular""}"
millepora_squarrosa,Millepora squarrosa,Coral de Fuego Irregular,Milleporidae,Hidrocoral,"Encontré esto: coral, color gris.","{""p1"": ""no"", ""p2"": ""aplanado"", ""p3"": ""irregular""}"
millepora_squarrosa,Millepora squarrosa,Coral de Fuego Irregular,Milleporidae,Hidrocoral,"coral, tono color tierra.","{""p1"": ""no"", ""p2"": ""aplanado"", ""p3"": ""irregular""}"
millepora_squarrosa,Millepora squarrosa,Coral de Fuego Irregular,Milleporidae,Hidrocoral,Uno coral que está como una roca.,"{""p1"": ""no"", ""p2"": ""aplanado"", ""p3"": ""irregular""}"
millepora_squarrosa,Millepora squarrosa,Coral de Fuego Irregular,Milleporidae,Hidrocoral,Hidrocoral aplanado con superficie muy irregular. Superficie porosa sin coralitos visibles. Produce urticación al contacto. Presenta color grisáceo y como esponja.,"{""p1"": ""no"", ""p2"": ""aplanado"", ""p3"": ""irregular""}"
millepora_squarrosa,Millepora squarrosa,Coral de Fuego Irregular,Milleporidae,Hidrocoral,Hidrocoral aplanado con superficie muy irregular. Superficie porosa sin coralitos visibles. Produce urticación al contacto. Presenta blanquecino y superficie porosa.,"{""p1"": ""no"", ""p2"": ""aplanado"", ""p3"": ""irregular""}"
millepora_squarrosa,Millepora squarrosa,Coral de Fuego Irregular,Milleporidae,Hidrocoral,Hidrocoral aplanado con superficie muy irregular. Superficie porosa sin coralitos visibles. Produce urticación al contacto. Presenta crema y superficie uniforme.,"{""p1"": ""no"", ""p2"": ""aplanado"", ""p3"": ""irregular""}"
millepora_squarrosa,Millepora squarrosa,Coral de Fuego Irregular,Milleporidae,Hidrocoral,Un coral coral que es superficie porosa.,"{""p1"": ""no"", ""p2"": ""aplanado"", ""p3"": ""irregular""}"
millepora_squarrosa,Millepora squarrosa,Coral de Fuego Irregular,Milleporidae,Hidrocoral,Es como coral y es color marrón claro.,"{""p1"": ""no"", ""p2"": ""aplanado"", ""p3"": ""irregular""}"
millepora_squarrosa,Millepora squarrosa,Coral de Fuego Irregular,Milleporidae,Hidrocoral,"Es un coral coral, textura áspera, de color color marrón claro.","{""p1"": ""no"", ""p2"": ""aplanado"", ""p3"": ""irregular""}"
millepora_squarrosa,Millepora squarrosa,Coral de Fuego Irregular,Milleporidae,Hidrocoral,"Vi un coral coral, parece tonalidad verdosa.","{""p1"": ""no"", ""p2"": ""aplanado"", ""p3"": ""irregular""}"
millepora_squarrosa,Millepora squarrosa,Coral de Fuego Irregular,Milleporidae,Hidrocoral,Hidrocoral aplanado con superficie muy irregular. Superficie porosa sin coralitos visibles. Produce urticación al contacto. Presenta tonalidad verdosa y duro como roca.,"{""p1"": ""no"", ""p2"": ""aplanado"", ""p3"": ""irregular""}"
millepora_squarrosa,Millepora squarrosa,Coral de Fuego Irregular,Milleporidae,Hidrocoral,Uno coral que está como esponja.,"{""p1"": ""no"", ""p2"": ""aplanado"", ""p3"": ""irregular""}"
millepora_squarrosa,Millepora squarrosa,Coral de Fuego Irregular,Milleporidae,Hidrocoral,"Especie coral, tonalidad blanquecino.","{""p1"": ""no"", ""p2"": ""aplanado"", ""p3"": ""irregular""}"
millepora_squarrosa,Millepora squarrosa,Coral de Fuego Irregular,Milleporidae,Hidrocoral,Hidrocoral aplanado con superficie muy irregular. Superficie porosa sin coralitos visibles. Produce urticación al contacto. Presenta color café claro y superficie uniforme.,"{""p1"": ""no"", ""p2"": ""aplanado"", ""p3"": ""irregular""}"
millepora_squarrosa,Millepora squarrosa,Coral de Fuego Irregular,Milleporidae,Hidrocoral,"Especie coral, tonalidad color marrón claro.","{""p1"": ""no"", ""p2"": ""aplanado"", ""p3"": ""irregular""}"
millepora_squarrosa,Millepora squarrosa,Coral de Fuego Irregular,Milleporidae,Hidrocoral,Tipo: coral. Color: color piedra.,"{""p1"": ""no"", ""p2"": ""aplanado"", ""p3"": ""irregular""}"
millepora_squarrosa,Millepora squarrosa,Coral de Fuego Irregular,Milleporidae,Hidrocoral,"coral, color amarillento.","{""p1"": ""no"", ""p2"": ""aplanado"", ""p3"": ""irregular""}"
millepora_squarrosa,Millepora squarrosa,Coral de Fuego Irregular,Milleporidae,Hidrocoral,"Especie coral, tonalidad crema.","{""p1"": ""no"", ""p2"": ""aplanado"", ""p3"": ""irregular""}"
millepora_squarrosa,Millepora squarrosa,Coral de Fuego Irregular,Milleporidae,Hidrocoral,Es como coral y es color grisáceo.,"{""p1"": ""no"", ""p2"": ""aplanado"", ""p3"": ""irregular""}"
stylaster_roseus,Stylaster roseus,Coral de Rosario,Stylasteridae,Hidrocoral,Hidrocoral con ramificaciones finas y delicadas. Coloración rosada o anaranjada. Habita en zonas profundas. Presenta amarillento y textura áspera.,"{""p1"": ""no"", ""p2"": ""incrustante""}"
stylaster_roseus,Stylaster roseus,Coral de Rosario,Stylasteridae,Hidrocoral,Un coral se extiende como ramas que es textura áspera.,"{""p1"": ""no"", ""p2"": ""incrustante""}"
stylaster_roseus,Stylaster roseus,Coral de Rosario,Stylasteridae,Hidrocoral,"Como como dedos que salen, como una roca, color marrón claro.","{""p1"": ""no"", ""p2"": ""incrustante""}"
stylaster_roseus,Stylaster roseus,Coral de Rosario,Stylasteridae,Hidrocoral,Observamos como dedos que salen con coloración color café claro.,"{""p1"": ""no"", ""p2"": ""incrustante""}"
stylaster_roseus,Stylaster roseus,Coral de Rosario,Stylasteridae,Hidrocoral,"Coral de tipo forma de ramas, colonias densas.","{""p1"": ""no"", ""p2"": ""incrustante""}"
stylaster_roseus,Stylaster roseus,Coral de Rosario,Stylasteridae,Hidrocoral,Hidrocoral con ramificaciones finas y delicadas. Coloración rosada o anaranjada. Habita en zonas profundas. Presenta color tierra y superficie irregular.,"{""p1"": ""no"", ""p2"": ""incrustante""}"
stylaster_roseus,Stylaster roseus,Coral de Rosario,Stylasteridae,Hidrocoral,Es como coral de dedos y es color marrón claro.,"{""p1"": ""no"", ""p2"": ""incrustante""}"
stylaster_roseus,Stylaster roseus,Coral de Rosario,Stylasteridae,Hidrocoral,Tipo: tiene ramitas. Color: color café claro.,"{""p1"": ""no"", ""p2"": ""incrustante""}"
stylaster_roseus,Stylaster roseus,Coral de Rosario,Stylasteridae,Hidrocoral,Hidrocoral con ramificaciones finas y delicadas. Coloración rosada o anaranjada. Habita en zonas profundas. Presenta crema y poroso.,"{""p1"": ""no"", ""p2"": ""incrustante""}"
stylaster_roseus,Stylaster roseus,Coral de Rosario,Stylasteridae,Hidrocoral,"Coral de tipo crecimiento arbustivo, superficie porosa.","{""p1"": ""no"", ""p2"": ""incrustante""}"
stylaster_roseus,Stylaster roseus,Coral de Rosario,Stylasteridae,Hidrocoral,Hidrocoral con ramificaciones finas y delicadas. Coloración rosada o anaranjada. Habita en zonas profundas. Presenta gris y textura áspera.,"{""p1"": ""no"", ""p2"": ""incrustante""}"
stylaster_roseus,Stylaster roseus,Coral de Rosario,Stylasteridae,Hidrocoral,Hidrocoral con ramificaciones finas y delicadas. Coloración rosada o anaranjada. Habita en zonas profundas. Presenta crema y colonias densas.,"{""p1"": ""no"", ""p2"": ""incrustante""}"
stylaster_roseus,Stylaster roseus,Coral de Rosario,Stylasteridae,Hidrocoral,"Como crecimiento arbustivo, áspero al tacto, color grisáceo.","{""p1"": ""no"", ""p2"": ""incrustante""}"
stylaster_roseus,Stylaster roseus,Coral de Rosario,Stylasteridae,Hidrocoral,"Coral de tipo parece un arbusto, como esponja.","{""p1"": ""no"", ""p2"": ""incrustante""}"
stylaster_roseus,Stylaster roseus,Coral de Rosario,Stylasteridae,Hidrocoral,"Vi un coral ramas como cuernos, parece color café.","{""p1"": ""no"", ""p2"": ""incrustante""}"
stylaster_roseus,Stylaster roseus,Coral de Rosario,Stylasteridae,Hidrocoral,Hidrocoral con ramificaciones finas y delicadas. Coloración rosada o anaranjada. Habita en zonas profundas. Presenta amarillento y liso.,"{""p1"": ""no"", ""p2"": ""incrustante""}"
stylaster_roseus,Stylaster roseus,Coral de Rosario,Stylasteridae,Hidrocoral,"Es un coral tiene ramitas, áspero al tacto, de color color amarillento.","{""p1"": ""no"", ""p2"": ""incrustante""}"
stylaster_roseus,Stylaster roseus,Coral de Rosario,Stylasteridae,Hidrocoral,Hidrocoral con ramificaciones finas y delicadas. Coloración rosada o anaranjada. Habita en zonas profundas. Presenta color arena y textura áspera.,"{""p1"": ""no"", ""p2"": ""incrustante""}"
stylaster_roseus,Stylaster roseus,Coral de Rosario,Stylasteridae,Hidrocoral,"Como ramificaciones, superficie porosa, color piedra.","{""p1"": ""no"", ""p2"": ""incrustante""}"
stylaster_roseus,Stylaster roseus,Coral de Rosario,Stylasteridae,Hidrocoral,"Es un coral brazos que salen, liso, de color gris.","{""p1"": ""no"", ""p2"": ""incrustante""}"
stylaster_roseus,Stylaster roseus,Coral de Rosario,Stylasteridae,Hidrocoral,Forma: forma de candelabro. Textura: áspero al tacto. Tono: color piedra.,"{""p1"": ""no"", ""p2"": ""incrustante""}"
stylaster_roseus,Stylaster roseus,Coral de Rosario,Stylasteridae,Hidrocoral,Hidrocoral con ramificaciones finas y delicadas. Coloración rosada o anaranjada. Habita en zonas profundas. Presenta color piedra y áspero al tacto.,"{""p1"": ""no"", ""p2"": ""incrustante""}"
stylaster_roseus,Stylaster roseus,Coral de Rosario,Stylasteridae,Hidrocoral,Hidrocoral con ramificaciones finas y delicadas. Coloración rosada o anaranjada. Habita en zonas profundas. Presenta color tierra y colonias densas.,"{""p1"": ""no"", ""p2"": ""incrustante""}"
stylaster_roseus,Stylaster roseus,Coral de Rosario,Stylasteridae,Hidrocoral,Un coral crecimiento arbustivo que es superficie porosa.,"{""p1"": ""no"", ""p2"": ""incrustante""}"
stylaster_roseus,Stylaster roseus,Coral de Rosario,Stylasteridae,Hidrocoral,"Colonia crecimiento arbustivo característica, amarillento.","{""p1"": ""no"", ""p2"": ""incrustante""}"
stylaster_roseus,Stylaster roseus,Coral de Rosario,Stylasteridae,Hidrocoral,"Colonia parece un arbusto característica, color marrón claro.","{""p1"": ""no"", ""p2"": ""incrustante""}"
stylaster_roseus,Stylaster roseus,Coral de Rosario,Stylasteridae,Hidrocoral,Hidrocoral con ramificaciones finas y delicadas. Coloración rosada o anaranjada. Habita en zonas profundas.,"{""p1"": ""no"", ""p2"": ""incrustante""}"
stylaster_roseus,Stylaster roseus,Coral de Rosario,Stylasteridae,Hidrocoral,Forma: forma de candelabro. Textura: esponjoso. Tono: color tierra.,"{""p1"": ""no"", ""p2"": ""incrustante""}"
stylaster_roseus,Stylaster roseus,Coral de Rosario,Stylasteridae,Hidrocoral,"Como estructura ramificada, superficie irregular, color marrón claro.","{""p1"": ""no"", ""p2"": ""incrustante""}"
stylaster_roseus,Stylaster roseus,Coral de Rosario,Stylasteridae,Hidrocoral,Hidrocoral con ramificaciones finas y delicadas. Coloración rosada o anaranjada. Habita en zonas profundas. Presenta color café y superficie irregular.,"{""p1"": ""no"", ""p2"": ""incrustante""}"
stylaster_roseus,Stylaster roseus,Coral de Rosario,Stylasteridae,Hidrocoral,Forma: estructura ramificada. Textura: rugoso. Tono: color café claro.,"{""p1"": ""no"", ""p2"": ""incrustante""}"
stylaster_roseus,Stylaster roseus,Coral de Rosario,Stylasteridae,Hidrocoral,"Especie brazos que salen, tonalidad tonalidad verdosa.","{""p1"": ""no"", ""p2"": ""incrustante""}"
stylaster_roseus,Stylaster roseus,Coral de Rosario,Stylasteridae,Hidrocoral,Tipo: coral ramificado. Color: blanquecino.,"{""p1"": ""no"", ""p2"": ""incrustante""}"
stylaster_roseus,Stylaster roseus,Coral de Rosario,Stylasteridae,Hidrocoral,Un coral parece un arbusto que es áspero al tacto.,"{""p1"": ""no"", ""p2"": ""incrustante""}"
stylaster_roseus,Stylaster roseus,Coral de Rosario,Stylasteridae,Hidrocoral,Hidrocoral con ramificaciones finas y delicadas. Coloración rosada o anaranjada. Habita en zonas profundas. Presenta color marrón y áspero al tacto.,"{""p1"": ""no"", ""p2"": ""incrustante""}"
stylaster_roseus,Stylaster roseus,Coral de Rosario,Stylasteridae,Hidrocoral,"ramas coralinas, color café claro.","{""p1"": ""no"", ""p2"": ""incrustante""}"
stylaster_roseus,Stylaster roseus,Coral de Rosario,Stylasteridae,Hidrocoral,"Coral de tipo crecimiento arbustivo, como esponja.","{""p1"": ""no"", ""p2"": ""incrustante""}"
stylaster_roseus,Stylaster roseus,Coral de Rosario,Stylasteridae,Hidrocoral,Hidrocoral con ramificaciones finas y delicadas. Coloración rosada o anaranjada. Habita en zonas profundas. Presenta color piedra y textura áspera.,"{""p1"": ""no"", ""p2"": ""incrustante""}"
stylaster_roseus,Stylaster roseus,Coral de Rosario,Stylasteridae,Hidrocoral,Hidrocoral con ramificaciones finas y delicadas. Coloración rosada o anaranjada. Habita en zonas profundas. Presenta tonalidad verdosa y superficie rugosa.,"{""p1"": ""no"", ""p2"": ""incrustante""}"
stylaster_roseus,Stylaster roseus,Coral de Rosario,Stylasteridae,Hidrocoral,Hidrocoral con ramificaciones finas y delicadas. Coloración rosada o anaranjada. Habita en zonas profundas. Presenta café y liso.,"{""p1"": ""no"", ""p2"": ""incrustante""}"
stylaster_roseus,Stylaster roseus,Coral de Rosario,Stylasteridae,Hidrocoral,"Colonia tiene ramitas característica, marrón.","{""p1"": ""no"", ""p2"": ""incrustante""}"
stylaster_roseus,Stylaster roseus,Coral de Rosario,Stylasteridae,Hidrocoral,Forma: forma de candelabro. Textura: duro como roca. Tono: marrón.,"{""p1"": ""no"", ""p2"": ""incrustante""}"
stylaster_roseus,Stylaster roseus,Coral de Rosario,Stylasteridae,Hidrocoral,Uno forma de ramas que está colonias densas.,"{""p1"": ""no"", ""p2"": ""incrustante""}"
stylaster_roseus,Stylaster roseus,Coral de Rosario,Stylasteridae,Hidrocoral,Observamos con muchas ramificaciones con coloración como arena.,"{""p1"": ""no"", ""p2"": ""incrustante""}"
stylaster_roseus,Stylaster roseus,Coral de Rosario,Stylasteridae,Hidrocoral,"Es un coral coral de dedos, poroso, de color tonalidad verdosa.","{""p1"": ""no"", ""p2"": ""incrustante""}"
stylaster_roseus,Stylaster roseus,Coral de Rosario,Stylasteridae,Hidrocoral,"Es un coral ramificaciones, superficie porosa, de color color tierra.","{""p1"": ""no"", ""p2"": ""incrustante""}"
stylaster_roseus,Stylaster roseus,Coral de Rosario,Stylasteridae,Hidrocoral,Es como con muchas ramificaciones y es color café.,"{""p1"": ""no"", ""p2"": ""incrustante""}"
stylaster_roseus,Stylaster roseus,Coral de Rosario,Stylasteridae,Hidrocoral,"Encontré esto: ramas finas, color como arena.","{""p1"": ""no"", ""p2"": ""incrustante""}"
stylaster_roseus,Stylaster roseus,Coral de Rosario,Stylasteridae,Hidrocoral,"Es un coral ramas como cuernos, rugoso, de color color tierra.","{""p1"": ""no"", ""p2"": ""incrustante""}"
stylaster_roseus,Stylaster roseus,Coral de Rosario,Stylasteridae,Hidrocoral,Hidrocoral con ramificaciones finas y delicadas. Coloración rosada o anaranjada. Habita en zonas profundas. Presenta café y áspero al tacto.,"{""p1"": ""no"", ""p2"": ""incrustante""}"
stylaster_roseus,Stylaster roseus,Coral de Rosario,Stylasteridae,Hidrocoral,"Vi un coral forma de candelabro, parece café.","{""p1"": ""no"", ""p2"": ""incrustante""}"
acropora_palmata,Acropora palmata,Coral Orejón o Cuerno de Alce,Acroporidae,Escleractinio,Observamos parece un arbusto con coloración color marrón y copas distribuidas por toda la superficie.,"{""p1"": ""s"", ""p4"": ""colonial"", ""p6"": ""ramificado"", ""p7"": ""toda"", ""p10"": ""cilindricas"", ""p11"": ""abanico""}"
acropora_palmata,Acropora palmata,Coral Orejón o Cuerno de Alce,Acroporidae,Escleractinio,"Especie brazos que salen, tonalidad color marrón claro y hoyitos en toda la rama.","{""p1"": ""s"", ""p4"": ""colonial"", ""p6"": ""ramificado"", ""p7"": ""toda"", ""p10"": ""cilindricas"", ""p11"": ""abanico""}"
acropora_palmata,Acropora palmata,Coral Orejón o Cuerno de Alce,Acroporidae,Escleractinio,Coral pétreo con ramas aplanadas en forma de paleta o abanico. Principal constructor de arrecifes en zonas someras. Presenta color marrón y como esponja y coralitos en toda la superficie.,"{""p1"": ""s"", ""p4"": ""colonial"", ""p6"": ""ramificado"", ""p7"": ""toda"", ""p10"": ""cilindricas"", ""p11"": ""abanico""}"
acropora_palmata,Acropora palmata,Coral Orejón o Cuerno de Alce,Acroporidae,Escleractinio,"Colonia parece un árbol pequeño característica, café y copas distribuidas por toda la superficie.","{""p1"": ""s"", ""p4"": ""colonial"", ""p6"": ""ramificado"", ""p7"": ""toda"", ""p10"": ""cilindricas"", ""p11"": ""abanico""}"
acropora_palmata,Acropora palmata,Coral Orejón o Cuerno de Alce,Acroporidae,Escleractinio,"Especie plano y ancho, tonalidad color marrón y coralitos en toda la superficie.","{""p1"": ""s"", ""p4"": ""colonial"", ""p6"": ""ramificado"", ""p7"": ""toda"", ""p10"": ""cilindricas"", ""p11"": ""abanico""}"
acropora_palmata,Acropora palmata,Coral Orejón o Cuerno de Alce,Acroporidae,Escleractinio,"crecimiento arbustivo, tono marrón y copas distribuidas por toda la superficie.","{""p1"": ""s"", ""p4"": ""colonial"", ""p6"": ""ramificado"", ""p7"": ""toda"", ""p10"": ""cilindricas"", ""p11"": ""abanico""}"
acropora_palmata,Acropora palmata,Coral Orejón o Cuerno de Alce,Acroporidae,Escleractinio,"Estaba buceando y vi como paleta, color arena y hoyitos en toda la rama.","{""p1"": ""s"", ""p4"": ""colonial"", ""p6"": ""ramificado"", ""p7"": ""toda"", ""p10"": ""cilindricas"", ""p11"": ""abanico""}"
acropora_palmata,Acropora palmata,Coral Orejón o Cuerno de Alce,Acroporidae,Escleractinio,Forma: tiene ramitas. Textura: duro como roca. Tono: color tierra y poros por toda la rama.,"{""p1"": ""s"", ""p4"": ""colonial"", ""p6"": ""ramificado"", ""p7"": ""toda"", ""p10"": ""cilindricas"", ""p11"": ""abanico""}"
acropora_palmata,Acropora palmata,Coral Orejón o Cuerno de Alce,Acroporidae,Escleractinio,Coral pétreo con ramas aplanadas en forma de paleta o abanico. Principal constructor de arrecifes en zonas someras. Presenta café y poroso y copas distribuidas por toda la superficie.,"{""p1"": ""s"", ""p4"": ""colonial"", ""p6"": ""ramificado"", ""p7"": ""toda"", ""p10"": ""cilindricas"", ""p11"": ""abanico""}"
acropora_palmata,Acropora palmata,Coral Orejón o Cuerno de Alce,Acroporidae,Escleractinio,Observamos parece un árbol pequeño con coloración blanquecino y coralitos en toda la rama.,"{""p1"": ""s"", ""p4"": ""colonial"", ""p6"": ""ramificado"", ""p7"": ""toda"", ""p10"": ""cilindricas"", ""p11"": ""abanico""}"
acropora_palmata,Acropora palmata,Coral Orejón o Cuerno de Alce,Acroporidae,Escleractinio,Un coral parece un arbusto que es colonias densas y copas distribuidas por toda la superficie.,"{""p1"": ""s"", ""p4"": ""colonial"", ""p6"": ""ramificado"", ""p7"": ""toda"", ""p10"": ""cilindricas"", ""p11"": ""abanico""}"
acropora_palmata,Acropora palmata,Coral Orejón o Cuerno de Alce,Acroporidae,Escleractinio,Coral pétreo con ramas aplanadas en forma de paleta o abanico. Principal constructor de arrecifes en zonas someras. Presenta color piedra y superficie porosa y coralitos en toda la superficie.,"{""p1"": ""s"", ""p4"": ""colonial"", ""p6"": ""ramificado"", ""p7"": ""toda"", ""p10"": ""cilindricas"", ""p11"": ""abanico""}"
acropora_palmata,Acropora palmata,Coral Orejón o Cuerno de Alce,Acroporidae,Escleractinio,Coral pétreo con ramas aplanadas en forma de paleta o abanico. Principal constructor de arrecifes en zonas someras. Presenta color piedra y rugoso y hoyitos en toda la rama.,"{""p1"": ""s"", ""p4"": ""colonial"", ""p6"": ""ramificado"", ""p7"": ""toda"", ""p10"": ""cilindricas"", ""p11"": ""abanico""}"
acropora_palmata,Acropora palmata,Coral Orejón o Cuerno de Alce,Acroporidae,Escleractinio,Coral pétreo con ramas aplanadas en forma de paleta o abanico. Principal constructor de arrecifes en zonas someras. Presenta beige y colonias densas y copas distribuidas por toda la superficie.,"{""p1"": ""s"", ""p4"": ""colonial"", ""p6"": ""ramificado"", ""p7"": ""toda"", ""p10"": ""cilindricas"", ""p11"": ""abanico""}"
acropora_palmata,Acropora palmata,Coral Orejón o Cuerno de Alce,Acroporidae,Escleractinio,"Vi un coral ramas como cuernos, parece verdoso y copas distribuidas por toda la superficie.","{""p1"": ""s"", ""p4"": ""colonial"", ""p6"": ""ramificado"", ""p7"": ""toda"", ""p10"": ""cilindricas"", ""p11"": ""abanico""}"
acropora_palmata,Acropora palmata,Coral Orejón o Cuerno de Alce,Acroporidae,Escleractinio,Coral pétreo con ramas aplanadas en forma de paleta o abanico. Principal constructor de arrecifes en zonas someras. Presenta amarillento y esponjoso y hoyitos en toda la rama.,"{""p1"": ""s"", ""p4"": ""colonial"", ""p6"": ""ramificado"", ""p7"": ""toda"", ""p10"": ""cilindricas"", ""p11"": ""abanico""}"
acropora_palmata,Acropora palmata,Coral Orejón o Cuerno de Alce,Acroporidae,Escleractinio,"Como plano y ancho, liso, color café y coralitos en toda la rama.","{""p1"": ""s"", ""p4"": ""colonial"", ""p6"": ""ramificado"", ""p7"": ""toda"", ""p10"": ""cilindricas"", ""p11"": ""abanico""}"
acropora_palmata,Acropora palmata,Coral Orejón o Cuerno de Alce,Acroporidae,Escleractinio,Tipo: parece una mano abierta. Color: color café claro y coralitos en toda la superficie.,"{""p1"": ""s"", ""p4"": ""colonial"", ""p6"": ""ramificado"", ""p7"": ""toda"", ""p10"": ""cilindricas"", ""p11"": ""abanico""}"
acropora_palmata,Acropora palmata,Coral Orejón o Cuerno de Alce,Acroporidae,Escleractinio,Es como parece un arbusto y es tonalidad verdosa y hoyitos en toda la rama.,"{""p1"": ""s"", ""p4"": ""colonial"", ""p6"": ""ramificado"", ""p7"": ""toda"", ""p10"": ""cilindricas"", ""p11"": ""abanico""}"
acropora_palmata,Acropora palmata,Coral Orejón o Cuerno de Alce,Acroporidae,Escleractinio,"Estaba buceando y vi ramificaciones, tonalidad verdosa y coralitos en toda la superficie.","{""p1"": ""s"", ""p4"": ""colonial"", ""p6"": ""ramificado"", ""p7"": ""toda"", ""p10"": ""cilindricas"", ""p11"": ""abanico""}"
acropora_palmata,Acropora palmata,Coral Orejón o Cuerno de Alce,Acroporidae,Escleractinio,Tipo: en abanico. Color: tonalidad verdosa y copas distribuidas por toda la superficie.,"{""p1"": ""s"", ""p4"": ""colonial"", ""p6"": ""ramificado"", ""p7"": ""toda"", ""p10"": ""cilindricas"", ""p11"": ""abanico""}"
acropora_palmata,Acropora palmata,Coral Orejón o Cuerno de Alce,Acroporidae,Escleractinio,Coral pétreo con ramas aplanadas en forma de paleta o abanico. Principal constructor de arrecifes en zonas someras. Presenta color arena y liso y hoyitos en toda la rama.,"{""p1"": ""s"", ""p4"": ""colonial"", ""p6"": ""ramificado"", ""p7"": ""toda"", ""p10"": ""cilindricas"", ""p11"": ""abanico""}"
acropora_palmata,Acropora palmata,Coral Orejón o Cuerno de Alce,Acroporidae,Escleractinio,"Parece coral ramificado, color café claro y coralitos en toda la rama.","{""p1"": ""s"", ""p4"": ""colonial"", ""p6"": ""ramificado"", ""p7"": ""toda"", ""p10"": ""cilindricas"", ""p11"": ""abanico""}"
acropora_palmata,Acropora palmata,Coral Orejón o Cuerno de Alce,Acroporidae,Escleractinio,Coral pétreo con ramas aplanadas en forma de paleta o abanico. Principal constructor de arrecifes en zonas someras. Presenta marrón y superficie lisa y coralitos en toda la rama.,"{""p1"": ""s"", ""p4"": ""colonial"", ""p6"": ""ramificado"", ""p7"": ""toda"", ""p10"": ""cilindricas"", ""p11"": ""abanico""}"
acropora_palmata,Acropora palmata,Coral Orejón o Cuerno de Alce,Acroporidae,Escleractinio,"Estaba buceando y vi tiene ramitas, color grisáceo y coralitos en toda la superficie.","{""p1"": ""s"", ""p4"": ""colonial"", ""p6"": ""ramificado"", ""p7"": ""toda"", ""p10"": ""cilindricas"", ""p11"": ""abanico""}"
acropora_palmata,Acropora palmata,Coral Orejón o Cuerno de Alce,Acroporidae,Escleractinio,"Como parece un árbol pequeño, como una roca, café y coralitos en toda la superficie.","{""p1"": ""s"", ""p4"": ""colonial"", ""p6"": ""ramificado"", ""p7"": ""toda"", ""p10"": ""cilindricas"", ""p11"": ""abanico""}"
acropora_palmata,Acropora palmata,Coral Orejón o Cuerno de Alce,Acroporidae,Escleractinio,"Estaba buceando y vi como paletas, color café claro y coralitos en toda la rama.","{""p1"": ""s"", ""p4"": ""colonial"", ""p6"": ""ramificado"", ""p7"": ""toda"", ""p10"": ""cilindricas"", ""p11"": ""abanico""}"
acropora_palmata,Acropora palmata,Coral Orejón o Cuerno de Alce,Acroporidae,Escleractinio,Coral pétreo con ramas aplanadas en forma de paleta o abanico. Principal constructor de arrecifes en zonas someras. Presenta café y superficie lisa y hoyitos en toda la rama.,"{""p1"": ""s"", ""p4"": ""colonial"", ""p6"": ""ramificado"", ""p7"": ""toda"", ""p10"": ""cilindricas"", ""p11"": ""abanico""}"
acropora_palmata,Acropora palmata,Coral Orejón o Cuerno de Alce,Acroporidae,Escleractinio,Tipo: forma de abanico. Color: color café y poros por toda la rama.,"{""p1"": ""s"", ""p4"": ""colonial"", ""p6"": ""ramificado"", ""p7"": ""toda"", ""p10"": ""cilindricas"", ""p11"": ""abanico""}"
acropora_palmata,Acropora palmata,Coral Orejón o Cuerno de Alce,Acroporidae,Escleractinio,"Coral de tipo como paletas, superficie irregular y coralitos en toda la rama.","{""p1"": ""s"", ""p4"": ""colonial"", ""p6"": ""ramificado"", ""p7"": ""toda"", ""p10"": ""cilindricas"", ""p11"": ""abanico""}"
acropora_palmata,Acropora palmata,Coral Orejón o Cuerno de Alce,Acroporidae,Escleractinio,Coral pétreo con ramas aplanadas en forma de paleta o abanico. Principal constructor de arrecifes en zonas someras.,"{""p1"": ""s"", ""p4"": ""colonial"", ""p6"": ""ramificado"", ""p7"": ""toda"", ""p10"": ""cilindricas"", ""p11"": ""abanico""}"
acropora_palmata,Acropora palmata,Coral Orejón o Cuerno de Alce,Acroporidae,Escleractinio,"Estaba buceando y vi ramas finas, beige y copas distribuidas por toda la superficie.","{""p1"": ""s"", ""p4"": ""colonial"", ""p6"": ""ramificado"", ""p7"": ""toda"", ""p10"": ""cilindricas"", ""p11"": ""abanico""}"
acropora_palmata,Acropora palmata,Coral Orejón o Cuerno de Alce,Acroporidae,Escleractinio,"Estaba buceando y vi ramas como cuernos, color café y coralitos en toda la rama.","{""p1"": ""s"", ""p4"": ""colonial"", ""p6"": ""ramificado"", ""p7"": ""toda"", ""p10"": ""cilindricas"", ""p11"": ""abanico""}"
acropora_palmata,Acropora palmata,Coral Orejón o Cuerno de Alce,Acroporidae,Escleractinio,Es como como paletas y es color grisáceo y coralitos en toda la rama.,"{""p1"": ""s"", ""p4"": ""colonial"", ""p6"": ""ramificado"", ""p7"": ""toda"", ""p10"": ""cilindricas"", ""p11"": ""abanico""}"
acropora_palmata,Acropora palmata,Coral Orejón o Cuerno de Alce,Acroporidae,Escleractinio,"ramas, crema y coralitos en toda la superficie.","{""p1"": ""s"", ""p4"": ""colonial"", ""p6"": ""ramificado"", ""p7"": ""toda"", ""p10"": ""cilindricas"", ""p11"": ""abanico""}"
acropora_palmata,Acropora palmata,Coral Orejón o Cuerno de Alce,Acroporidae,Escleractinio,"Parece plano y ancho, tonalidad verdosa y coralitos en toda la rama.","{""p1"": ""s"", ""p4"": ""colonial"", ""p6"": ""ramificado"", ""p7"": ""toda"", ""p10"": ""cilindricas"", ""p11"": ""abanico""}"
acropora_palmata,Acropora palmata,Coral Orejón o Cuerno de Alce,Acroporidae,Escleractinio,Uno parece un árbol pequeño que está superficie lisa y coralitos en toda la rama.,"{""p1"": ""s"", ""p4"": ""colonial"", ""p6"": ""ramificado"", ""p7"": ""toda"", ""p10"": ""cilindricas"", ""p11"": ""abanico""}"
acropora_palmata,Acropora palmata,Coral Orejón o Cuerno de Alce,Acroporidae,Escleractinio,Observamos parece una mano abierta con coloración color piedra y poros por toda la rama.,"{""p1"": ""s"", ""p4"": ""colonial"", ""p6"": ""ramificado"", ""p7"": ""toda"", ""p10"": ""cilindricas"", ""p11"": ""abanico""}"
acropora_palmata,Acropora palmata,Coral Orejón o Cuerno de Alce,Acroporidae,Escleractinio,Coral pétreo con ramas aplanadas en forma de paleta o abanico. Principal constructor de arrecifes en zonas someras. Presenta color arena y superficie porosa y coralitos en toda la rama.,"{""p1"": ""s"", ""p4"": ""colonial"", ""p6"": ""ramificado"", ""p7"": ""toda"", ""p10"": ""cilindricas"", ""p11"": ""abanico""}"
acropora_palmata,Acropora palmata,Coral Orejón o Cuerno de Alce,Acroporidae,Escleractinio,Coral pétreo con ramas aplanadas en forma de paleta o abanico. Principal constructor de arrecifes en zonas someras. Presenta crema y rugoso y coralitos en toda la superficie.,"{""p1"": ""s"", ""p4"": ""colonial"", ""p6"": ""ramificado"", ""p7"": ""toda"", ""p10"": ""cilindricas"", ""p11"": ""abanico""}"
acropora_palmata,Acropora palmata,Coral Orejón o Cuerno de Alce,Acroporidae,Escleractinio,"Coral de tipo ramas aplanadas, superficie rugosa y coralitos en toda la superficie.","{""p1"": ""s"", ""p4"": ""colonial"", ""p6"": ""ramificado"", ""p7"": ""toda"", ""p10"": ""cilindricas"", ""p11"": ""abanico""}"
acropora_palmata,Acropora palmata,Coral Orejón o Cuerno de Alce,Acroporidae,Escleractinio,"Estaba buceando y vi forma de candelabro, como arena y hoyitos en toda la rama.","{""p1"": ""s"", ""p4"": ""colonial"", ""p6"": ""ramificado"", ""p7"": ""toda"", ""p10"": ""cilindricas"", ""p11"": ""abanico""}"
acropora_palmata,Acropora palmata,Coral Orejón o Cuerno de Alce,Acroporidae,Escleractinio,Coral pétreo con ramas aplanadas en forma de paleta o abanico. Principal constructor de arrecifes en zonas someras. Presenta beige y esqueleto calcáreo y copas distribuidas por toda la superficie.,"{""p1"": ""s"", ""p4"": ""colonial"", ""p6"": ""ramificado"", ""p7"": ""toda"", ""p10"": ""cilindricas"", ""p11"": ""abanico""}"
acropora_palmata,Acropora palmata,Coral Orejón o Cuerno de Alce,Acroporidae,Escleractinio,Coral pétreo con ramas aplanadas en forma de paleta o abanico. Principal constructor de arrecifes en zonas someras. Presenta como arena y como esponja y coralitos en toda la rama.,"{""p1"": ""s"", ""p4"": ""colonial"", ""p6"": ""ramificado"", ""p7"": ""toda"", ""p10"": ""cilindricas"", ""p11"": ""abanico""}"
acropora_palmata,Acropora palmata,Coral Orejón o Cuerno de Alce,Acroporidae,Escleractinio,Un coral ramificaciones que es rugoso y poros por toda la rama.,"{""p1"": ""s"", ""p4"": ""colonial"", ""p6"": ""ramificado"", ""p7"": ""toda"", ""p10"": ""cilindricas"", ""p11"": ""abanico""}"
acropora_palmata,Acropora palmata,Coral Orejón o Cuerno de Alce,Acroporidae,Escleractinio,"Parece coral de dedos, como arena y copas distribuidas por toda la superficie.","{""p1"": ""s"", ""p4"": ""colonial"", ""p6"": ""ramificado"", ""p7"": ""toda"", ""p10"": ""cilindricas"", ""p11"": ""abanico""}"
acropora_palmata,Acropora palmata,Coral Orejón o Cuerno de Alce,Acroporidae,Escleractinio,Coral pétreo con ramas aplanadas en forma de paleta o abanico. Principal constructor de arrecifes en zonas someras. Presenta marrón y superficie porosa y copas distribuidas por toda la superficie.,"{""p1"": ""s"", ""p4"": ""colonial"", ""p6"": ""ramificado"", ""p7"": ""toda"", ""p10"": ""cilindricas"", ""p11"": ""abanico""}"
acropora_palmata,Acropora palmata,Coral Orejón o Cuerno de Alce,Acroporidae,Escleractinio,Es como ramas como cuernos y es tonalidad verdosa y coralitos en toda la superficie.,"{""p1"": ""s"", ""p4"": ""colonial"", ""p6"": ""ramificado"", ""p7"": ""toda"", ""p10"": ""cilindricas"", ""p11"": ""abanico""}"
acropora_palmata,Acropora palmata,Coral Orejón o Cuerno de Alce,Acroporidae,Escleractinio,"Vi un coral parece un arbusto, parece color café y coralitos en toda la superficie.","{""p1"": ""s"", ""p4"": ""colonial"", ""p6"": ""ramificado"", ""p7"": ""toda"", ""p10"": ""cilindricas"", ""p11"": ""abanico""}"
acropora_palmata,Acropora palmata,Coral Orejón o Cuerno de Alce,Acroporidae,Escleractinio,"Encontré esto: ramas coralinas, color color tierra y hoyitos en toda la rama.","{""p1"": ""s"", ""p4"": ""colonial"", ""p6"": ""ramificado"", ""p7"": ""toda"", ""p10"": ""cilindricas"", ""p11"": ""abanico""}"
acropora_cervicornis,Acropora cervicornis,Tarrito de Venado,Acroporidae,Escleractinio,"Es un coral ramas como cuernos, esponjoso, de color café y poros por toda la rama.","{""p1"": ""s"", ""p4"": ""colonial"", ""p6"": ""ramificado"", ""p7"": ""toda"", ""p10"": ""cilindricas"", ""p11"": ""cilindricas"", ""p13"": ""largas""}"
acropora_cervicornis,Acropora cervicornis,Tarrito de Venado,Acroporidae,Escleractinio,"crecimiento arbustivo, tono marrón y coralitos en toda la rama.","{""p1"": ""s"", ""p4"": ""colonial"", ""p6"": ""ramificado"", ""p7"": ""toda"", ""p10"": ""cilindricas"", ""p11"": ""cilindricas"", ""p13"": ""largas""}"
acropora_cervicornis,Acropora cervicornis,Tarrito de Venado,Acroporidae,Escleractinio,Coral pétreo con ramas cilíndricas delgadas y largas. Colonias poco tupidas y muy ramificadas. Presenta gris y esqueleto calcáreo y copas distribuidas por toda la superficie.,"{""p1"": ""s"", ""p4"": ""colonial"", ""p6"": ""ramificado"", ""p7"": ""toda"", ""p10"": ""cilindricas"", ""p11"": ""cilindricas"", ""p13"": ""largas""}"
acropora_cervicornis,Acropora cervicornis,Tarrito de Venado,Acroporidae,Escleractinio,"Encontré esto: con muchas ramificaciones, color color café claro y hoyitos en toda la rama.","{""p1"": ""s"", ""p4"": ""colonial"", ""p6"": ""ramificado"", ""p7"": ""toda"", ""p10"": ""cilindricas"", ""p11"": ""cilindricas"", ""p13"": ""largas""}"
acropora_cervicornis,Acropora cervicornis,Tarrito de Venado,Acroporidae,Escleractinio,Es como brazos que salen y es color tierra y poros por toda la rama.,"{""p1"": ""s"", ""p4"": ""colonial"", ""p6"": ""ramificado"", ""p7"": ""toda"", ""p10"": ""cilindricas"", ""p11"": ""cilindricas"", ""p13"": ""largas""}"
acropora_cervicornis,Acropora cervicornis,Tarrito de Venado,Acroporidae,Escleractinio,Es como coral de dedos y es café y coralitos en toda la rama.,"{""p1"": ""s"", ""p4"": ""colonial"", ""p6"": ""ramificado"", ""p7"": ""toda"", ""p10"": ""cilindricas"", ""p11"": ""cilindricas"", ""p13"": ""largas""}"
acropora_cervicornis,Acropora cervicornis,Tarrito de Venado,Acroporidae,Escleractinio,"Estaba buceando y vi forma de ramas, color café y coralitos en toda la superficie.","{""p1"": ""s"", ""p4"": ""colonial"", ""p6"": ""ramificado"", ""p7"": ""toda"", ""p10"": ""cilindricas"", ""p11"": ""cilindricas"", ""p13"": ""largas""}"
acropora_cervicornis,Acropora cervicornis,Tarrito de Venado,Acroporidae,Escleractinio,Un coral como dedos que salen que es superficie lisa y copas distribuidas por toda la superficie.,"{""p1"": ""s"", ""p4"": ""colonial"", ""p6"": ""ramificado"", ""p7"": ""toda"", ""p10"": ""cilindricas"", ""p11"": ""cilindricas"", ""p13"": ""largas""}"
acropora_cervicornis,Acropora cervicornis,Tarrito de Venado,Acroporidae,Escleractinio,Coral pétreo con ramas cilíndricas delgadas y largas. Colonias poco tupidas y muy ramificadas.,"{""p1"": ""s"", ""p4"": ""colonial"", ""p6"": ""ramificado"", ""p7"": ""toda"", ""p10"": ""cilindricas"", ""p11"": ""cilindricas"", ""p13"": ""largas""}"
acropora_cervicornis,Acropora cervicornis,Tarrito de Venado,Acroporidae,Escleractinio,Coral pétreo con ramas cilíndricas delgadas y largas. Colonias poco tupidas y muy ramificadas. Presenta color piedra y liso y copas distribuidas por toda la superficie.,"{""p1"": ""s"", ""p4"": ""colonial"", ""p6"": ""ramificado"", ""p7"": ""toda"", ""p10"": ""cilindricas"", ""p11"": ""cilindricas"", ""p13"": ""largas""}"
acropora_cervicornis,Acropora cervicornis,Tarrito de Venado,Acroporidae,Escleractinio,Observamos estructura ramificada con coloración color café claro y coralitos en toda la superficie.,"{""p1"": ""s"", ""p4"": ""colonial"", ""p6"": ""ramificado"", ""p7"": ""toda"", ""p10"": ""cilindricas"", ""p11"": ""cilindricas"", ""p13"": ""largas""}"
acropora_cervicornis,Acropora cervicornis,Tarrito de Venado,Acroporidae,Escleractinio,Coral pétreo con ramas cilíndricas delgadas y largas. Colonias poco tupidas y muy ramificadas. Presenta amarillento y esqueleto calcáreo y coralitos en toda la superficie.,"{""p1"": ""s"", ""p4"": ""colonial"", ""p6"": ""ramificado"", ""p7"": ""toda"", ""p10"": ""cilindricas"", ""p11"": ""cilindricas"", ""p13"": ""largas""}"
acropora_cervicornis,Acropora cervicornis,Tarrito de Venado,Acroporidae,Escleractinio,Coral pétreo con ramas cilíndricas delgadas y largas. Colonias poco tupidas y muy ramificadas. Presenta crema y superficie uniforme y hoyitos en toda la rama.,"{""p1"": ""s"", ""p4"": ""colonial"", ""p6"": ""ramificado"", ""p7"": ""toda"", ""p10"": ""cilindricas"", ""p11"": ""cilindricas"", ""p13"": ""largas""}"
acropora_cervicornis,Acropora cervicornis,Tarrito de Venado,Acroporidae,Escleractinio,"Vi un coral como dedos que salen, parece café y copas distribuidas por toda la superficie.","{""p1"": ""s"", ""p4"": ""colonial"", ""p6"": ""ramificado"", ""p7"": ""toda"", ""p10"": ""cilindricas"", ""p11"": ""cilindricas"", ""p13"": ""largas""}"
acropora_cervicornis,Acropora cervicornis,Tarrito de Venado,Acroporidae,Escleractinio,Es como ramas como cuernos y es color café claro y poros por toda la rama.,"{""p1"": ""s"", ""p4"": ""colonial"", ""p6"": ""ramificado"", ""p7"": ""toda"", ""p10"": ""cilindricas"", ""p11"": ""cilindricas"", ""p13"": ""largas""}"
acropora_cervicornis,Acropora cervicornis,Tarrito de Venado,Acroporidae,Escleractinio,"Coral de tipo parece un árbol pequeño, como esponja y copas distribuidas por toda la superficie.","{""p1"": ""s"", ""p4"": ""colonial"", ""p6"": ""ramificado"", ""p7"": ""toda"", ""p10"": ""cilindricas"", ""p11"": ""cilindricas"", ""p13"": ""largas""}"
acropora_cervicornis,Acropora cervicornis,Tarrito de Venado,Acroporidae,Escleractinio,Coral pétreo con ramas cilíndricas delgadas y largas. Colonias poco tupidas y muy ramificadas. Presenta café y superficie lisa y copas distribuidas por toda la superficie.,"{""p1"": ""s"", ""p4"": ""colonial"", ""p6"": ""ramificado"", ""p7"": ""toda"", ""p10"": ""cilindricas"", ""p11"": ""cilindricas"", ""p13"": ""largas""}"
acropora_cervicornis,Acropora cervicornis,Tarrito de Venado,Acroporidae,Escleractinio,Coral pétreo con ramas cilíndricas delgadas y largas. Colonias poco tupidas y muy ramificadas. Presenta beige y esqueleto calcáreo y poros por toda la rama.,"{""p1"": ""s"", ""p4"": ""colonial"", ""p6"": ""ramificado"", ""p7"": ""toda"", ""p10"": ""cilindricas"", ""p11"": ""cilindricas"", ""p13"": ""largas""}"
acropora_cervicornis,Acropora cervicornis,Tarrito de Venado,Acroporidae,Escleractinio,"Especie ramas finas, tonalidad como arena y hoyitos en toda la rama.","{""p1"": ""s"", ""p4"": ""colonial"", ""p6"": ""ramificado"", ""p7"": ""toda"", ""p10"": ""cilindricas"", ""p11"": ""cilindricas"", ""p13"": ""largas""}"
acropora_cervicornis,Acropora cervicornis,Tarrito de Venado,Acroporidae,Escleractinio,Es como ramificaciones y es verdoso y hoyitos en toda la rama.,"{""p1"": ""s"", ""p4"": ""colonial"", ""p6"": ""ramificado"", ""p7"": ""toda"", ""p10"": ""cilindricas"", ""p11"": ""cilindricas"", ""p13"": ""largas""}"
acropora_cervicornis,Acropora cervicornis,Tarrito de Venado,Acroporidae,Escleractinio,Forma: ramas finas. Textura: superficie uniforme. Tono: verdoso y coralitos en toda la rama.,"{""p1"": ""s"", ""p4"": ""colonial"", ""p6"": ""ramificado"", ""p7"": ""toda"", ""p10"": ""cilindricas"", ""p11"": ""cilindricas"", ""p13"": ""largas""}"
acropora_cervicornis,Acropora cervicornis,Tarrito de Venado,Acroporidae,Escleractinio,Coral pétreo con ramas cilíndricas delgadas y largas. Colonias poco tupidas y muy ramificadas. Presenta tonalidad verdosa y como esponja y copas distribuidas por toda la superficie.,"{""p1"": ""s"", ""p4"": ""colonial"", ""p6"": ""ramificado"", ""p7"": ""toda"", ""p10"": ""cilindricas"", ""p11"": ""cilindricas"", ""p13"": ""largas""}"
acropora_cervicornis,Acropora cervicornis,Tarrito de Venado,Acroporidae,Escleractinio,Coral pétreo con ramas cilíndricas delgadas y largas. Colonias poco tupidas y muy ramificadas. Presenta color piedra y superficie uniforme y coralitos en toda la superficie.,"{""p1"": ""s"", ""p4"": ""colonial"", ""p6"": ""ramificado"", ""p7"": ""toda"", ""p10"": ""cilindricas"", ""p11"": ""cilindricas"", ""p13"": ""largas""}"
acropora_cervicornis,Acropora cervicornis,Tarrito de Venado,Acroporidae,Escleractinio,Coral pétreo con ramas cilíndricas delgadas y largas. Colonias poco tupidas y muy ramificadas. Presenta color marrón y rugoso y coralitos en toda la superficie.,"{""p1"": ""s"", ""p4"": ""colonial"", ""p6"": ""ramificado"", ""p7"": ""toda"", ""p10"": ""cilindricas"", ""p11"": ""cilindricas"", ""p13"": ""largas""}"
acropora_cervicornis,Acropora cervicornis,Tarrito de Venado,Acroporidae,Escleractinio,Es como forma de candelabro y es color piedra y poros por toda la rama.,"{""p1"": ""s"", ""p4"": ""colonial"", ""p6"": ""ramificado"", ""p7"": ""toda"", ""p10"": ""cilindricas"", ""p11"": ""cilindricas"", ""p13"": ""largas""}"
acropora_cervicornis,Acropora cervicornis,Tarrito de Venado,Acroporidae,Escleractinio,"Especie tiene ramitas, tonalidad crema y hoyitos en toda la rama.","{""p1"": ""s"", ""p4"": ""colonial"", ""p6"": ""ramificado"", ""p7"": ""toda"", ""p10"": ""cilindricas"", ""p11"": ""cilindricas"", ""p13"": ""largas""}"
acropora_cervicornis,Acropora cervicornis,Tarrito de Venado,Acroporidae,Escleractinio,Observamos estructura ramificada con coloración tonalidad verdosa y copas distribuidas por toda la superficie.,"{""p1"": ""s"", ""p4"": ""colonial"", ""p6"": ""ramificado"", ""p7"": ""toda"", ""p10"": ""cilindricas"", ""p11"": ""cilindricas"", ""p13"": ""largas""}"
acropora_cervicornis,Acropora cervicornis,Tarrito de Venado,Acroporidae,Escleractinio,Observamos tiene ramitas con coloración color marrón claro y hoyitos en toda la rama.,"{""p1"": ""s"", ""p4"": ""colonial"", ""p6"": ""ramificado"", ""p7"": ""toda"", ""p10"": ""cilindricas"", ""p11"": ""cilindricas"", ""p13"": ""largas""}"
acropora_cervicornis,Acropora cervicornis,Tarrito de Venado,Acroporidae,Escleractinio,Coral pétreo con ramas cilíndricas delgadas y largas. Colonias poco tupidas y muy ramificadas. Presenta crema y esqueleto calcáreo y copas distribuidas por toda la superficie.,"{""p1"": ""s"", ""p4"": ""colonial"", ""p6"": ""ramificado"", ""p7"": ""toda"", ""p10"": ""cilindricas"", ""p11"": ""cilindricas"", ""p13"": ""largas""}"
acropora_cervicornis,Acropora cervicornis,Tarrito de Venado,Acroporidae,Escleractinio,Tipo: ramificaciones. Color: color arena y coralitos en toda la superficie.,"{""p1"": ""s"", ""p4"": ""colonial"", ""p6"": ""ramificado"", ""p7"": ""toda"", ""p10"": ""cilindricas"", ""p11"": ""cilindricas"", ""p13"": ""largas""}"
acropora_cervicornis,Acropora cervicornis,Tarrito de Venado,Acroporidae,Escleractinio,Uno coral ramificado que está duro como roca y poros por toda la rama.,"{""p1"": ""s"", ""p4"": ""colonial"", ""p6"": ""ramificado"", ""p7"": ""toda"", ""p10"": ""cilindricas"", ""p11"": ""cilindricas"", ""p13"": ""largas""}"
acropora_cervicornis,Acropora cervicornis,Tarrito de Venado,Acroporidae,Escleractinio,Es como forma de candelabro y es verdoso y hoyitos en toda la rama.,"{""p1"": ""s"", ""p4"": ""colonial"", ""p6"": ""ramificado"", ""p7"": ""toda"", ""p10"": ""cilindricas"", ""p11"": ""cilindricas"", ""p13"": ""largas""}"
acropora_cervicornis,Acropora cervicornis,Tarrito de Venado,Acroporidae,Escleractinio,Coral pétreo con ramas cilíndricas delgadas y largas. Colonias poco tupidas y muy ramificadas. Presenta beige y superficie uniforme y coralitos en toda la rama.,"{""p1"": ""s"", ""p4"": ""colonial"", ""p6"": ""ramificado"", ""p7"": ""toda"", ""p10"": ""cilindricas"", ""p11"": ""cilindricas"", ""p13"": ""largas""}"
acropora_cervicornis,Acropora cervicornis,Tarrito de Venado,Acroporidae,Escleractinio,Uno ramas coralinas que está textura áspera y coralitos en toda la rama.,"{""p1"": ""s"", ""p4"": ""colonial"", ""p6"": ""ramificado"", ""p7"": ""toda"", ""p10"": ""cilindricas"", ""p11"": ""cilindricas"", ""p13"": ""largas""}"
acropora_cervicornis,Acropora cervicornis,Tarrito de Venado,Acroporidae,Escleractinio,"Parece coral ramificado, amarillento y hoyitos en toda la rama.","{""p1"": ""s"", ""p4"": ""colonial"", ""p6"": ""ramificado"", ""p7"": ""toda"", ""p10"": ""cilindricas"", ""p11"": ""cilindricas"", ""p13"": ""largas""}"
acropora_cervicornis,Acropora cervicornis,Tarrito de Venado,Acroporidae,Escleractinio,"tiene ramitas, tono como arena y poros por toda la rama.","{""p1"": ""s"", ""p4"": ""colonial"", ""p6"": ""ramificado"", ""p7"": ""toda"", ""p10"": ""cilindricas"", ""p11"": ""cilindricas"", ""p13"": ""largas""}"
acropora_cervicornis,Acropora cervicornis,Tarrito de Venado,Acroporidae,Escleractinio,Forma: coral ramificado. Textura: colonias densas. Tono: color grisáceo y coralitos en toda la rama.,"{""p1"": ""s"", ""p4"": ""colonial"", ""p6"": ""ramificado"", ""p7"": ""toda"", ""p10"": ""cilindricas"", ""p11"": ""cilindricas"", ""p13"": ""largas""}"
acropora_cervicornis,Acropora cervicornis,Tarrito de Venado,Acroporidae,Escleractinio,Un coral coral de dedos que es superficie lisa y hoyitos en toda la rama.,"{""p1"": ""s"", ""p4"": ""colonial"", ""p6"": ""ramificado"", ""p7"": ""toda"", ""p10"": ""cilindricas"", ""p11"": ""cilindricas"", ""p13"": ""largas""}"
acropora_cervicornis,Acropora cervicornis,Tarrito de Venado,Acroporidae,Escleractinio,Coral pétreo con ramas cilíndricas delgadas y largas. Colonias poco tupidas y muy ramificadas. Presenta color tierra y esponjoso y copas distribuidas por toda la superficie.,"{""p1"": ""s"", ""p4"": ""colonial"", ""p6"": ""ramificado"", ""p7"": ""toda"", ""p10"": ""cilindricas"", ""p11"": ""cilindricas"", ""p13"": ""largas""}"
acropora_cervicornis,Acropora cervicornis,Tarrito de Venado,Acroporidae,Escleractinio,"Colonia ramas coralinas característica, beige y poros por toda la rama.","{""p1"": ""s"", ""p4"": ""colonial"", ""p6"": ""ramificado"", ""p7"": ""toda"", ""p10"": ""cilindricas"", ""p11"": ""cilindricas"", ""p13"": ""largas""}"
acropora_cervicornis,Acropora cervicornis,Tarrito de Venado,Acroporidae,Escleractinio,"Como ramas, superficie irregular, color grisáceo y copas distribuidas por toda la superficie.","{""p1"": ""s"", ""p4"": ""colonial"", ""p6"": ""ramificado"", ""p7"": ""toda"", ""p10"": ""cilindricas"", ""p11"": ""cilindricas"", ""p13"": ""largas""}"
acropora_cervicornis,Acropora cervicornis,Tarrito de Venado,Acroporidae,Escleractinio,Coral pétreo con ramas cilíndricas delgadas y largas. Colonias poco tupidas y muy ramificadas. Presenta color café claro y áspero al tacto y poros por toda la rama.,"{""p1"": ""s"", ""p4"": ""colonial"", ""p6"": ""ramificado"", ""p7"": ""toda"", ""p10"": ""cilindricas"", ""p11"": ""cilindricas"", ""p13"": ""largas""}"
acropora_cervicornis,Acropora cervicornis,Tarrito de Venado,Acroporidae,Escleractinio,"Parece como dedos que salen, color arena y coralitos en toda la rama.","{""p1"": ""s"", ""p4"": ""colonial"", ""p6"": ""ramificado"", ""p7"": ""toda"", ""p10"": ""cilindricas"", ""p11"": ""cilindricas"", ""p13"": ""largas""}"
acropora_cervicornis,Acropora cervicornis,Tarrito de Venado,Acroporidae,Escleractinio,Un coral ramas coralinas que es superficie porosa y hoyitos en toda la rama.,"{""p1"": ""s"", ""p4"": ""colonial"", ""p6"": ""ramificado"", ""p7"": ""toda"", ""p10"": ""cilindricas"", ""p11"": ""cilindricas"", ""p13"": ""largas""}"
acropora_cervicornis,Acropora cervicornis,Tarrito de Venado,Acroporidae,Escleractinio,Coral pétreo con ramas cilíndricas delgadas y largas. Colonias poco tupidas y muy ramificadas. Presenta gris y superficie uniforme y coralitos en toda la superficie.,"{""p1"": ""s"", ""p4"": ""colonial"", ""p6"": ""ramificado"", ""p7"": ""toda"", ""p10"": ""cilindricas"", ""p11"": ""cilindricas"", ""p13"": ""largas""}"
acropora_cervicornis,Acropora cervicornis,Tarrito de Venado,Acroporidae,Escleractinio,"se extiende como ramas, color café y hoyitos en toda la rama.","{""p1"": ""s"", ""p4"": ""colonial"", ""p6"": ""ramificado"", ""p7"": ""toda"", ""p10"": ""cilindricas"", ""p11"": ""cilindricas"", ""p13"": ""largas""}"
acropora_cervicornis,Acropora cervicornis,Tarrito de Venado,Acroporidae,Escleractinio,"Vi un coral se extiende como ramas, parece crema y coralitos en toda la rama.","{""p1"": ""s"", ""p4"": ""colonial"", ""p6"": ""ramificado"", ""p7"": ""toda"", ""p10"": ""cilindricas"", ""p11"": ""cilindricas"", ""p13"": ""largas""}"
acropora_cervicornis,Acropora cervicornis,Tarrito de Venado,Acroporidae,Escleractinio,"Parece ramificaciones, beige y copas distribuidas por toda la superficie.","{""p1"": ""s"", ""p4"": ""colonial"", ""p6"": ""ramificado"", ""p7"": ""toda"", ""p10"": ""cilindricas"", ""p11"": ""cilindricas"", ""p13"": ""largas""}"
acropora_cervicornis,Acropora cervicornis,Tarrito de Venado,Acroporidae,Escleractinio,"Como tiene ramitas, esqueleto calcáreo, color café y hoyitos en toda la rama.","{""p1"": ""s"", ""p4"": ""colonial"", ""p6"": ""ramificado"", ""p7"": ""toda"", ""p10"": ""cilindricas"", ""p11"": ""cilindricas"", ""p13"": ""largas""}"
acropora_cervicornis,Acropora cervicornis,Tarrito de Venado,Acroporidae,Escleractinio,"crecimiento arbustivo, verdoso y poros por toda la rama.","{""p1"": ""s"", ""p4"": ""colonial"", ""p6"": ""ramificado"", ""p7"": ""toda"", ""p10"": ""cilindricas"", ""p11"": ""cilindricas"", ""p13"": ""largas""}"
acropora_cervicornis,Acropora cervicornis,Tarrito de Venado,Acroporidae,Escleractinio,Coral pétreo con ramas cilíndricas delgadas y largas. Colonias poco tupidas y muy ramificadas. Presenta color arena y superficie lisa y coralitos en toda la rama.,"{""p1"": ""s"", ""p4"": ""colonial"", ""p6"": ""ramificado"", ""p7"": ""toda"", ""p10"": ""cilindricas"", ""p11"": ""cilindricas"", ""p13"": ""largas""}"
acropora_prolifera,Acropora prolifera,Coral Fusionado,Acroporidae,Escleractinio,"Encontré esto: crecimiento arbustivo, color color arena y poros por toda la rama.","{""p1"": ""s"", ""p4"": ""colonial"", ""p6"": ""ramificado"", ""p7"": ""toda"", ""p10"": ""cilindricas"", ""p11"": ""cilindricas"", ""p13"": ""fusionadas""}"
acropora_prolifera,Acropora prolifera,Coral Fusionado,Acroporidae,Escleractinio,Coral pétreo con ramas cilíndricas fusionadas entre sí. Colonias tupidas y densas. Presenta color amarillento y colonias densas y hoyitos en toda la rama.,"{""p1"": ""s"", ""p4"": ""colonial"", ""p6"": ""ramificado"", ""p7"": ""toda"", ""p10"": ""cilindricas"", ""p11"": ""cilindricas"", ""p13"": ""fusionadas""}"
acropora_prolifera,Acropora prolifera,Coral Fusionado,Acroporidae,Escleractinio,Coral pétreo con ramas cilíndricas fusionadas entre sí. Colonias tupidas y densas. Presenta color grisáceo y superficie lisa y hoyitos en toda la rama.,"{""p1"": ""s"", ""p4"": ""colonial"", ""p6"": ""ramificado"", ""p7"": ""toda"", ""p10"": ""cilindricas"", ""p11"": ""cilindricas"", ""p13"": ""fusionadas""}"
acropora_prolifera,Acropora prolifera,Coral Fusionado,Acroporidae,Escleractinio,Coral pétreo con ramas cilíndricas fusionadas entre sí. Colonias tupidas y densas. Presenta verdoso y liso y coralitos en toda la rama.,"{""p1"": ""s"", ""p4"": ""colonial"", ""p6"": ""ramificado"", ""p7"": ""toda"", ""p10"": ""cilindricas"", ""p11"": ""cilindricas"", ""p13"": ""fusionadas""}"
acropora_prolifera,Acropora prolifera,Coral Fusionado,Acroporidae,Escleractinio,Coral pétreo con ramas cilíndricas fusionadas entre sí. Colonias tupidas y densas. Presenta color piedra y esponjoso y copas distribuidas por toda la superficie.,"{""p1"": ""s"", ""p4"": ""colonial"", ""p6"": ""ramificado"", ""p7"": ""toda"", ""p10"": ""cilindricas"", ""p11"": ""cilindricas"", ""p13"": ""fusionadas""}"
acropora_prolifera,Acropora prolifera,Coral Fusionado,Acroporidae,Escleractinio,"como dedos que salen, tono color café claro y copas distribuidas por toda la superficie.","{""p1"": ""s"", ""p4"": ""colonial"", ""p6"": ""ramificado"", ""p7"": ""toda"", ""p10"": ""cilindricas"", ""p11"": ""cilindricas"", ""p13"": ""fusionadas""}"
acropora_prolifera,Acropora prolifera,Coral Fusionado,Acroporidae,Escleractinio,"Como parece un árbol pequeño, como una roca, color marrón claro y poros por toda la rama.","{""p1"": ""s"", ""p4"": ""colonial"", ""p6"": ""ramificado"", ""p7"": ""toda"", ""p10"": ""cilindricas"", ""p11"": ""cilindricas"", ""p13"": ""fusionadas""}"
acropora_prolifera,Acropora prolifera,Coral Fusionado,Acroporidae,Escleractinio,Es como estructura ramificada y es gris y coralitos en toda la superficie.,"{""p1"": ""s"", ""p4"": ""colonial"", ""p6"": ""ramificado"", ""p7"": ""toda"", ""p10"": ""cilindricas"", ""p11"": ""cilindricas"", ""p13"": ""fusionadas""}"
acropora_prolifera,Acropora prolifera,Coral Fusionado,Acroporidae,Escleractinio,"Encontré esto: ramas como cuernos, color color tierra y coralitos en toda la superficie.","{""p1"": ""s"", ""p4"": ""colonial"", ""p6"": ""ramificado"", ""p7"": ""toda"", ""p10"": ""cilindricas"", ""p11"": ""cilindricas"", ""p13"": ""fusionadas""}"
acropora_prolifera,Acropora prolifera,Coral Fusionado,Acroporidae,Escleractinio,Coral pétreo con ramas cilíndricas fusionadas entre sí. Colonias tupidas y densas. Presenta beige y como una roca y hoyitos en toda la rama.,"{""p1"": ""s"", ""p4"": ""colonial"", ""p6"": ""ramificado"", ""p7"": ""toda"", ""p10"": ""cilindricas"", ""p11"": ""cilindricas"", ""p13"": ""fusionadas""}"
acropora_prolifera,Acropora prolifera,Coral Fusionado,Acroporidae,Escleractinio,Forma: tiene ramitas. Textura: áspero al tacto. Tono: color arena y poros por toda la rama.,"{""p1"": ""s"", ""p4"": ""colonial"", ""p6"": ""ramificado"", ""p7"": ""toda"", ""p10"": ""cilindricas"", ""p11"": ""cilindricas"", ""p13"": ""fusionadas""}"
acropora_prolifera,Acropora prolifera,Coral Fusionado,Acroporidae,Escleractinio,Coral pétreo con ramas cilíndricas fusionadas entre sí. Colonias tupidas y densas. Presenta tonalidad verdosa y superficie irregular y copas distribuidas por toda la superficie.,"{""p1"": ""s"", ""p4"": ""colonial"", ""p6"": ""ramificado"", ""p7"": ""toda"", ""p10"": ""cilindricas"", ""p11"": ""cilindricas"", ""p13"": ""fusionadas""}"
acropora_prolifera,Acropora prolifera,Coral Fusionado,Acroporidae,Escleractinio,Observamos forma de candelabro con coloración color arena y poros por toda la rama.,"{""p1"": ""s"", ""p4"": ""colonial"", ""p6"": ""ramificado"", ""p7"": ""toda"", ""p10"": ""cilindricas"", ""p11"": ""cilindricas"", ""p13"": ""fusionadas""}"
acropora_prolifera,Acropora prolifera,Coral Fusionado,Acroporidae,Escleractinio,Coral pétreo con ramas cilíndricas fusionadas entre sí. Colonias tupidas y densas. Presenta marrón y superficie rugosa y coralitos en toda la rama.,"{""p1"": ""s"", ""p4"": ""colonial"", ""p6"": ""ramificado"", ""p7"": ""toda"", ""p10"": ""cilindricas"", ""p11"": ""cilindricas"", ""p13"": ""fusionadas""}"
acropora_prolifera,Acropora prolifera,Coral Fusionado,Acroporidae,Escleractinio,"Vi un coral coral de dedos, parece como arena y hoyitos en toda la rama.","{""p1"": ""s"", ""p4"": ""colonial"", ""p6"": ""ramificado"", ""p7"": ""toda"", ""p10"": ""cilindricas"", ""p11"": ""cilindricas"", ""p13"": ""fusionadas""}"
acropora_prolifera,Acropora prolifera,Coral Fusionado,Acroporidae,Escleractinio,"Como brazos que salen, poroso, color marrón y coralitos en toda la rama.","{""p1"": ""s"", ""p4"": ""colonial"", ""p6"": ""ramificado"", ""p7"": ""toda"", ""p10"": ""cilindricas"", ""p11"": ""cilindricas"", ""p13"": ""fusionadas""}"
acropora_prolifera,Acropora prolifera,Coral Fusionado,Acroporidae,Escleractinio,Uno se extiende como ramas que está poroso y copas distribuidas por toda la superficie.,"{""p1"": ""s"", ""p4"": ""colonial"", ""p6"": ""ramificado"", ""p7"": ""toda"", ""p10"": ""cilindricas"", ""p11"": ""cilindricas"", ""p13"": ""fusionadas""}"
acropora_prolifera,Acropora prolifera,Coral Fusionado,Acroporidae,Escleractinio,"Coral de tipo ramas, esponjoso y coralitos en toda la rama.","{""p1"": ""s"", ""p4"": ""colonial"", ""p6"": ""ramificado"", ""p7"": ""toda"", ""p10"": ""cilindricas"", ""p11"": ""cilindricas"", ""p13"": ""fusionadas""}"
acropora_prolifera,Acropora prolifera,Coral Fusionado,Acroporidae,Escleractinio,"Especie ramas, tonalidad beige y hoyitos en toda la rama.","{""p1"": ""s"", ""p4"": ""colonial"", ""p6"": ""ramificado"", ""p7"": ""toda"", ""p10"": ""cilindricas"", ""p11"": ""cilindricas"", ""p13"": ""fusionadas""}"
acropora_prolifera,Acropora prolifera,Coral Fusionado,Acroporidae,Escleractinio,"Coral de tipo ramas coralinas, esponjoso y poros por toda la rama.","{""p1"": ""s"", ""p4"": ""colonial"", ""p6"": ""ramificado"", ""p7"": ""toda"", ""p10"": ""cilindricas"", ""p11"": ""cilindricas"", ""p13"": ""fusionadas""}"
acropora_prolifera,Acropora prolifera,Coral Fusionado,Acroporidae,Escleractinio,Coral pétreo con ramas cilíndricas fusionadas entre sí. Colonias tupidas y densas. Presenta color grisáceo y superficie uniforme y coralitos en toda la superficie.,"{""p1"": ""s"", ""p4"": ""colonial"", ""p6"": ""ramificado"", ""p7"": ""toda"", ""p10"": ""cilindricas"", ""p11"": ""cilindricas"", ""p13"": ""fusionadas""}"
acropora_prolifera,Acropora prolifera,Coral Fusionado,Acroporidae,Escleractinio,"Es un coral forma de candelabro, áspero al tacto, de color color marrón y copas distribuidas por toda la superficie.","{""p1"": ""s"", ""p4"": ""colonial"", ""p6"": ""ramificado"", ""p7"": ""toda"", ""p10"": ""cilindricas"", ""p11"": ""cilindricas"", ""p13"": ""fusionadas""}"
acropora_prolifera,Acropora prolifera,Coral Fusionado,Acroporidae,Escleractinio,"Especie brazos que salen, tonalidad color café claro y hoyitos en toda la rama.","{""p1"": ""s"", ""p4"": ""colonial"", ""p6"": ""ramificado"", ""p7"": ""toda"", ""p10"": ""cilindricas"", ""p11"": ""cilindricas"", ""p13"": ""fusionadas""}"
acropora_prolifera,Acropora prolifera,Coral Fusionado,Acroporidae,Escleractinio,Tipo: ramas finas. Color: tonalidad verdosa y coralitos en toda la superficie.,"{""p1"": ""s"", ""p4"": ""colonial"", ""p6"": ""ramificado"", ""p7"": ""toda"", ""p10"": ""cilindricas"", ""p11"": ""cilindricas"", ""p13"": ""fusionadas""}"
acropora_prolifera,Acropora prolifera,Coral Fusionado,Acroporidae,Escleractinio,"forma de ramas, gris y copas distribuidas por toda la superficie.","{""p1"": ""s"", ""p4"": ""colonial"", ""p6"": ""ramificado"", ""p7"": ""toda"", ""p10"": ""cilindricas"", ""p11"": ""cilindricas"", ""p13"": ""fusionadas""}"
acropora_prolifera,Acropora prolifera,Coral Fusionado,Acroporidae,Escleractinio,Coral pétreo con ramas cilíndricas fusionadas entre sí. Colonias tupidas y densas. Presenta color café claro y textura áspera y coralitos en toda la superficie.,"{""p1"": ""s"", ""p4"": ""colonial"", ""p6"": ""ramificado"", ""p7"": ""toda"", ""p10"": ""cilindricas"", ""p11"": ""cilindricas"", ""p13"": ""fusionadas""}"
acropora_prolifera,Acropora prolifera,Coral Fusionado,Acroporidae,Escleractinio,"Encontré esto: forma de ramas, color color piedra y coralitos en toda la superficie.","{""p1"": ""s"", ""p4"": ""colonial"", ""p6"": ""ramificado"", ""p7"": ""toda"", ""p10"": ""cilindricas"", ""p11"": ""cilindricas"", ""p13"": ""fusionadas""}"
acropora_prolifera,Acropora prolifera,Coral Fusionado,Acroporidae,Escleractinio,"Coral de tipo coral de dedos, superficie irregular y copas distribuidas por toda la superficie.","{""p1"": ""s"", ""p4"": ""colonial"", ""p6"": ""ramificado"", ""p7"": ""toda"", ""p10"": ""cilindricas"", ""p11"": ""cilindricas"", ""p13"": ""fusionadas""}"
acropora_prolifera,Acropora prolifera,Coral Fusionado,Acroporidae,Escleractinio,"coral de dedos, tono marrón y hoyitos en toda la rama.","{""p1"": ""s"", ""p4"": ""colonial"", ""p6"": ""ramificado"", ""p7"": ""toda"", ""p10"": ""cilindricas"", ""p11"": ""cilindricas"", ""p13"": ""fusionadas""}"
acropora_prolifera,Acropora prolifera,Coral Fusionado,Acroporidae,Escleractinio,Observamos ramas coralinas con coloración color marrón y poros por toda la rama.,"{""p1"": ""s"", ""p4"": ""colonial"", ""p6"": ""ramificado"", ""p7"": ""toda"", ""p10"": ""cilindricas"", ""p11"": ""cilindricas"", ""p13"": ""fusionadas""}"
acropora_prolifera,Acropora prolifera,Coral Fusionado,Acroporidae,Escleractinio,"Parece ramas finas, color piedra y coralitos en toda la rama.","{""p1"": ""s"", ""p4"": ""colonial"", ""p6"": ""ramificado"", ""p7"": ""toda"", ""p10"": ""cilindricas"", ""p11"": ""cilindricas"", ""p13"": ""fusionadas""}"
acropora_prolifera,Acropora prolifera,Coral Fusionado,Acroporidae,Escleractinio,Observamos con muchas ramificaciones con coloración color café y poros por toda la rama.,"{""p1"": ""s"", ""p4"": ""colonial"", ""p6"": ""ramificado"", ""p7"": ""toda"", ""p10"": ""cilindricas"", ""p11"": ""cilindricas"", ""p13"": ""fusionadas""}"
acropora_prolifera,Acropora prolifera,Coral Fusionado,Acroporidae,Escleractinio,Coral pétreo con ramas cilíndricas fusionadas entre sí. Colonias tupidas y densas. Presenta marrón y rugoso y copas distribuidas por toda la superficie.,"{""p1"": ""s"", ""p4"": ""colonial"", ""p6"": ""ramificado"", ""p7"": ""toda"", ""p10"": ""cilindricas"", ""p11"": ""cilindricas"", ""p13"": ""fusionadas""}"
acropora_prolifera,Acropora prolifera,Coral Fusionado,Acroporidae,Escleractinio,"Especie como dedos que salen, tonalidad color tierra y poros por toda la rama.","{""p1"": ""s"", ""p4"": ""colonial"", ""p6"": ""ramificado"", ""p7"": ""toda"", ""p10"": ""cilindricas"", ""p11"": ""cilindricas"", ""p13"": ""fusionadas""}"
acropora_prolifera,Acropora prolifera,Coral Fusionado,Acroporidae,Escleractinio,Coral pétreo con ramas cilíndricas fusionadas entre sí. Colonias tupidas y densas. Presenta color café claro y poroso y coralitos en toda la rama.,"{""p1"": ""s"", ""p4"": ""colonial"", ""p6"": ""ramificado"", ""p7"": ""toda"", ""p10"": ""cilindricas"", ""p11"": ""cilindricas"", ""p13"": ""fusionadas""}"
acropora_prolifera,Acropora prolifera,Coral Fusionado,Acroporidae,Escleractinio,Observamos ramas finas con coloración color tierra y coralitos en toda la rama.,"{""p1"": ""s"", ""p4"": ""colonial"", ""p6"": ""ramificado"", ""p7"": ""toda"", ""p10"": ""cilindricas"", ""p11"": ""cilindricas"", ""p13"": ""fusionadas""}"
acropora_prolifera,Acropora prolifera,Coral Fusionado,Acroporidae,Escleractinio,Uno coral de dedos que está textura áspera y copas distribuidas por toda la superficie.,"{""p1"": ""s"", ""p4"": ""colonial"", ""p6"": ""ramificado"", ""p7"": ""toda"", ""p10"": ""cilindricas"", ""p11"": ""cilindricas"", ""p13"": ""fusionadas""}"
acropora_prolifera,Acropora prolifera,Coral Fusionado,Acroporidae,Escleractinio,Tipo: ramas finas. Color: crema y copas distribuidas por toda la superficie.,"{""p1"": ""s"", ""p4"": ""colonial"", ""p6"": ""ramificado"", ""p7"": ""toda"", ""p10"": ""cilindricas"", ""p11"": ""cilindricas"", ""p13"": ""fusionadas""}"
acropora_prolifera,Acropora prolifera,Coral Fusionado,Acroporidae,Escleractinio,"Coral de tipo se extiende como ramas, poroso y coralitos en toda la rama.","{""p1"": ""s"", ""p4"": ""colonial"", ""p6"": ""ramificado"", ""p7"": ""toda"", ""p10"": ""cilindricas"", ""p11"": ""cilindricas"", ""p13"": ""fusionadas""}"
acropora_prolifera,Acropora prolifera,Coral Fusionado,Acroporidae,Escleractinio,Coral pétreo con ramas cilíndricas fusionadas entre sí. Colonias tupidas y densas. Presenta color marrón y colonias densas y coralitos en toda la superficie.,"{""p1"": ""s"", ""p4"": ""colonial"", ""p6"": ""ramificado"", ""p7"": ""toda"", ""p10"": ""cilindricas"", ""p11"": ""cilindricas"", ""p13"": ""fusionadas""}"
acropora_prolifera,Acropora prolifera,Coral Fusionado,Acroporidae,Escleractinio,"parece un árbol pequeño, color grisáceo y hoyitos en toda la rama.","{""p1"": ""s"", ""p4"": ""colonial"", ""p6"": ""ramificado"", ""p7"": ""toda"", ""p10"": ""cilindricas"", ""p11"": ""cilindricas"", ""p13"": ""fusionadas""}"
acropora_prolifera,Acropora prolifera,Coral Fusionado,Acroporidae,Escleractinio,Coral pétreo con ramas cilíndricas fusionadas entre sí. Colonias tupidas y densas. Presenta color marrón claro y áspero al tacto y coralitos en toda la superficie.,"{""p1"": ""s"", ""p4"": ""colonial"", ""p6"": ""ramificado"", ""p7"": ""toda"", ""p10"": ""cilindricas"", ""p11"": ""cilindricas"", ""p13"": ""fusionadas""}"
acropora_prolifera,Acropora prolifera,Coral Fusionado,Acroporidae,Escleractinio,"Como coral de dedos, esponjoso, crema y poros por toda la rama.","{""p1"": ""s"", ""p4"": ""colonial"", ""p6"": ""ramificado"", ""p7"": ""toda"", ""p10"": ""cilindricas"", ""p11"": ""cilindricas"", ""p13"": ""fusionadas""}"
acropora_prolifera,Acropora prolifera,Coral Fusionado,Acroporidae,Escleractinio,"Colonia brazos que salen característica, blanquecino y copas distribuidas por toda la superficie.","{""p1"": ""s"", ""p4"": ""colonial"", ""p6"": ""ramificado"", ""p7"": ""toda"", ""p10"": ""cilindricas"", ""p11"": ""cilindricas"", ""p13"": ""fusionadas""}"
acropora_prolifera,Acropora prolifera,Coral Fusionado,Acroporidae,Escleractinio,Forma: ramas como cuernos. Textura: duro como roca. Tono: color café claro y coralitos en toda la rama.,"{""p1"": ""s"", ""p4"": ""colonial"", ""p6"": ""ramificado"", ""p7"": ""toda"", ""p10"": ""cilindricas"", ""p11"": ""cilindricas"", ""p13"": ""fusionadas""}"
acropora_prolifera,Acropora prolifera,Coral Fusionado,Acroporidae,Escleractinio,Coral pétreo con ramas cilíndricas fusionadas entre sí. Colonias tupidas y densas. Presenta marrón y superficie porosa y copas distribuidas por toda la superficie.,"{""p1"": ""s"", ""p4"": ""colonial"", ""p6"": ""ramificado"", ""p7"": ""toda"", ""p10"": ""cilindricas"", ""p11"": ""cilindricas"", ""p13"": ""fusionadas""}"
acropora_prolifera,Acropora prolifera,Coral Fusionado,Acroporidae,Escleractinio,"Encontré esto: parece un árbol pequeño, color café y poros por toda la rama.","{""p1"": ""s"", ""p4"": ""colonial"", ""p6"": ""ramificado"", ""p7"": ""toda"", ""p10"": ""cilindricas"", ""p11"": ""cilindricas"", ""p13"": ""fusionadas""}"
acropora_prolifera,Acropora prolifera,Coral Fusionado,Acroporidae,Escleractinio,Coral pétreo con ramas cilíndricas fusionadas entre sí. Colonias tupidas y densas.,"{""p1"": ""s"", ""p4"": ""colonial"", ""p6"": ""ramificado"", ""p7"": ""toda"", ""p10"": ""cilindricas"", ""p11"": ""cilindricas"", ""p13"": ""fusionadas""}"
acropora_prolifera,Acropora prolifera,Coral Fusionado,Acroporidae,Escleractinio,"Parece ramificaciones, beige y coralitos en toda la rama.","{""p1"": ""s"", ""p4"": ""colonial"", ""p6"": ""ramificado"", ""p7"": ""toda"", ""p10"": ""cilindricas"", ""p11"": ""cilindricas"", ""p13"": ""fusionadas""}"
acropora_prolifera,Acropora prolifera,Coral Fusionado,Acroporidae,Escleractinio,Uno crecimiento arbustivo que está colonias densas y coralitos en toda la superficie.,"{""p1"": ""s"", ""p4"": ""colonial"", ""p6"": ""ramificado"", ""p7"": ""toda"", ""p10"": ""cilindricas"", ""p11"": ""cilindricas"", ""p13"": ""fusionadas""}"
acropora_prolifera,Acropora prolifera,Coral Fusionado,Acroporidae,Escleractinio,Coral pétreo con ramas cilíndricas fusionadas entre sí. Colonias tupidas y densas. Presenta color grisáceo y esqueleto calcáreo y poros por toda la rama.,"{""p1"": ""s"", ""p4"": ""colonial"", ""p6"": ""ramificado"", ""p7"": ""toda"", ""p10"": ""cilindricas"", ""p11"": ""cilindricas"", ""p13"": ""fusionadas""}"
undaria_agaricites,Undaria agaricites,Coral Hoja,Agariciidae,Escleractinio,Coral laminar con colinas y valles. Forma incrustante o en láminas. Antes clasificado como Agaricia agaricites. Presenta color grisáceo y áspero al tacto.,"{""p1"": ""s"", ""p4"": ""colonial"", ""p6"": ""no"", ""p19"": ""laminar"", ""p20"": ""colinas"", ""p22"": ""con"", ""p23"": ""unifacial"", ""p24"": ""discontinuos"", ""p28"": ""sin""}"
undaria_agaricites,Undaria agaricites,Coral Hoja,Agariciidae,Escleractinio,"Parece en capas con se ve como un cerebro, color piedra.","{""p1"": ""s"", ""p4"": ""colonial"", ""p6"": ""no"", ""p19"": ""laminar"", ""p20"": ""colinas"", ""p22"": ""con"", ""p23"": ""unifacial"", ""p24"": ""discontinuos"", ""p28"": ""sin""}"
undaria_agaricites,Undaria agaricites,Coral Hoja,Agariciidae,Escleractinio,Coral laminar con colinas y valles. Forma incrustante o en láminas. Antes clasificado como Agaricia agaricites.,"{""p1"": ""s"", ""p4"": ""colonial"", ""p6"": ""no"", ""p19"": ""laminar"", ""p20"": ""colinas"", ""p22"": ""con"", ""p23"": ""unifacial"", ""p24"": ""discontinuos"", ""p28"": ""sin""}"
undaria_agaricites,Undaria agaricites,Coral Hoja,Agariciidae,Escleractinio,"Es como en capas, tiene con grietas y es como arena.","{""p1"": ""s"", ""p4"": ""colonial"", ""p6"": ""no"", ""p19"": ""laminar"", ""p20"": ""colinas"", ""p22"": ""con"", ""p23"": ""unifacial"", ""p24"": ""discontinuos"", ""p28"": ""sin""}"
undaria_agaricites,Undaria agaricites,Coral Hoja,Agariciidae,Escleractinio,Coral laminar con colinas y valles. Forma incrustante o en láminas. Antes clasificado como Agaricia agaricites. Presenta verdoso y esponjoso.,"{""p1"": ""s"", ""p4"": ""colonial"", ""p6"": ""no"", ""p19"": ""laminar"", ""p20"": ""colinas"", ""p22"": ""con"", ""p23"": ""unifacial"", ""p24"": ""discontinuos"", ""p28"": ""sin""}"
undaria_agaricites,Undaria agaricites,Coral Hoja,Agariciidae,Escleractinio,"Es como en capas, tiene surcos profundos y es crema.","{""p1"": ""s"", ""p4"": ""colonial"", ""p6"": ""no"", ""p19"": ""laminar"", ""p20"": ""colinas"", ""p22"": ""con"", ""p23"": ""unifacial"", ""p24"": ""discontinuos"", ""p28"": ""sin""}"
undaria_agaricites,Undaria agaricites,Coral Hoja,Agariciidae,Escleractinio,"Colonia aplanado como un plato con parece un cerebro característica, como arena.","{""p1"": ""s"", ""p4"": ""colonial"", ""p6"": ""no"", ""p19"": ""laminar"", ""p20"": ""colinas"", ""p22"": ""con"", ""p23"": ""unifacial"", ""p24"": ""discontinuos"", ""p28"": ""sin""}"
undaria_agaricites,Undaria agaricites,Coral Hoja,Agariciidae,Escleractinio,Coral laminar con colinas y valles. Forma incrustante o en láminas. Antes clasificado como Agaricia agaricites. Presenta tonalidad verdosa y duro como roca.,"{""p1"": ""s"", ""p4"": ""colonial"", ""p6"": ""no"", ""p19"": ""laminar"", ""p20"": ""colinas"", ""p22"": ""con"", ""p23"": ""unifacial"", ""p24"": ""discontinuos"", ""p28"": ""sin""}"
undaria_agaricites,Undaria agaricites,Coral Hoja,Agariciidae,Escleractinio,"Es como en capas, tiene como una nuez y es color arena.","{""p1"": ""s"", ""p4"": ""colonial"", ""p6"": ""no"", ""p19"": ""laminar"", ""p20"": ""colinas"", ""p22"": ""con"", ""p23"": ""unifacial"", ""p24"": ""discontinuos"", ""p28"": ""sin""}"
undaria_agaricites,Undaria agaricites,Coral Hoja,Agariciidae,Escleractinio,"Encontré esto: coral laminar, se ve valles y colinas, color color tierra.","{""p1"": ""s"", ""p4"": ""colonial"", ""p6"": ""no"", ""p19"": ""laminar"", ""p20"": ""colinas"", ""p22"": ""con"", ""p23"": ""unifacial"", ""p24"": ""discontinuos"", ""p28"": ""sin""}"
undaria_agaricites,Undaria agaricites,Coral Hoja,Agariciidae,Escleractinio,"hojas delgadas con pinta de superficie cerebroide, tono beige.","{""p1"": ""s"", ""p4"": ""colonial"", ""p6"": ""no"", ""p19"": ""laminar"", ""p20"": ""colinas"", ""p22"": ""con"", ""p23"": ""unifacial"", ""p24"": ""discontinuos"", ""p28"": ""sin""}"
undaria_agaricites,Undaria agaricites,Coral Hoja,Agariciidae,Escleractinio,"Uno como hojas que está superficie lisa, con canales.","{""p1"": ""s"", ""p4"": ""colonial"", ""p6"": ""no"", ""p19"": ""laminar"", ""p20"": ""colinas"", ""p22"": ""con"", ""p23"": ""unifacial"", ""p24"": ""discontinuos"", ""p28"": ""sin""}"
undaria_agaricites,Undaria agaricites,Coral Hoja,Agariciidae,Escleractinio,"Uno como una placa que está superficie lisa, con laberinto.","{""p1"": ""s"", ""p4"": ""colonial"", ""p6"": ""no"", ""p19"": ""laminar"", ""p20"": ""colinas"", ""p22"": ""con"", ""p23"": ""unifacial"", ""p24"": ""discontinuos"", ""p28"": ""sin""}"
undaria_agaricites,Undaria agaricites,Coral Hoja,Agariciidae,Escleractinio,"Es como como papel, tiene con surcos y es café.","{""p1"": ""s"", ""p4"": ""colonial"", ""p6"": ""no"", ""p19"": ""laminar"", ""p20"": ""colinas"", ""p22"": ""con"", ""p23"": ""unifacial"", ""p24"": ""discontinuos"", ""p28"": ""sin""}"
undaria_agaricites,Undaria agaricites,Coral Hoja,Agariciidae,Escleractinio,Coral laminar con colinas y valles. Forma incrustante o en láminas. Antes clasificado como Agaricia agaricites. Presenta amarillento y superficie lisa.,"{""p1"": ""s"", ""p4"": ""colonial"", ""p6"": ""no"", ""p19"": ""laminar"", ""p20"": ""colinas"", ""p22"": ""con"", ""p23"": ""unifacial"", ""p24"": ""discontinuos"", ""p28"": ""sin""}"
undaria_agaricites,Undaria agaricites,Coral Hoja,Agariciidae,Escleractinio,Coral laminar con colinas y valles. Forma incrustante o en láminas. Antes clasificado como Agaricia agaricites. Presenta como arena y superficie porosa.,"{""p1"": ""s"", ""p4"": ""colonial"", ""p6"": ""no"", ""p19"": ""laminar"", ""p20"": ""colinas"", ""p22"": ""con"", ""p23"": ""unifacial"", ""p24"": ""discontinuos"", ""p28"": ""sin""}"
undaria_agaricites,Undaria agaricites,Coral Hoja,Agariciidae,Escleractinio,"Es un coral placas superpuestas, superficie porosa, con superficie cerebroide de color crema.","{""p1"": ""s"", ""p4"": ""colonial"", ""p6"": ""no"", ""p19"": ""laminar"", ""p20"": ""colinas"", ""p22"": ""con"", ""p23"": ""unifacial"", ""p24"": ""discontinuos"", ""p28"": ""sin""}"
undaria_agaricites,Undaria agaricites,Coral Hoja,Agariciidae,Escleractinio,Un coral forma de disco folioso que tiene surcos sinuosos y es esqueleto calcáreo.,"{""p1"": ""s"", ""p4"": ""colonial"", ""p6"": ""no"", ""p19"": ""laminar"", ""p20"": ""colinas"", ""p22"": ""con"", ""p23"": ""unifacial"", ""p24"": ""discontinuos"", ""p28"": ""sin""}"
undaria_agaricites,Undaria agaricites,Coral Hoja,Agariciidae,Escleractinio,Forma: placas superpuestas. Textura: surcos sinuosos. Tono: color café claro.,"{""p1"": ""s"", ""p4"": ""colonial"", ""p6"": ""no"", ""p19"": ""laminar"", ""p20"": ""colinas"", ""p22"": ""con"", ""p23"": ""unifacial"", ""p24"": ""discontinuos"", ""p28"": ""sin""}"
undaria_agaricites,Undaria agaricites,Coral Hoja,Agariciidae,Escleractinio,"Es como coral laminar, tiene forma de cerebro y es color café claro.","{""p1"": ""s"", ""p4"": ""colonial"", ""p6"": ""no"", ""p19"": ""laminar"", ""p20"": ""colinas"", ""p22"": ""con"", ""p23"": ""unifacial"", ""p24"": ""discontinuos"", ""p28"": ""sin""}"
undaria_agaricites,Undaria agaricites,Coral Hoja,Agariciidae,Escleractinio,"como papel, surcos sinuosos, color marrón claro.","{""p1"": ""s"", ""p4"": ""colonial"", ""p6"": ""no"", ""p19"": ""laminar"", ""p20"": ""colinas"", ""p22"": ""con"", ""p23"": ""unifacial"", ""p24"": ""discontinuos"", ""p28"": ""sin""}"
undaria_agaricites,Undaria agaricites,Coral Hoja,Agariciidae,Escleractinio,"Vi un coral platos aplanados, tiene con canales, parece como arena.","{""p1"": ""s"", ""p4"": ""colonial"", ""p6"": ""no"", ""p19"": ""laminar"", ""p20"": ""colinas"", ""p22"": ""con"", ""p23"": ""unifacial"", ""p24"": ""discontinuos"", ""p28"": ""sin""}"
undaria_agaricites,Undaria agaricites,Coral Hoja,Agariciidae,Escleractinio,"Uno láminas delgadas que está superficie rugosa, con parece un cerebro.","{""p1"": ""s"", ""p4"": ""colonial"", ""p6"": ""no"", ""p19"": ""laminar"", ""p20"": ""colinas"", ""p22"": ""con"", ""p23"": ""unifacial"", ""p24"": ""discontinuos"", ""p28"": ""sin""}"
undaria_agaricites,Undaria agaricites,Coral Hoja,Agariciidae,Escleractinio,Coral laminar con colinas y valles. Forma incrustante o en láminas. Antes clasificado como Agaricia agaricites. Presenta café y textura áspera.,"{""p1"": ""s"", ""p4"": ""colonial"", ""p6"": ""no"", ""p19"": ""laminar"", ""p20"": ""colinas"", ""p22"": ""con"", ""p23"": ""unifacial"", ""p24"": ""discontinuos"", ""p28"": ""sin""}"
undaria_agaricites,Undaria agaricites,Coral Hoja,Agariciidae,Escleractinio,Coral laminar con colinas y valles. Forma incrustante o en láminas. Antes clasificado como Agaricia agaricites. Presenta marrón y superficie uniforme.,"{""p1"": ""s"", ""p4"": ""colonial"", ""p6"": ""no"", ""p19"": ""laminar"", ""p20"": ""colinas"", ""p22"": ""con"", ""p23"": ""unifacial"", ""p24"": ""discontinuos"", ""p28"": ""sin""}"
undaria_agaricites,Undaria agaricites,Coral Hoja,Agariciidae,Escleractinio,"Vi un coral aplanado como un plato, tiene valles y colinas, parece color grisáceo.","{""p1"": ""s"", ""p4"": ""colonial"", ""p6"": ""no"", ""p19"": ""laminar"", ""p20"": ""colinas"", ""p22"": ""con"", ""p23"": ""unifacial"", ""p24"": ""discontinuos"", ""p28"": ""sin""}"
undaria_agaricites,Undaria agaricites,Coral Hoja,Agariciidae,Escleractinio,"Colonia crecimiento en placas con meandros sinuosos característica, como arena.","{""p1"": ""s"", ""p4"": ""colonial"", ""p6"": ""no"", ""p19"": ""laminar"", ""p20"": ""colinas"", ""p22"": ""con"", ""p23"": ""unifacial"", ""p24"": ""discontinuos"", ""p28"": ""sin""}"
undaria_agaricites,Undaria agaricites,Coral Hoja,Agariciidae,Escleractinio,Coral laminar con colinas y valles. Forma incrustante o en láminas. Antes clasificado como Agaricia agaricites. Presenta color arena y poroso.,"{""p1"": ""s"", ""p4"": ""colonial"", ""p6"": ""no"", ""p19"": ""laminar"", ""p20"": ""colinas"", ""p22"": ""con"", ""p23"": ""unifacial"", ""p24"": ""discontinuos"", ""p28"": ""sin""}"
undaria_agaricites,Undaria agaricites,Coral Hoja,Agariciidae,Escleractinio,"como una placa con pinta de surcos sinuosos, tono marrón.","{""p1"": ""s"", ""p4"": ""colonial"", ""p6"": ""no"", ""p19"": ""laminar"", ""p20"": ""colinas"", ""p22"": ""con"", ""p23"": ""unifacial"", ""p24"": ""discontinuos"", ""p28"": ""sin""}"
undaria_agaricites,Undaria agaricites,Coral Hoja,Agariciidae,Escleractinio,"Es como como hojas, tiene valles y colinas y es gris.","{""p1"": ""s"", ""p4"": ""colonial"", ""p6"": ""no"", ""p19"": ""laminar"", ""p20"": ""colinas"", ""p22"": ""con"", ""p23"": ""unifacial"", ""p24"": ""discontinuos"", ""p28"": ""sin""}"
undaria_agaricites,Undaria agaricites,Coral Hoja,Agariciidae,Escleractinio,Coral laminar con colinas y valles. Forma incrustante o en láminas. Antes clasificado como Agaricia agaricites. Presenta color piedra y liso.,"{""p1"": ""s"", ""p4"": ""colonial"", ""p6"": ""no"", ""p19"": ""laminar"", ""p20"": ""colinas"", ""p22"": ""con"", ""p23"": ""unifacial"", ""p24"": ""discontinuos"", ""p28"": ""sin""}"
undaria_agaricites,Undaria agaricites,Coral Hoja,Agariciidae,Escleractinio,Coral laminar con colinas y valles. Forma incrustante o en láminas. Antes clasificado como Agaricia agaricites. Presenta color amarillento y superficie irregular.,"{""p1"": ""s"", ""p4"": ""colonial"", ""p6"": ""no"", ""p19"": ""laminar"", ""p20"": ""colinas"", ""p22"": ""con"", ""p23"": ""unifacial"", ""p24"": ""discontinuos"", ""p28"": ""sin""}"
undaria_agaricites,Undaria agaricites,Coral Hoja,Agariciidae,Escleractinio,"Es como parece una hoja, tiene superficie cerebroide y es color amarillento.","{""p1"": ""s"", ""p4"": ""colonial"", ""p6"": ""no"", ""p19"": ""laminar"", ""p20"": ""colinas"", ""p22"": ""con"", ""p23"": ""unifacial"", ""p24"": ""discontinuos"", ""p28"": ""sin""}"
undaria_agaricites,Undaria agaricites,Coral Hoja,Agariciidae,Escleractinio,"Es como placas delgadas, tiene superficie cerebroide y es color arena.","{""p1"": ""s"", ""p4"": ""colonial"", ""p6"": ""no"", ""p19"": ""laminar"", ""p20"": ""colinas"", ""p22"": ""con"", ""p23"": ""unifacial"", ""p24"": ""discontinuos"", ""p28"": ""sin""}"
undaria_agaricites,Undaria agaricites,Coral Hoja,Agariciidae,Escleractinio,Coral laminar con colinas y valles. Forma incrustante o en láminas. Antes clasificado como Agaricia agaricites. Presenta tonalidad verdosa y superficie rugosa.,"{""p1"": ""s"", ""p4"": ""colonial"", ""p6"": ""no"", ""p19"": ""laminar"", ""p20"": ""colinas"", ""p22"": ""con"", ""p23"": ""unifacial"", ""p24"": ""discontinuos"", ""p28"": ""sin""}"
undaria_agaricites,Undaria agaricites,Coral Hoja,Agariciidae,Escleractinio,"Especie placas delgadas, presenta surcos profundos, tonalidad color café claro.","{""p1"": ""s"", ""p4"": ""colonial"", ""p6"": ""no"", ""p19"": ""laminar"", ""p20"": ""colinas"", ""p22"": ""con"", ""p23"": ""unifacial"", ""p24"": ""discontinuos"", ""p28"": ""sin""}"
undaria_agaricites,Undaria agaricites,Coral Hoja,Agariciidae,Escleractinio,"Parece fino como una hoja con canales, café.","{""p1"": ""s"", ""p4"": ""colonial"", ""p6"": ""no"", ""p19"": ""laminar"", ""p20"": ""colinas"", ""p22"": ""con"", ""p23"": ""unifacial"", ""p24"": ""discontinuos"", ""p28"": ""sin""}"
undaria_agaricites,Undaria agaricites,Coral Hoja,Agariciidae,Escleractinio,"Parece como hojas con como laberinto, color piedra.","{""p1"": ""s"", ""p4"": ""colonial"", ""p6"": ""no"", ""p19"": ""laminar"", ""p20"": ""colinas"", ""p22"": ""con"", ""p23"": ""unifacial"", ""p24"": ""discontinuos"", ""p28"": ""sin""}"
undaria_agaricites,Undaria agaricites,Coral Hoja,Agariciidae,Escleractinio,"Encontré esto: como una placa, se ve surcos, color color marrón claro.","{""p1"": ""s"", ""p4"": ""colonial"", ""p6"": ""no"", ""p19"": ""laminar"", ""p20"": ""colinas"", ""p22"": ""con"", ""p23"": ""unifacial"", ""p24"": ""discontinuos"", ""p28"": ""sin""}"
undaria_agaricites,Undaria agaricites,Coral Hoja,Agariciidae,Escleractinio,"Como coral laminar pero con laberinto, como esponja, color café.","{""p1"": ""s"", ""p4"": ""colonial"", ""p6"": ""no"", ""p19"": ""laminar"", ""p20"": ""colinas"", ""p22"": ""con"", ""p23"": ""unifacial"", ""p24"": ""discontinuos"", ""p28"": ""sin""}"
undaria_agaricites,Undaria agaricites,Coral Hoja,Agariciidae,Escleractinio,"Vi un coral como una hoja, tiene meandros sinuosos, parece tonalidad verdosa.","{""p1"": ""s"", ""p4"": ""colonial"", ""p6"": ""no"", ""p19"": ""laminar"", ""p20"": ""colinas"", ""p22"": ""con"", ""p23"": ""unifacial"", ""p24"": ""discontinuos"", ""p28"": ""sin""}"
undaria_agaricites,Undaria agaricites,Coral Hoja,Agariciidae,Escleractinio,"Parece como papel con parece un cerebro, color amarillento.","{""p1"": ""s"", ""p4"": ""colonial"", ""p6"": ""no"", ""p19"": ""laminar"", ""p20"": ""colinas"", ""p22"": ""con"", ""p23"": ""unifacial"", ""p24"": ""discontinuos"", ""p28"": ""sin""}"
undaria_agaricites,Undaria agaricites,Coral Hoja,Agariciidae,Escleractinio,Coral laminar con colinas y valles. Forma incrustante o en láminas. Antes clasificado como Agaricia agaricites. Presenta como arena y superficie irregular.,"{""p1"": ""s"", ""p4"": ""colonial"", ""p6"": ""no"", ""p19"": ""laminar"", ""p20"": ""colinas"", ""p22"": ""con"", ""p23"": ""unifacial"", ""p24"": ""discontinuos"", ""p28"": ""sin""}"
undaria_agaricites,Undaria agaricites,Coral Hoja,Agariciidae,Escleractinio,Coral laminar con colinas y valles. Forma incrustante o en láminas. Antes clasificado como Agaricia agaricites. Presenta color piedra y áspero al tacto.,"{""p1"": ""s"", ""p4"": ""colonial"", ""p6"": ""no"", ""p19"": ""laminar"", ""p20"": ""colinas"", ""p22"": ""con"", ""p23"": ""unifacial"", ""p24"": ""discontinuos"", ""p28"": ""sin""}"
undaria_agaricites,Undaria agaricites,Coral Hoja,Agariciidae,Escleractinio,"Es como como una laja, tiene surcos profundos y es como arena.","{""p1"": ""s"", ""p4"": ""colonial"", ""p6"": ""no"", ""p19"": ""laminar"", ""p20"": ""colinas"", ""p22"": ""con"", ""p23"": ""unifacial"", ""p24"": ""discontinuos"", ""p28"": ""sin""}"
undaria_agaricites,Undaria agaricites,Coral Hoja,Agariciidae,Escleractinio,"como papel, como una nuez, color grisáceo.","{""p1"": ""s"", ""p4"": ""colonial"", ""p6"": ""no"", ""p19"": ""laminar"", ""p20"": ""colinas"", ""p22"": ""con"", ""p23"": ""unifacial"", ""p24"": ""discontinuos"", ""p28"": ""sin""}"
undaria_agaricites,Undaria agaricites,Coral Hoja,Agariciidae,Escleractinio,Coral laminar con colinas y valles. Forma incrustante o en láminas. Antes clasificado como Agaricia agaricites. Presenta marrón y esqueleto calcáreo.,"{""p1"": ""s"", ""p4"": ""colonial"", ""p6"": ""no"", ""p19"": ""laminar"", ""p20"": ""colinas"", ""p22"": ""con"", ""p23"": ""unifacial"", ""p24"": ""discontinuos"", ""p28"": ""sin""}"
undaria_agaricites,Undaria agaricites,Coral Hoja,Agariciidae,Escleractinio,"Es como como una hoja, tiene como laberinto y es crema.","{""p1"": ""s"", ""p4"": ""colonial"", ""p6"": ""no"", ""p19"": ""laminar"", ""p20"": ""colinas"", ""p22"": ""con"", ""p23"": ""unifacial"", ""p24"": ""discontinuos"", ""p28"": ""sin""}"
undaria_agaricites,Undaria agaricites,Coral Hoja,Agariciidae,Escleractinio,"Es un coral como una placa, áspero al tacto, con superficie cerebroide de color gris.","{""p1"": ""s"", ""p4"": ""colonial"", ""p6"": ""no"", ""p19"": ""laminar"", ""p20"": ""colinas"", ""p22"": ""con"", ""p23"": ""unifacial"", ""p24"": ""discontinuos"", ""p28"": ""sin""}"
undaria_agaricites,Undaria agaricites,Coral Hoja,Agariciidae,Escleractinio,"parece una hoja con pinta de valles y colinas, tono color grisáceo.","{""p1"": ""s"", ""p4"": ""colonial"", ""p6"": ""no"", ""p19"": ""laminar"", ""p20"": ""colinas"", ""p22"": ""con"", ""p23"": ""unifacial"", ""p24"": ""discontinuos"", ""p28"": ""sin""}"
undaria_agaricites,Undaria agaricites,Coral Hoja,Agariciidae,Escleractinio,Coral laminar con colinas y valles. Forma incrustante o en láminas. Antes clasificado como Agaricia agaricites. Presenta tonalidad verdosa y esponjoso.,"{""p1"": ""s"", ""p4"": ""colonial"", ""p6"": ""no"", ""p19"": ""laminar"", ""p20"": ""colinas"", ""p22"": ""con"", ""p23"": ""unifacial"", ""p24"": ""discontinuos"", ""p28"": ""sin""}"
undaria_humilis,Undaria humilis,Coral Hoja,Agariciidae,Escleractinio,"Colonia fino como una hoja con crestas y valles característica, color marrón.","{""p1"": ""s"", ""p4"": ""colonial"", ""p6"": ""no"", ""p19"": ""masiva"", ""p30"": ""valles"", ""p31"": ""poco"", ""p32"": ""convexa""}"
undaria_humilis,Undaria humilis,Coral Hoja,Agariciidae,Escleractinio,"Es un coral forma de lámina, superficie irregular, con valles profundos de color color piedra.","{""p1"": ""s"", ""p4"": ""colonial"", ""p6"": ""no"", ""p19"": ""masiva"", ""p30"": ""valles"", ""p31"": ""poco"", ""p32"": ""convexa""}"
undaria_humilis,Undaria humilis,Coral Hoja,Agariciidae,Escleractinio,Coral laminar con colinas y valles. Forma submasiva convexa. Antes clasificado como Agaricia humilis.,"{""p1"": ""s"", ""p4"": ""colonial"", ""p6"": ""no"", ""p19"": ""masiva"", ""p30"": ""valles"", ""p31"": ""poco"", ""p32"": ""convexa""}"
undaria_humilis,Undaria humilis,Coral Hoja,Agariciidae,Escleractinio,Coral laminar con colinas y valles. Forma submasiva convexa. Antes clasificado como Agaricia humilis. Presenta color piedra y superficie rugosa.,"{""p1"": ""s"", ""p4"": ""colonial"", ""p6"": ""no"", ""p19"": ""masiva"", ""p30"": ""valles"", ""p31"": ""poco"", ""p32"": ""convexa""}"
undaria_humilis,Undaria humilis,Coral Hoja,Agariciidae,Escleractinio,Coral laminar con colinas y valles. Forma submasiva convexa. Antes clasificado como Agaricia humilis. Presenta beige y textura áspera.,"{""p1"": ""s"", ""p4"": ""colonial"", ""p6"": ""no"", ""p19"": ""masiva"", ""p30"": ""valles"", ""p31"": ""poco"", ""p32"": ""convexa""}"
undaria_humilis,Undaria humilis,Coral Hoja,Agariciidae,Escleractinio,"Especie como un disco, presenta valles profundos, tonalidad color café.","{""p1"": ""s"", ""p4"": ""colonial"", ""p6"": ""no"", ""p19"": ""masiva"", ""p30"": ""valles"", ""p31"": ""poco"", ""p32"": ""convexa""}"
undaria_humilis,Undaria humilis,Coral Hoja,Agariciidae,Escleractinio,Coral laminar con colinas y valles. Forma submasiva convexa. Antes clasificado como Agaricia humilis. Presenta crema y como esponja.,"{""p1"": ""s"", ""p4"": ""colonial"", ""p6"": ""no"", ""p19"": ""masiva"", ""p30"": ""valles"", ""p31"": ""poco"", ""p32"": ""convexa""}"
undaria_humilis,Undaria humilis,Coral Hoja,Agariciidae,Escleractinio,Coral laminar con colinas y valles. Forma submasiva convexa. Antes clasificado como Agaricia humilis. Presenta tonalidad verdosa y como una roca.,"{""p1"": ""s"", ""p4"": ""colonial"", ""p6"": ""no"", ""p19"": ""masiva"", ""p30"": ""valles"", ""p31"": ""poco"", ""p32"": ""convexa""}"
undaria_humilis,Undaria humilis,Coral Hoja,Agariciidae,Escleractinio,"Es como placa delgada, tiene surcos y es marrón.","{""p1"": ""s"", ""p4"": ""colonial"", ""p6"": ""no"", ""p19"": ""masiva"", ""p30"": ""valles"", ""p31"": ""poco"", ""p32"": ""convexa""}"
undaria_humilis,Undaria humilis,Coral Hoja,Agariciidae,Escleractinio,"Estaba buceando y vi como papel con surcos sinuosos, beige.","{""p1"": ""s"", ""p4"": ""colonial"", ""p6"": ""no"", ""p19"": ""masiva"", ""p30"": ""valles"", ""p31"": ""poco"", ""p32"": ""convexa""}"
undaria_humilis,Undaria humilis,Coral Hoja,Agariciidae,Escleractinio,Un coral hojas delgadas que tiene meandros sinuosos y es superficie rugosa.,"{""p1"": ""s"", ""p4"": ""colonial"", ""p6"": ""no"", ""p19"": ""masiva"", ""p30"": ""valles"", ""p31"": ""poco"", ""p32"": ""convexa""}"
undaria_humilis,Undaria humilis,Coral Hoja,Agariciidae,Escleractinio,Coral laminar con colinas y valles. Forma submasiva convexa. Antes clasificado como Agaricia humilis. Presenta color marrón y superficie rugosa.,"{""p1"": ""s"", ""p4"": ""colonial"", ""p6"": ""no"", ""p19"": ""masiva"", ""p30"": ""valles"", ""p31"": ""poco"", ""p32"": ""convexa""}"
undaria_humilis,Undaria humilis,Coral Hoja,Agariciidae,Escleractinio,"Estaba buceando y vi placas superpuestas con crestas y valles, blanquecino.","{""p1"": ""s"", ""p4"": ""colonial"", ""p6"": ""no"", ""p19"": ""masiva"", ""p30"": ""valles"", ""p31"": ""poco"", ""p32"": ""convexa""}"
undaria_humilis,Undaria humilis,Coral Hoja,Agariciidae,Escleractinio,Coral laminar con colinas y valles. Forma submasiva convexa. Antes clasificado como Agaricia humilis. Presenta color amarillento y superficie irregular.,"{""p1"": ""s"", ""p4"": ""colonial"", ""p6"": ""no"", ""p19"": ""masiva"", ""p30"": ""valles"", ""p31"": ""poco"", ""p32"": ""convexa""}"
undaria_humilis,Undaria humilis,Coral Hoja,Agariciidae,Escleractinio,Forma: crecimiento en placas. Textura: valles profundos. Tono: café.,"{""p1"": ""s"", ""p4"": ""colonial"", ""p6"": ""no"", ""p19"": ""masiva"", ""p30"": ""valles"", ""p31"": ""poco"", ""p32"": ""convexa""}"
undaria_humilis,Undaria humilis,Coral Hoja,Agariciidae,Escleractinio,Coral laminar con colinas y valles. Forma submasiva convexa. Antes clasificado como Agaricia humilis. Presenta blanquecino y superficie irregular.,"{""p1"": ""s"", ""p4"": ""colonial"", ""p6"": ""no"", ""p19"": ""masiva"", ""p30"": ""valles"", ""p31"": ""poco"", ""p32"": ""convexa""}"
undaria_humilis,Undaria humilis,Coral Hoja,Agariciidae,Escleractinio,Coral laminar con colinas y valles. Forma submasiva convexa. Antes clasificado como Agaricia humilis. Presenta como arena y superficie porosa.,"{""p1"": ""s"", ""p4"": ""colonial"", ""p6"": ""no"", ""p19"": ""masiva"", ""p30"": ""valles"", ""p31"": ""poco"", ""p32"": ""convexa""}"
undaria_humilis,Undaria humilis,Coral Hoja,Agariciidae,Escleractinio,Tipo: como hojas. Superficie: laberinto. Color: color arena.,"{""p1"": ""s"", ""p4"": ""colonial"", ""p6"": ""no"", ""p19"": ""masiva"", ""p30"": ""valles"", ""p31"": ""poco"", ""p32"": ""convexa""}"
undaria_humilis,Undaria humilis,Coral Hoja,Agariciidae,Escleractinio,"Como forma de lámina pero con se ve como un cerebro, superficie uniforme, color marrón.","{""p1"": ""s"", ""p4"": ""colonial"", ""p6"": ""no"", ""p19"": ""masiva"", ""p30"": ""valles"", ""p31"": ""poco"", ""p32"": ""convexa""}"
undaria_humilis,Undaria humilis,Coral Hoja,Agariciidae,Escleractinio,Un coral hojas delgadas que tiene surcos profundos y es superficie lisa.,"{""p1"": ""s"", ""p4"": ""colonial"", ""p6"": ""no"", ""p19"": ""masiva"", ""p30"": ""valles"", ""p31"": ""poco"", ""p32"": ""convexa""}"
undaria_humilis,Undaria humilis,Coral Hoja,Agariciidae,Escleractinio,"Colonia como hojas con surcos característica, color grisáceo.","{""p1"": ""s"", ""p4"": ""colonial"", ""p6"": ""no"", ""p19"": ""masiva"", ""p30"": ""valles"", ""p31"": ""poco"", ""p32"": ""convexa""}"
undaria_humilis,Undaria humilis,Coral Hoja,Agariciidae,Escleractinio,"Parece como platos con valles profundos, color marrón.","{""p1"": ""s"", ""p4"": ""colonial"", ""p6"": ""no"", ""p19"": ""masiva"", ""p30"": ""valles"", ""p31"": ""poco"", ""p32"": ""convexa""}"
undaria_humilis,Undaria humilis,Coral Hoja,Agariciidae,Escleractinio,"Especie como hojas, presenta surcos profundos, tonalidad amarillento.","{""p1"": ""s"", ""p4"": ""colonial"", ""p6"": ""no"", ""p19"": ""masiva"", ""p30"": ""valles"", ""p31"": ""poco"", ""p32"": ""convexa""}"
undaria_humilis,Undaria humilis,Coral Hoja,Agariciidae,Escleractinio,Un coral fino como una hoja que tiene parece un cerebro y es liso.,"{""p1"": ""s"", ""p4"": ""colonial"", ""p6"": ""no"", ""p19"": ""masiva"", ""p30"": ""valles"", ""p31"": ""poco"", ""p32"": ""convexa""}"
undaria_humilis,Undaria humilis,Coral Hoja,Agariciidae,Escleractinio,Forma: placas delgadas. Textura: surcos sinuosos. Tono: crema.,"{""p1"": ""s"", ""p4"": ""colonial"", ""p6"": ""no"", ""p19"": ""masiva"", ""p30"": ""valles"", ""p31"": ""poco"", ""p32"": ""convexa""}"
undaria_humilis,Undaria humilis,Coral Hoja,Agariciidae,Escleractinio,Tipo: forma de disco folioso. Superficie: canales. Color: color café.,"{""p1"": ""s"", ""p4"": ""colonial"", ""p6"": ""no"", ""p19"": ""masiva"", ""p30"": ""valles"", ""p31"": ""poco"", ""p32"": ""convexa""}"
undaria_humilis,Undaria humilis,Coral Hoja,Agariciidae,Escleractinio,"Coral de tipo placas delgadas, superficie parece un cerebro, liso.","{""p1"": ""s"", ""p4"": ""colonial"", ""p6"": ""no"", ""p19"": ""masiva"", ""p30"": ""valles"", ""p31"": ""poco"", ""p32"": ""convexa""}"
undaria_humilis,Undaria humilis,Coral Hoja,Agariciidae,Escleractinio,"Uno parece una hoja que está como esponja, con con grietas.","{""p1"": ""s"", ""p4"": ""colonial"", ""p6"": ""no"", ""p19"": ""masiva"", ""p30"": ""valles"", ""p31"": ""poco"", ""p32"": ""convexa""}"
undaria_humilis,Undaria humilis,Coral Hoja,Agariciidae,Escleractinio,Un coral placa delgada que tiene con canales y es esponjoso.,"{""p1"": ""s"", ""p4"": ""colonial"", ""p6"": ""no"", ""p19"": ""masiva"", ""p30"": ""valles"", ""p31"": ""poco"", ""p32"": ""convexa""}"
undaria_humilis,Undaria humilis,Coral Hoja,Agariciidae,Escleractinio,Coral laminar con colinas y valles. Forma submasiva convexa. Antes clasificado como Agaricia humilis. Presenta color marrón claro y como una roca.,"{""p1"": ""s"", ""p4"": ""colonial"", ""p6"": ""no"", ""p19"": ""masiva"", ""p30"": ""valles"", ""p31"": ""poco"", ""p32"": ""convexa""}"
undaria_humilis,Undaria humilis,Coral Hoja,Agariciidae,Escleractinio,"Estaba buceando y vi forma de disco folioso con superficie cerebroide, beige.","{""p1"": ""s"", ""p4"": ""colonial"", ""p6"": ""no"", ""p19"": ""masiva"", ""p30"": ""valles"", ""p31"": ""poco"", ""p32"": ""convexa""}"
undaria_humilis,Undaria humilis,Coral Hoja,Agariciidae,Escleractinio,Coral laminar con colinas y valles. Forma submasiva convexa. Antes clasificado como Agaricia humilis. Presenta color marrón y como una roca.,"{""p1"": ""s"", ""p4"": ""colonial"", ""p6"": ""no"", ""p19"": ""masiva"", ""p30"": ""valles"", ""p31"": ""poco"", ""p32"": ""convexa""}"
undaria_humilis,Undaria humilis,Coral Hoja,Agariciidae,Escleractinio,"como hojas con pinta de surcos sinuosos, tono crema.","{""p1"": ""s"", ""p4"": ""colonial"", ""p6"": ""no"", ""p19"": ""masiva"", ""p30"": ""valles"", ""p31"": ""poco"", ""p32"": ""convexa""}"
undaria_humilis,Undaria humilis,Coral Hoja,Agariciidae,Escleractinio,Coral laminar con colinas y valles. Forma submasiva convexa. Antes clasificado como Agaricia humilis. Presenta color tierra y rugoso.,"{""p1"": ""s"", ""p4"": ""colonial"", ""p6"": ""no"", ""p19"": ""masiva"", ""p30"": ""valles"", ""p31"": ""poco"", ""p32"": ""convexa""}"
undaria_humilis,Undaria humilis,Coral Hoja,Agariciidae,Escleractinio,"Coral de tipo placas superpuestas, superficie surcos sinuosos, superficie lisa.","{""p1"": ""s"", ""p4"": ""colonial"", ""p6"": ""no"", ""p19"": ""masiva"", ""p30"": ""valles"", ""p31"": ""poco"", ""p32"": ""convexa""}"
undaria_humilis,Undaria humilis,Coral Hoja,Agariciidae,Escleractinio,Forma: placas superpuestas. Textura: valles profundos. Tono: crema.,"{""p1"": ""s"", ""p4"": ""colonial"", ""p6"": ""no"", ""p19"": ""masiva"", ""p30"": ""valles"", ""p31"": ""poco"", ""p32"": ""convexa""}"
undaria_humilis,Undaria humilis,Coral Hoja,Agariciidae,Escleractinio,Coral laminar con colinas y valles. Forma submasiva convexa. Antes clasificado como Agaricia humilis. Presenta color marrón claro y superficie irregular.,"{""p1"": ""s"", ""p4"": ""colonial"", ""p6"": ""no"", ""p19"": ""masiva"", ""p30"": ""valles"", ""p31"": ""poco"", ""p32"": ""convexa""}"
undaria_humilis,Undaria humilis,Coral Hoja,Agariciidae,Escleractinio,"Uno aspecto de hoja que está como esponja, con parece un cerebro.","{""p1"": ""s"", ""p4"": ""colonial"", ""p6"": ""no"", ""p19"": ""masiva"", ""p30"": ""valles"", ""p31"": ""poco"", ""p32"": ""convexa""}"
undaria_humilis,Undaria humilis,Coral Hoja,Agariciidae,Escleractinio,Forma: como una placa. Textura: con surcos. Tono: color marrón claro.,"{""p1"": ""s"", ""p4"": ""colonial"", ""p6"": ""no"", ""p19"": ""masiva"", ""p30"": ""valles"", ""p31"": ""poco"", ""p32"": ""convexa""}"
undaria_humilis,Undaria humilis,Coral Hoja,Agariciidae,Escleractinio,Coral laminar con colinas y valles. Forma submasiva convexa. Antes clasificado como Agaricia humilis. Presenta verdoso y liso.,"{""p1"": ""s"", ""p4"": ""colonial"", ""p6"": ""no"", ""p19"": ""masiva"", ""p30"": ""valles"", ""p31"": ""poco"", ""p32"": ""convexa""}"
undaria_humilis,Undaria humilis,Coral Hoja,Agariciidae,Escleractinio,Coral laminar con colinas y valles. Forma submasiva convexa. Antes clasificado como Agaricia humilis. Presenta café y liso.,"{""p1"": ""s"", ""p4"": ""colonial"", ""p6"": ""no"", ""p19"": ""masiva"", ""p30"": ""valles"", ""p31"": ""poco"", ""p32"": ""convexa""}"
undaria_humilis,Undaria humilis,Coral Hoja,Agariciidae,Escleractinio,Un coral láminas delgadas que tiene como laberinto y es superficie lisa.,"{""p1"": ""s"", ""p4"": ""colonial"", ""p6"": ""no"", ""p19"": ""masiva"", ""p30"": ""valles"", ""p31"": ""poco"", ""p32"": ""convexa""}"
undaria_humilis,Undaria humilis,Coral Hoja,Agariciidae,Escleractinio,"Uno láminas delgadas que está esponjoso, con valles profundos.","{""p1"": ""s"", ""p4"": ""colonial"", ""p6"": ""no"", ""p19"": ""masiva"", ""p30"": ""valles"", ""p31"": ""poco"", ""p32"": ""convexa""}"
undaria_humilis,Undaria humilis,Coral Hoja,Agariciidae,Escleractinio,"Uno en forma de hoja que está poroso, con forma de cerebro.","{""p1"": ""s"", ""p4"": ""colonial"", ""p6"": ""no"", ""p19"": ""masiva"", ""p30"": ""valles"", ""p31"": ""poco"", ""p32"": ""convexa""}"
undaria_humilis,Undaria humilis,Coral Hoja,Agariciidae,Escleractinio,Tipo: placa delgada. Superficie: como laberinto. Color: como arena.,"{""p1"": ""s"", ""p4"": ""colonial"", ""p6"": ""no"", ""p19"": ""masiva"", ""p30"": ""valles"", ""p31"": ""poco"", ""p32"": ""convexa""}"
undaria_humilis,Undaria humilis,Coral Hoja,Agariciidae,Escleractinio,"Uno como una hoja que está superficie irregular, con canales.","{""p1"": ""s"", ""p4"": ""colonial"", ""p6"": ""no"", ""p19"": ""masiva"", ""p30"": ""valles"", ""p31"": ""poco"", ""p32"": ""convexa""}"
undaria_humilis,Undaria humilis,Coral Hoja,Agariciidae,Escleractinio,"forma de disco folioso con pinta de surcos sinuosos, tono color marrón claro.","{""p1"": ""s"", ""p4"": ""colonial"", ""p6"": ""no"", ""p19"": ""masiva"", ""p30"": ""valles"", ""p31"": ""poco"", ""p32"": ""convexa""}"
undaria_humilis,Undaria humilis,Coral Hoja,Agariciidae,Escleractinio,"Colonia como una placa con como una nuez característica, color arena.","{""p1"": ""s"", ""p4"": ""colonial"", ""p6"": ""no"", ""p19"": ""masiva"", ""p30"": ""valles"", ""p31"": ""poco"", ""p32"": ""convexa""}"
undaria_humilis,Undaria humilis,Coral Hoja,Agariciidae,Escleractinio,"como una tortilla, con canales, gris.","{""p1"": ""s"", ""p4"": ""colonial"", ""p6"": ""no"", ""p19"": ""masiva"", ""p30"": ""valles"", ""p31"": ""poco"", ""p32"": ""convexa""}"
undaria_humilis,Undaria humilis,Coral Hoja,Agariciidae,Escleractinio,"Encontré esto: como una laja, se ve con canales, color gris.","{""p1"": ""s"", ""p4"": ""colonial"", ""p6"": ""no"", ""p19"": ""masiva"", ""p30"": ""valles"", ""p31"": ""poco"", ""p32"": ""convexa""}"
undaria_humilis,Undaria humilis,Coral Hoja,Agariciidae,Escleractinio,Coral laminar con colinas y valles. Forma submasiva convexa. Antes clasificado como Agaricia humilis. Presenta blanquecino y textura áspera.,"{""p1"": ""s"", ""p4"": ""colonial"", ""p6"": ""no"", ""p19"": ""masiva"", ""p30"": ""valles"", ""p31"": ""poco"", ""p32"": ""convexa""}"
agaricia_fragilis,Agaricia fragilis,Coral Hoja Quebradiza,Agariciidae,Escleractinio,Tipo: como una hoja. Superficie: surcos profundos. Color: color grisáceo.,"{""p1"": ""s"", ""p4"": ""colonial"", ""p6"": ""no"", ""p19"": ""laminar"", ""p20"": ""colinas"", ""p22"": ""con"", ""p23"": ""unifacial"", ""p24"": ""continuos"", ""p25"": ""5_8"", ""p27"": ""2_4""}"
agaricia_fragilis,Agaricia fragilis,Coral Hoja Quebradiza,Agariciidae,Escleractinio,"hojas delgadas con pinta de como laberinto, tono marrón.","{""p1"": ""s"", ""p4"": ""colonial"", ""p6"": ""no"", ""p19"": ""laminar"", ""p20"": ""colinas"", ""p22"": ""con"", ""p23"": ""unifacial"", ""p24"": ""continuos"", ""p25"": ""5_8"", ""p27"": ""2_4""}"
agaricia_fragilis,Agaricia fragilis,Coral Hoja Quebradiza,Agariciidae,Escleractinio,Tipo: como papel. Superficie: surcos como cerebro. Color: color marrón.,"{""p1"": ""s"", ""p4"": ""colonial"", ""p6"": ""no"", ""p19"": ""laminar"", ""p20"": ""colinas"", ""p22"": ""con"", ""p23"": ""unifacial"", ""p24"": ""continuos"", ""p25"": ""5_8"", ""p27"": ""2_4""}"
agaricia_fragilis,Agaricia fragilis,Coral Hoja Quebradiza,Agariciidae,Escleractinio,"Vi un coral coral laminar, tiene con grietas, parece tonalidad verdosa.","{""p1"": ""s"", ""p4"": ""colonial"", ""p6"": ""no"", ""p19"": ""laminar"", ""p20"": ""colinas"", ""p22"": ""con"", ""p23"": ""unifacial"", ""p24"": ""continuos"", ""p25"": ""5_8"", ""p27"": ""2_4""}"
agaricia_fragilis,Agaricia fragilis,Coral Hoja Quebradiza,Agariciidae,Escleractinio,Coral laminar con colinas distanciadas 2-4 mm. Estructura frágil y quebradiza. Presenta color café claro y superficie irregular.,"{""p1"": ""s"", ""p4"": ""colonial"", ""p6"": ""no"", ""p19"": ""laminar"", ""p20"": ""colinas"", ""p22"": ""con"", ""p23"": ""unifacial"", ""p24"": ""continuos"", ""p25"": ""5_8"", ""p27"": ""2_4""}"
agaricia_fragilis,Agaricia fragilis,Coral Hoja Quebradiza,Agariciidae,Escleractinio,"Colonia coral laminar con con canales característica, café.","{""p1"": ""s"", ""p4"": ""colonial"", ""p6"": ""no"", ""p19"": ""laminar"", ""p20"": ""colinas"", ""p22"": ""con"", ""p23"": ""unifacial"", ""p24"": ""continuos"", ""p25"": ""5_8"", ""p27"": ""2_4""}"
agaricia_fragilis,Agaricia fragilis,Coral Hoja Quebradiza,Agariciidae,Escleractinio,"Es un coral fino como una hoja, textura áspera, con como laberinto de color color café claro.","{""p1"": ""s"", ""p4"": ""colonial"", ""p6"": ""no"", ""p19"": ""laminar"", ""p20"": ""colinas"", ""p22"": ""con"", ""p23"": ""unifacial"", ""p24"": ""continuos"", ""p25"": ""5_8"", ""p27"": ""2_4""}"
agaricia_fragilis,Agaricia fragilis,Coral Hoja Quebradiza,Agariciidae,Escleractinio,"Encontré esto: coral laminar, se ve con surcos, color color café.","{""p1"": ""s"", ""p4"": ""colonial"", ""p6"": ""no"", ""p19"": ""laminar"", ""p20"": ""colinas"", ""p22"": ""con"", ""p23"": ""unifacial"", ""p24"": ""continuos"", ""p25"": ""5_8"", ""p27"": ""2_4""}"
agaricia_fragilis,Agaricia fragilis,Coral Hoja Quebradiza,Agariciidae,Escleractinio,Coral laminar con colinas distanciadas 2-4 mm. Estructura frágil y quebradiza. Presenta color marrón claro y rugoso.,"{""p1"": ""s"", ""p4"": ""colonial"", ""p6"": ""no"", ""p19"": ""laminar"", ""p20"": ""colinas"", ""p22"": ""con"", ""p23"": ""unifacial"", ""p24"": ""continuos"", ""p25"": ""5_8"", ""p27"": ""2_4""}"
agaricia_fragilis,Agaricia fragilis,Coral Hoja Quebradiza,Agariciidae,Escleractinio,Coral laminar con colinas distanciadas 2-4 mm. Estructura frágil y quebradiza. Presenta color arena y liso.,"{""p1"": ""s"", ""p4"": ""colonial"", ""p6"": ""no"", ""p19"": ""laminar"", ""p20"": ""colinas"", ""p22"": ""con"", ""p23"": ""unifacial"", ""p24"": ""continuos"", ""p25"": ""5_8"", ""p27"": ""2_4""}"
agaricia_fragilis,Agaricia fragilis,Coral Hoja Quebradiza,Agariciidae,Escleractinio,"Colonia aplanado como un plato con meandros sinuosos característica, color marrón.","{""p1"": ""s"", ""p4"": ""colonial"", ""p6"": ""no"", ""p19"": ""laminar"", ""p20"": ""colinas"", ""p22"": ""con"", ""p23"": ""unifacial"", ""p24"": ""continuos"", ""p25"": ""5_8"", ""p27"": ""2_4""}"
agaricia_fragilis,Agaricia fragilis,Coral Hoja Quebradiza,Agariciidae,Escleractinio,"Como como un disco pero con forma de cerebro, superficie porosa, verdoso.","{""p1"": ""s"", ""p4"": ""colonial"", ""p6"": ""no"", ""p19"": ""laminar"", ""p20"": ""colinas"", ""p22"": ""con"", ""p23"": ""unifacial"", ""p24"": ""continuos"", ""p25"": ""5_8"", ""p27"": ""2_4""}"
agaricia_fragilis,Agaricia fragilis,Coral Hoja Quebradiza,Agariciidae,Escleractinio,Coral laminar con colinas distanciadas 2-4 mm. Estructura frágil y quebradiza. Presenta verdoso y colonias densas.,"{""p1"": ""s"", ""p4"": ""colonial"", ""p6"": ""no"", ""p19"": ""laminar"", ""p20"": ""colinas"", ""p22"": ""con"", ""p23"": ""unifacial"", ""p24"": ""continuos"", ""p25"": ""5_8"", ""p27"": ""2_4""}"
agaricia_fragilis,Agaricia fragilis,Coral Hoja Quebradiza,Agariciidae,Escleractinio,"Colonia forma de disco folioso con surcos sinuosos característica, crema.","{""p1"": ""s"", ""p4"": ""colonial"", ""p6"": ""no"", ""p19"": ""laminar"", ""p20"": ""colinas"", ""p22"": ""con"", ""p23"": ""unifacial"", ""p24"": ""continuos"", ""p25"": ""5_8"", ""p27"": ""2_4""}"
agaricia_fragilis,Agaricia fragilis,Coral Hoja Quebradiza,Agariciidae,Escleractinio,"Como aplanado como un plato pero con como una nuez, rugoso, color amarillento.","{""p1"": ""s"", ""p4"": ""colonial"", ""p6"": ""no"", ""p19"": ""laminar"", ""p20"": ""colinas"", ""p22"": ""con"", ""p23"": ""unifacial"", ""p24"": ""continuos"", ""p25"": ""5_8"", ""p27"": ""2_4""}"
agaricia_fragilis,Agaricia fragilis,Coral Hoja Quebradiza,Agariciidae,Escleractinio,"Estaba buceando y vi forma de disco folioso con valles y colinas, tonalidad verdosa.","{""p1"": ""s"", ""p4"": ""colonial"", ""p6"": ""no"", ""p19"": ""laminar"", ""p20"": ""colinas"", ""p22"": ""con"", ""p23"": ""unifacial"", ""p24"": ""continuos"", ""p25"": ""5_8"", ""p27"": ""2_4""}"
agaricia_fragilis,Agaricia fragilis,Coral Hoja Quebradiza,Agariciidae,Escleractinio,"Como como una hoja pero con surcos sinuosos, liso, color marrón claro.","{""p1"": ""s"", ""p4"": ""colonial"", ""p6"": ""no"", ""p19"": ""laminar"", ""p20"": ""colinas"", ""p22"": ""con"", ""p23"": ""unifacial"", ""p24"": ""continuos"", ""p25"": ""5_8"", ""p27"": ""2_4""}"
agaricia_fragilis,Agaricia fragilis,Coral Hoja Quebradiza,Agariciidae,Escleractinio,"Es como como una placa, tiene con canales y es café.","{""p1"": ""s"", ""p4"": ""colonial"", ""p6"": ""no"", ""p19"": ""laminar"", ""p20"": ""colinas"", ""p22"": ""con"", ""p23"": ""unifacial"", ""p24"": ""continuos"", ""p25"": ""5_8"", ""p27"": ""2_4""}"
agaricia_fragilis,Agaricia fragilis,Coral Hoja Quebradiza,Agariciidae,Escleractinio,Coral laminar con colinas distanciadas 2-4 mm. Estructura frágil y quebradiza. Presenta como arena y superficie lisa.,"{""p1"": ""s"", ""p4"": ""colonial"", ""p6"": ""no"", ""p19"": ""laminar"", ""p20"": ""colinas"", ""p22"": ""con"", ""p23"": ""unifacial"", ""p24"": ""continuos"", ""p25"": ""5_8"", ""p27"": ""2_4""}"
agaricia_fragilis,Agaricia fragilis,Coral Hoja Quebradiza,Agariciidae,Escleractinio,"como una placa con pinta de surcos profundos, tono beige.","{""p1"": ""s"", ""p4"": ""colonial"", ""p6"": ""no"", ""p19"": ""laminar"", ""p20"": ""colinas"", ""p22"": ""con"", ""p23"": ""unifacial"", ""p24"": ""continuos"", ""p25"": ""5_8"", ""p27"": ""2_4""}"
agaricia_fragilis,Agaricia fragilis,Coral Hoja Quebradiza,Agariciidae,Escleractinio,Forma: como una laja. Textura: parece un cerebro. Tono: color marrón.,"{""p1"": ""s"", ""p4"": ""colonial"", ""p6"": ""no"", ""p19"": ""laminar"", ""p20"": ""colinas"", ""p22"": ""con"", ""p23"": ""unifacial"", ""p24"": ""continuos"", ""p25"": ""5_8"", ""p27"": ""2_4""}"
agaricia_fragilis,Agaricia fragilis,Coral Hoja Quebradiza,Agariciidae,Escleractinio,Coral laminar con colinas distanciadas 2-4 mm. Estructura frágil y quebradiza.,"{""p1"": ""s"", ""p4"": ""colonial"", ""p6"": ""no"", ""p19"": ""laminar"", ""p20"": ""colinas"", ""p22"": ""con"", ""p23"": ""unifacial"", ""p24"": ""continuos"", ""p25"": ""5_8"", ""p27"": ""2_4""}"
agaricia_fragilis,Agaricia fragilis,Coral Hoja Quebradiza,Agariciidae,Escleractinio,Coral laminar con colinas distanciadas 2-4 mm. Estructura frágil y quebradiza. Presenta como arena y superficie porosa.,"{""p1"": ""s"", ""p4"": ""colonial"", ""p6"": ""no"", ""p19"": ""laminar"", ""p20"": ""colinas"", ""p22"": ""con"", ""p23"": ""unifacial"", ""p24"": ""continuos"", ""p25"": ""5_8"", ""p27"": ""2_4""}"
agaricia_fragilis,Agaricia fragilis,Coral Hoja Quebradiza,Agariciidae,Escleractinio,Coral laminar con colinas distanciadas 2-4 mm. Estructura frágil y quebradiza. Presenta tonalidad verdosa y superficie lisa.,"{""p1"": ""s"", ""p4"": ""colonial"", ""p6"": ""no"", ""p19"": ""laminar"", ""p20"": ""colinas"", ""p22"": ""con"", ""p23"": ""unifacial"", ""p24"": ""continuos"", ""p25"": ""5_8"", ""p27"": ""2_4""}"
agaricia_fragilis,Agaricia fragilis,Coral Hoja Quebradiza,Agariciidae,Escleractinio,"Colonia forma de disco folioso con forma de cerebro característica, color piedra.","{""p1"": ""s"", ""p4"": ""colonial"", ""p6"": ""no"", ""p19"": ""laminar"", ""p20"": ""colinas"", ""p22"": ""con"", ""p23"": ""unifacial"", ""p24"": ""continuos"", ""p25"": ""5_8"", ""p27"": ""2_4""}"
agaricia_fragilis,Agaricia fragilis,Coral Hoja Quebradiza,Agariciidae,Escleractinio,"forma de disco folioso, superficie cerebroide, color café.","{""p1"": ""s"", ""p4"": ""colonial"", ""p6"": ""no"", ""p19"": ""laminar"", ""p20"": ""colinas"", ""p22"": ""con"", ""p23"": ""unifacial"", ""p24"": ""continuos"", ""p25"": ""5_8"", ""p27"": ""2_4""}"
agaricia_fragilis,Agaricia fragilis,Coral Hoja Quebradiza,Agariciidae,Escleractinio,Coral laminar con colinas distanciadas 2-4 mm. Estructura frágil y quebradiza. Presenta crema y colonias densas.,"{""p1"": ""s"", ""p4"": ""colonial"", ""p6"": ""no"", ""p19"": ""laminar"", ""p20"": ""colinas"", ""p22"": ""con"", ""p23"": ""unifacial"", ""p24"": ""continuos"", ""p25"": ""5_8"", ""p27"": ""2_4""}"
agaricia_fragilis,Agaricia fragilis,Coral Hoja Quebradiza,Agariciidae,Escleractinio,Coral laminar con colinas distanciadas 2-4 mm. Estructura frágil y quebradiza. Presenta color marrón claro y colonias densas.,"{""p1"": ""s"", ""p4"": ""colonial"", ""p6"": ""no"", ""p19"": ""laminar"", ""p20"": ""colinas"", ""p22"": ""con"", ""p23"": ""unifacial"", ""p24"": ""continuos"", ""p25"": ""5_8"", ""p27"": ""2_4""}"
agaricia_fragilis,Agaricia fragilis,Coral Hoja Quebradiza,Agariciidae,Escleractinio,"Encontré esto: láminas delgadas, se ve superficie cerebroide, color tonalidad verdosa.","{""p1"": ""s"", ""p4"": ""colonial"", ""p6"": ""no"", ""p19"": ""laminar"", ""p20"": ""colinas"", ""p22"": ""con"", ""p23"": ""unifacial"", ""p24"": ""continuos"", ""p25"": ""5_8"", ""p27"": ""2_4""}"
agaricia_fragilis,Agaricia fragilis,Coral Hoja Quebradiza,Agariciidae,Escleractinio,"Coral de tipo forma de disco folioso, superficie valles profundos, áspero al tacto.","{""p1"": ""s"", ""p4"": ""colonial"", ""p6"": ""no"", ""p19"": ""laminar"", ""p20"": ""colinas"", ""p22"": ""con"", ""p23"": ""unifacial"", ""p24"": ""continuos"", ""p25"": ""5_8"", ""p27"": ""2_4""}"
agaricia_fragilis,Agaricia fragilis,Coral Hoja Quebradiza,Agariciidae,Escleractinio,"Es como como una tortilla, tiene canales y es color piedra.","{""p1"": ""s"", ""p4"": ""colonial"", ""p6"": ""no"", ""p19"": ""laminar"", ""p20"": ""colinas"", ""p22"": ""con"", ""p23"": ""unifacial"", ""p24"": ""continuos"", ""p25"": ""5_8"", ""p27"": ""2_4""}"
agaricia_fragilis,Agaricia fragilis,Coral Hoja Quebradiza,Agariciidae,Escleractinio,Coral laminar con colinas distanciadas 2-4 mm. Estructura frágil y quebradiza. Presenta color marrón claro y duro como roca.,"{""p1"": ""s"", ""p4"": ""colonial"", ""p6"": ""no"", ""p19"": ""laminar"", ""p20"": ""colinas"", ""p22"": ""con"", ""p23"": ""unifacial"", ""p24"": ""continuos"", ""p25"": ""5_8"", ""p27"": ""2_4""}"
agaricia_fragilis,Agaricia fragilis,Coral Hoja Quebradiza,Agariciidae,Escleractinio,"Colonia placa delgada con surcos sinuosos característica, color piedra.","{""p1"": ""s"", ""p4"": ""colonial"", ""p6"": ""no"", ""p19"": ""laminar"", ""p20"": ""colinas"", ""p22"": ""con"", ""p23"": ""unifacial"", ""p24"": ""continuos"", ""p25"": ""5_8"", ""p27"": ""2_4""}"
agaricia_fragilis,Agaricia fragilis,Coral Hoja Quebradiza,Agariciidae,Escleractinio,"Vi un coral forma de disco folioso, tiene valles profundos, parece crema.","{""p1"": ""s"", ""p4"": ""colonial"", ""p6"": ""no"", ""p19"": ""laminar"", ""p20"": ""colinas"", ""p22"": ""con"", ""p23"": ""unifacial"", ""p24"": ""continuos"", ""p25"": ""5_8"", ""p27"": ""2_4""}"
agaricia_fragilis,Agaricia fragilis,Coral Hoja Quebradiza,Agariciidae,Escleractinio,"Es un coral coral laminar, esponjoso, con como laberinto de color crema.","{""p1"": ""s"", ""p4"": ""colonial"", ""p6"": ""no"", ""p19"": ""laminar"", ""p20"": ""colinas"", ""p22"": ""con"", ""p23"": ""unifacial"", ""p24"": ""continuos"", ""p25"": ""5_8"", ""p27"": ""2_4""}"
agaricia_fragilis,Agaricia fragilis,Coral Hoja Quebradiza,Agariciidae,Escleractinio,"Estaba buceando y vi fino como una hoja con se ve como un cerebro, gris.","{""p1"": ""s"", ""p4"": ""colonial"", ""p6"": ""no"", ""p19"": ""laminar"", ""p20"": ""colinas"", ""p22"": ""con"", ""p23"": ""unifacial"", ""p24"": ""continuos"", ""p25"": ""5_8"", ""p27"": ""2_4""}"
agaricia_fragilis,Agaricia fragilis,Coral Hoja Quebradiza,Agariciidae,Escleractinio,"Como forma de lámina pero con canales, superficie uniforme, gris.","{""p1"": ""s"", ""p4"": ""colonial"", ""p6"": ""no"", ""p19"": ""laminar"", ""p20"": ""colinas"", ""p22"": ""con"", ""p23"": ""unifacial"", ""p24"": ""continuos"", ""p25"": ""5_8"", ""p27"": ""2_4""}"
agaricia_fragilis,Agaricia fragilis,Coral Hoja Quebradiza,Agariciidae,Escleractinio,Coral laminar con colinas distanciadas 2-4 mm. Estructura frágil y quebradiza. Presenta color grisáceo y duro como roca.,"{""p1"": ""s"", ""p4"": ""colonial"", ""p6"": ""no"", ""p19"": ""laminar"", ""p20"": ""colinas"", ""p22"": ""con"", ""p23"": ""unifacial"", ""p24"": ""continuos"", ""p25"": ""5_8"", ""p27"": ""2_4""}"
agaricia_fragilis,Agaricia fragilis,Coral Hoja Quebradiza,Agariciidae,Escleractinio,"Encontré esto: coral laminar, se ve valles sinuosos, color gris.","{""p1"": ""s"", ""p4"": ""colonial"", ""p6"": ""no"", ""p19"": ""laminar"", ""p20"": ""colinas"", ""p22"": ""con"", ""p23"": ""unifacial"", ""p24"": ""continuos"", ""p25"": ""5_8"", ""p27"": ""2_4""}"
agaricia_fragilis,Agaricia fragilis,Coral Hoja Quebradiza,Agariciidae,Escleractinio,"Colonia hojas delgadas con como una nuez característica, color arena.","{""p1"": ""s"", ""p4"": ""colonial"", ""p6"": ""no"", ""p19"": ""laminar"", ""p20"": ""colinas"", ""p22"": ""con"", ""p23"": ""unifacial"", ""p24"": ""continuos"", ""p25"": ""5_8"", ""p27"": ""2_4""}"
agaricia_fragilis,Agaricia fragilis,Coral Hoja Quebradiza,Agariciidae,Escleractinio,"Parece como platos con surcos, crema.","{""p1"": ""s"", ""p4"": ""colonial"", ""p6"": ""no"", ""p19"": ""laminar"", ""p20"": ""colinas"", ""p22"": ""con"", ""p23"": ""unifacial"", ""p24"": ""continuos"", ""p25"": ""5_8"", ""p27"": ""2_4""}"
agaricia_fragilis,Agaricia fragilis,Coral Hoja Quebradiza,Agariciidae,Escleractinio,Coral laminar con colinas distanciadas 2-4 mm. Estructura frágil y quebradiza. Presenta como arena y duro como roca.,"{""p1"": ""s"", ""p4"": ""colonial"", ""p6"": ""no"", ""p19"": ""laminar"", ""p20"": ""colinas"", ""p22"": ""con"", ""p23"": ""unifacial"", ""p24"": ""continuos"", ""p25"": ""5_8"", ""p27"": ""2_4""}"
agaricia_fragilis,Agaricia fragilis,Coral Hoja Quebradiza,Agariciidae,Escleractinio,Coral laminar con colinas distanciadas 2-4 mm. Estructura frágil y quebradiza. Presenta gris y superficie porosa.,"{""p1"": ""s"", ""p4"": ""colonial"", ""p6"": ""no"", ""p19"": ""laminar"", ""p20"": ""colinas"", ""p22"": ""con"", ""p23"": ""unifacial"", ""p24"": ""continuos"", ""p25"": ""5_8"", ""p27"": ""2_4""}"
agaricia_fragilis,Agaricia fragilis,Coral Hoja Quebradiza,Agariciidae,Escleractinio,"Observamos aspecto de hoja con meandros sinuosos evidente, coloración color café.","{""p1"": ""s"", ""p4"": ""colonial"", ""p6"": ""no"", ""p19"": ""laminar"", ""p20"": ""colinas"", ""p22"": ""con"", ""p23"": ""unifacial"", ""p24"": ""continuos"", ""p25"": ""5_8"", ""p27"": ""2_4""}"
agaricia_fragilis,Agaricia fragilis,Coral Hoja Quebradiza,Agariciidae,Escleractinio,"Uno como platos que está como esponja, con con grietas.","{""p1"": ""s"", ""p4"": ""colonial"", ""p6"": ""no"", ""p19"": ""laminar"", ""p20"": ""colinas"", ""p22"": ""con"", ""p23"": ""unifacial"", ""p24"": ""continuos"", ""p25"": ""5_8"", ""p27"": ""2_4""}"
agaricia_fragilis,Agaricia fragilis,Coral Hoja Quebradiza,Agariciidae,Escleractinio,"Estaba buceando y vi láminas delgadas con surcos sinuosos, beige.","{""p1"": ""s"", ""p4"": ""colonial"", ""p6"": ""no"", ""p19"": ""laminar"", ""p20"": ""colinas"", ""p22"": ""con"", ""p23"": ""unifacial"", ""p24"": ""continuos"", ""p25"": ""5_8"", ""p27"": ""2_4""}"
agaricia_fragilis,Agaricia fragilis,Coral Hoja Quebradiza,Agariciidae,Escleractinio,Coral laminar con colinas distanciadas 2-4 mm. Estructura frágil y quebradiza. Presenta blanquecino y superficie irregular.,"{""p1"": ""s"", ""p4"": ""colonial"", ""p6"": ""no"", ""p19"": ""laminar"", ""p20"": ""colinas"", ""p22"": ""con"", ""p23"": ""unifacial"", ""p24"": ""continuos"", ""p25"": ""5_8"", ""p27"": ""2_4""}"
agaricia_fragilis,Agaricia fragilis,Coral Hoja Quebradiza,Agariciidae,Escleractinio,Coral laminar con colinas distanciadas 2-4 mm. Estructura frágil y quebradiza. Presenta gris y superficie uniforme.,"{""p1"": ""s"", ""p4"": ""colonial"", ""p6"": ""no"", ""p19"": ""laminar"", ""p20"": ""colinas"", ""p22"": ""con"", ""p23"": ""unifacial"", ""p24"": ""continuos"", ""p25"": ""5_8"", ""p27"": ""2_4""}"
agaricia_fragilis,Agaricia fragilis,Coral Hoja Quebradiza,Agariciidae,Escleractinio,Un coral hojas delgadas que tiene parece un cerebro y es superficie uniforme.,"{""p1"": ""s"", ""p4"": ""colonial"", ""p6"": ""no"", ""p19"": ""laminar"", ""p20"": ""colinas"", ""p22"": ""con"", ""p23"": ""unifacial"", ""p24"": ""continuos"", ""p25"": ""5_8"", ""p27"": ""2_4""}"
agaricia_fragilis,Agaricia fragilis,Coral Hoja Quebradiza,Agariciidae,Escleractinio,Tipo: placas superpuestas. Superficie: meandros sinuosos. Color: crema.,"{""p1"": ""s"", ""p4"": ""colonial"", ""p6"": ""no"", ""p19"": ""laminar"", ""p20"": ""colinas"", ""p22"": ""con"", ""p23"": ""unifacial"", ""p24"": ""continuos"", ""p25"": ""5_8"", ""p27"": ""2_4""}"
agaricia_fragilis,Agaricia fragilis,Coral Hoja Quebradiza,Agariciidae,Escleractinio,"Uno forma de lámina que está superficie porosa, con se ve como un cerebro.","{""p1"": ""s"", ""p4"": ""colonial"", ""p6"": ""no"", ""p19"": ""laminar"", ""p20"": ""colinas"", ""p22"": ""con"", ""p23"": ""unifacial"", ""p24"": ""continuos"", ""p25"": ""5_8"", ""p27"": ""2_4""}"
agaricia_lamarcki,Agaricia lamarcki,Coral Hoja de Lamarck,Agariciidae,Escleractinio,Coral laminar con valles continuos. Septos alternados más delgados que los interespacios. Presenta color marrón claro y poroso.,"{""p1"": ""s"", ""p4"": ""colonial"", ""p6"": ""no"", ""p19"": ""laminar"", ""p20"": ""colinas"", ""p22"": ""con"", ""p23"": ""unifacial"", ""p24"": ""continuos"", ""p25"": ""3_5"", ""p26"": ""delgados""}"
agaricia_lamarcki,Agaricia lamarcki,Coral Hoja de Lamarck,Agariciidae,Escleractinio,Coral laminar con valles continuos. Septos alternados más delgados que los interespacios. Presenta gris y superficie irregular.,"{""p1"": ""s"", ""p4"": ""colonial"", ""p6"": ""no"", ""p19"": ""laminar"", ""p20"": ""colinas"", ""p22"": ""con"", ""p23"": ""unifacial"", ""p24"": ""continuos"", ""p25"": ""3_5"", ""p26"": ""delgados""}"
agaricia_lamarcki,Agaricia lamarcki,Coral Hoja de Lamarck,Agariciidae,Escleractinio,Un coral como un disco que tiene se ve como un cerebro y es como una roca.,"{""p1"": ""s"", ""p4"": ""colonial"", ""p6"": ""no"", ""p19"": ""laminar"", ""p20"": ""colinas"", ""p22"": ""con"", ""p23"": ""unifacial"", ""p24"": ""continuos"", ""p25"": ""3_5"", ""p26"": ""delgados""}"
agaricia_lamarcki,Agaricia lamarcki,Coral Hoja de Lamarck,Agariciidae,Escleractinio,Coral laminar con valles continuos. Septos alternados más delgados que los interespacios.,"{""p1"": ""s"", ""p4"": ""colonial"", ""p6"": ""no"", ""p19"": ""laminar"", ""p20"": ""colinas"", ""p22"": ""con"", ""p23"": ""unifacial"", ""p24"": ""continuos"", ""p25"": ""3_5"", ""p26"": ""delgados""}"
agaricia_lamarcki,Agaricia lamarcki,Coral Hoja de Lamarck,Agariciidae,Escleractinio,"Colonia placas superpuestas con con canales característica, color marrón.","{""p1"": ""s"", ""p4"": ""colonial"", ""p6"": ""no"", ""p19"": ""laminar"", ""p20"": ""colinas"", ""p22"": ""con"", ""p23"": ""unifacial"", ""p24"": ""continuos"", ""p25"": ""3_5"", ""p26"": ""delgados""}"
agaricia_lamarcki,Agaricia lamarcki,Coral Hoja de Lamarck,Agariciidae,Escleractinio,Forma: como una laja. Textura: superficie cerebroide. Tono: marrón.,"{""p1"": ""s"", ""p4"": ""colonial"", ""p6"": ""no"", ""p19"": ""laminar"", ""p20"": ""colinas"", ""p22"": ""con"", ""p23"": ""unifacial"", ""p24"": ""continuos"", ""p25"": ""3_5"", ""p26"": ""delgados""}"
agaricia_lamarcki,Agaricia lamarcki,Coral Hoja de Lamarck,Agariciidae,Escleractinio,"Observamos forma de lámina con superficie cerebroide evidente, coloración amarillento.","{""p1"": ""s"", ""p4"": ""colonial"", ""p6"": ""no"", ""p19"": ""laminar"", ""p20"": ""colinas"", ""p22"": ""con"", ""p23"": ""unifacial"", ""p24"": ""continuos"", ""p25"": ""3_5"", ""p26"": ""delgados""}"
agaricia_lamarcki,Agaricia lamarcki,Coral Hoja de Lamarck,Agariciidae,Escleractinio,Coral laminar con valles continuos. Septos alternados más delgados que los interespacios. Presenta como arena y duro como roca.,"{""p1"": ""s"", ""p4"": ""colonial"", ""p6"": ""no"", ""p19"": ""laminar"", ""p20"": ""colinas"", ""p22"": ""con"", ""p23"": ""unifacial"", ""p24"": ""continuos"", ""p25"": ""3_5"", ""p26"": ""delgados""}"
agaricia_lamarcki,Agaricia lamarcki,Coral Hoja de Lamarck,Agariciidae,Escleractinio,"Encontré esto: parece una hoja, se ve valles profundos, color tonalidad verdosa.","{""p1"": ""s"", ""p4"": ""colonial"", ""p6"": ""no"", ""p19"": ""laminar"", ""p20"": ""colinas"", ""p22"": ""con"", ""p23"": ""unifacial"", ""p24"": ""continuos"", ""p25"": ""3_5"", ""p26"": ""delgados""}"
agaricia_lamarcki,Agaricia lamarcki,Coral Hoja de Lamarck,Agariciidae,Escleractinio,Coral laminar con valles continuos. Septos alternados más delgados que los interespacios. Presenta beige y áspero al tacto.,"{""p1"": ""s"", ""p4"": ""colonial"", ""p6"": ""no"", ""p19"": ""laminar"", ""p20"": ""colinas"", ""p22"": ""con"", ""p23"": ""unifacial"", ""p24"": ""continuos"", ""p25"": ""3_5"", ""p26"": ""delgados""}"
agaricia_lamarcki,Agaricia lamarcki,Coral Hoja de Lamarck,Agariciidae,Escleractinio,"Coral de tipo como una tortilla, superficie canales, colonias densas.","{""p1"": ""s"", ""p4"": ""colonial"", ""p6"": ""no"", ""p19"": ""laminar"", ""p20"": ""colinas"", ""p22"": ""con"", ""p23"": ""unifacial"", ""p24"": ""continuos"", ""p25"": ""3_5"", ""p26"": ""delgados""}"
agaricia_lamarcki,Agaricia lamarcki,Coral Hoja de Lamarck,Agariciidae,Escleractinio,"Encontré esto: hojas delgadas, se ve surcos, color café.","{""p1"": ""s"", ""p4"": ""colonial"", ""p6"": ""no"", ""p19"": ""laminar"", ""p20"": ""colinas"", ""p22"": ""con"", ""p23"": ""unifacial"", ""p24"": ""continuos"", ""p25"": ""3_5"", ""p26"": ""delgados""}"
agaricia_lamarcki,Agaricia lamarcki,Coral Hoja de Lamarck,Agariciidae,Escleractinio,"Vi un coral láminas delgadas, tiene surcos, parece color café.","{""p1"": ""s"", ""p4"": ""colonial"", ""p6"": ""no"", ""p19"": ""laminar"", ""p20"": ""colinas"", ""p22"": ""con"", ""p23"": ""unifacial"", ""p24"": ""continuos"", ""p25"": ""3_5"", ""p26"": ""delgados""}"
agaricia_lamarcki,Agaricia lamarcki,Coral Hoja de Lamarck,Agariciidae,Escleractinio,"Estaba buceando y vi como papel con surcos sinuosos, blanquecino.","{""p1"": ""s"", ""p4"": ""colonial"", ""p6"": ""no"", ""p19"": ""laminar"", ""p20"": ""colinas"", ""p22"": ""con"", ""p23"": ""unifacial"", ""p24"": ""continuos"", ""p25"": ""3_5"", ""p26"": ""delgados""}"
agaricia_lamarcki,Agaricia lamarcki,Coral Hoja de Lamarck,Agariciidae,Escleractinio,Coral laminar con valles continuos. Septos alternados más delgados que los interespacios. Presenta color café y poroso.,"{""p1"": ""s"", ""p4"": ""colonial"", ""p6"": ""no"", ""p19"": ""laminar"", ""p20"": ""colinas"", ""p22"": ""con"", ""p23"": ""unifacial"", ""p24"": ""continuos"", ""p25"": ""3_5"", ""p26"": ""delgados""}"
agaricia_lamarcki,Agaricia lamarcki,Coral Hoja de Lamarck,Agariciidae,Escleractinio,Coral laminar con valles continuos. Septos alternados más delgados que los interespacios. Presenta beige y superficie rugosa.,"{""p1"": ""s"", ""p4"": ""colonial"", ""p6"": ""no"", ""p19"": ""laminar"", ""p20"": ""colinas"", ""p22"": ""con"", ""p23"": ""unifacial"", ""p24"": ""continuos"", ""p25"": ""3_5"", ""p26"": ""delgados""}"
agaricia_lamarcki,Agaricia lamarcki,Coral Hoja de Lamarck,Agariciidae,Escleractinio,"Parece forma de disco folioso con surcos profundos, crema.","{""p1"": ""s"", ""p4"": ""colonial"", ""p6"": ""no"", ""p19"": ""laminar"", ""p20"": ""colinas"", ""p22"": ""con"", ""p23"": ""unifacial"", ""p24"": ""continuos"", ""p25"": ""3_5"", ""p26"": ""delgados""}"
agaricia_lamarcki,Agaricia lamarcki,Coral Hoja de Lamarck,Agariciidae,Escleractinio,"Es como hojas delgadas, tiene valles profundos y es marrón.","{""p1"": ""s"", ""p4"": ""colonial"", ""p6"": ""no"", ""p19"": ""laminar"", ""p20"": ""colinas"", ""p22"": ""con"", ""p23"": ""unifacial"", ""p24"": ""continuos"", ""p25"": ""3_5"", ""p26"": ""delgados""}"
agaricia_lamarcki,Agaricia lamarcki,Coral Hoja de Lamarck,Agariciidae,Escleractinio,"Es como fino como una hoja, tiene surcos y es beige.","{""p1"": ""s"", ""p4"": ""colonial"", ""p6"": ""no"", ""p19"": ""laminar"", ""p20"": ""colinas"", ""p22"": ""con"", ""p23"": ""unifacial"", ""p24"": ""continuos"", ""p25"": ""3_5"", ""p26"": ""delgados""}"
agaricia_lamarcki,Agaricia lamarcki,Coral Hoja de Lamarck,Agariciidae,Escleractinio,"Colonia parece una hoja con meandros sinuosos característica, color piedra.","{""p1"": ""s"", ""p4"": ""colonial"", ""p6"": ""no"", ""p19"": ""laminar"", ""p20"": ""colinas"", ""p22"": ""con"", ""p23"": ""unifacial"", ""p24"": ""continuos"", ""p25"": ""3_5"", ""p26"": ""delgados""}"
agaricia_lamarcki,Agaricia lamarcki,Coral Hoja de Lamarck,Agariciidae,Escleractinio,"Como coral laminar pero con meandros sinuosos, áspero al tacto, color café.","{""p1"": ""s"", ""p4"": ""colonial"", ""p6"": ""no"", ""p19"": ""laminar"", ""p20"": ""colinas"", ""p22"": ""con"", ""p23"": ""unifacial"", ""p24"": ""continuos"", ""p25"": ""3_5"", ""p26"": ""delgados""}"
agaricia_lamarcki,Agaricia lamarcki,Coral Hoja de Lamarck,Agariciidae,Escleractinio,Coral laminar con valles continuos. Septos alternados más delgados que los interespacios. Presenta color grisáceo y esponjoso.,"{""p1"": ""s"", ""p4"": ""colonial"", ""p6"": ""no"", ""p19"": ""laminar"", ""p20"": ""colinas"", ""p22"": ""con"", ""p23"": ""unifacial"", ""p24"": ""continuos"", ""p25"": ""3_5"", ""p26"": ""delgados""}"
agaricia_lamarcki,Agaricia lamarcki,Coral Hoja de Lamarck,Agariciidae,Escleractinio,Coral laminar con valles continuos. Septos alternados más delgados que los interespacios. Presenta marrón y superficie irregular.,"{""p1"": ""s"", ""p4"": ""colonial"", ""p6"": ""no"", ""p19"": ""laminar"", ""p20"": ""colinas"", ""p22"": ""con"", ""p23"": ""unifacial"", ""p24"": ""continuos"", ""p25"": ""3_5"", ""p26"": ""delgados""}"
agaricia_lamarcki,Agaricia lamarcki,Coral Hoja de Lamarck,Agariciidae,Escleractinio,"Coral de tipo como papel, superficie surcos sinuosos, rugoso.","{""p1"": ""s"", ""p4"": ""colonial"", ""p6"": ""no"", ""p19"": ""laminar"", ""p20"": ""colinas"", ""p22"": ""con"", ""p23"": ""unifacial"", ""p24"": ""continuos"", ""p25"": ""3_5"", ""p26"": ""delgados""}"
agaricia_lamarcki,Agaricia lamarcki,Coral Hoja de Lamarck,Agariciidae,Escleractinio,"Es como láminas delgadas, tiene se ve como un cerebro y es crema.","{""p1"": ""s"", ""p4"": ""colonial"", ""p6"": ""no"", ""p19"": ""laminar"", ""p20"": ""colinas"", ""p22"": ""con"", ""p23"": ""unifacial"", ""p24"": ""continuos"", ""p25"": ""3_5"", ""p26"": ""delgados""}"
agaricia_lamarcki,Agaricia lamarcki,Coral Hoja de Lamarck,Agariciidae,Escleractinio,"Observamos como hojas con valles y colinas evidente, coloración color café claro.","{""p1"": ""s"", ""p4"": ""colonial"", ""p6"": ""no"", ""p19"": ""laminar"", ""p20"": ""colinas"", ""p22"": ""con"", ""p23"": ""unifacial"", ""p24"": ""continuos"", ""p25"": ""3_5"", ""p26"": ""delgados""}"
agaricia_lamarcki,Agaricia lamarcki,Coral Hoja de Lamarck,Agariciidae,Escleractinio,Coral laminar con valles continuos. Septos alternados más delgados que los interespacios. Presenta color marrón y superficie irregular.,"{""p1"": ""s"", ""p4"": ""colonial"", ""p6"": ""no"", ""p19"": ""laminar"", ""p20"": ""colinas"", ""p22"": ""con"", ""p23"": ""unifacial"", ""p24"": ""continuos"", ""p25"": ""3_5"", ""p26"": ""delgados""}"
agaricia_lamarcki,Agaricia lamarcki,Coral Hoja de Lamarck,Agariciidae,Escleractinio,Coral laminar con valles continuos. Septos alternados más delgados que los interespacios. Presenta amarillento y como una roca.,"{""p1"": ""s"", ""p4"": ""colonial"", ""p6"": ""no"", ""p19"": ""laminar"", ""p20"": ""colinas"", ""p22"": ""con"", ""p23"": ""unifacial"", ""p24"": ""continuos"", ""p25"": ""3_5"", ""p26"": ""delgados""}"
agaricia_lamarcki,Agaricia lamarcki,Coral Hoja de Lamarck,Agariciidae,Escleractinio,Tipo: platos aplanados. Superficie: surcos como cerebro. Color: color arena.,"{""p1"": ""s"", ""p4"": ""colonial"", ""p6"": ""no"", ""p19"": ""laminar"", ""p20"": ""colinas"", ""p22"": ""con"", ""p23"": ""unifacial"", ""p24"": ""continuos"", ""p25"": ""3_5"", ""p26"": ""delgados""}"
agaricia_lamarcki,Agaricia lamarcki,Coral Hoja de Lamarck,Agariciidae,Escleractinio,"Parece forma de disco folioso con valles sinuosos, café.","{""p1"": ""s"", ""p4"": ""colonial"", ""p6"": ""no"", ""p19"": ""laminar"", ""p20"": ""colinas"", ""p22"": ""con"", ""p23"": ""unifacial"", ""p24"": ""continuos"", ""p25"": ""3_5"", ""p26"": ""delgados""}"
agaricia_lamarcki,Agaricia lamarcki,Coral Hoja de Lamarck,Agariciidae,Escleractinio,Forma: placas superpuestas. Textura: con grietas. Tono: color marrón.,"{""p1"": ""s"", ""p4"": ""colonial"", ""p6"": ""no"", ""p19"": ""laminar"", ""p20"": ""colinas"", ""p22"": ""con"", ""p23"": ""unifacial"", ""p24"": ""continuos"", ""p25"": ""3_5"", ""p26"": ""delgados""}"
agaricia_lamarcki,Agaricia lamarcki,Coral Hoja de Lamarck,Agariciidae,Escleractinio,Coral laminar con valles continuos. Septos alternados más delgados que los interespacios. Presenta color café y liso.,"{""p1"": ""s"", ""p4"": ""colonial"", ""p6"": ""no"", ""p19"": ""laminar"", ""p20"": ""colinas"", ""p22"": ""con"", ""p23"": ""unifacial"", ""p24"": ""continuos"", ""p25"": ""3_5"", ""p26"": ""delgados""}"
agaricia_lamarcki,Agaricia lamarcki,Coral Hoja de Lamarck,Agariciidae,Escleractinio,Un coral como papel que tiene como laberinto y es como una roca.,"{""p1"": ""s"", ""p4"": ""colonial"", ""p6"": ""no"", ""p19"": ""laminar"", ""p20"": ""colinas"", ""p22"": ""con"", ""p23"": ""unifacial"", ""p24"": ""continuos"", ""p25"": ""3_5"", ""p26"": ""delgados""}"
agaricia_lamarcki,Agaricia lamarcki,Coral Hoja de Lamarck,Agariciidae,Escleractinio,"Coral de tipo forma de lámina, superficie valles y colinas, liso.","{""p1"": ""s"", ""p4"": ""colonial"", ""p6"": ""no"", ""p19"": ""laminar"", ""p20"": ""colinas"", ""p22"": ""con"", ""p23"": ""unifacial"", ""p24"": ""continuos"", ""p25"": ""3_5"", ""p26"": ""delgados""}"
agaricia_lamarcki,Agaricia lamarcki,Coral Hoja de Lamarck,Agariciidae,Escleractinio,"Coral de tipo placas superpuestas, superficie surcos profundos, como esponja.","{""p1"": ""s"", ""p4"": ""colonial"", ""p6"": ""no"", ""p19"": ""laminar"", ""p20"": ""colinas"", ""p22"": ""con"", ""p23"": ""unifacial"", ""p24"": ""continuos"", ""p25"": ""3_5"", ""p26"": ""delgados""}"
agaricia_lamarcki,Agaricia lamarcki,Coral Hoja de Lamarck,Agariciidae,Escleractinio,"Es como aplanado como un plato, tiene parece un cerebro y es amarillento.","{""p1"": ""s"", ""p4"": ""colonial"", ""p6"": ""no"", ""p19"": ""laminar"", ""p20"": ""colinas"", ""p22"": ""con"", ""p23"": ""unifacial"", ""p24"": ""continuos"", ""p25"": ""3_5"", ""p26"": ""delgados""}"
agaricia_lamarcki,Agaricia lamarcki,Coral Hoja de Lamarck,Agariciidae,Escleractinio,"Encontré esto: crecimiento en placas, se ve se ve como un cerebro, color amarillento.","{""p1"": ""s"", ""p4"": ""colonial"", ""p6"": ""no"", ""p19"": ""laminar"", ""p20"": ""colinas"", ""p22"": ""con"", ""p23"": ""unifacial"", ""p24"": ""continuos"", ""p25"": ""3_5"", ""p26"": ""delgados""}"
agaricia_lamarcki,Agaricia lamarcki,Coral Hoja de Lamarck,Agariciidae,Escleractinio,"Encontré esto: hojas delgadas, se ve con canales, color como arena.","{""p1"": ""s"", ""p4"": ""colonial"", ""p6"": ""no"", ""p19"": ""laminar"", ""p20"": ""colinas"", ""p22"": ""con"", ""p23"": ""unifacial"", ""p24"": ""continuos"", ""p25"": ""3_5"", ""p26"": ""delgados""}"
agaricia_lamarcki,Agaricia lamarcki,Coral Hoja de Lamarck,Agariciidae,Escleractinio,Coral laminar con valles continuos. Septos alternados más delgados que los interespacios. Presenta como arena y esqueleto calcáreo.,"{""p1"": ""s"", ""p4"": ""colonial"", ""p6"": ""no"", ""p19"": ""laminar"", ""p20"": ""colinas"", ""p22"": ""con"", ""p23"": ""unifacial"", ""p24"": ""continuos"", ""p25"": ""3_5"", ""p26"": ""delgados""}"
agaricia_lamarcki,Agaricia lamarcki,Coral Hoja de Lamarck,Agariciidae,Escleractinio,"Es como fino como una hoja, tiene crestas y valles y es color grisáceo.","{""p1"": ""s"", ""p4"": ""colonial"", ""p6"": ""no"", ""p19"": ""laminar"", ""p20"": ""colinas"", ""p22"": ""con"", ""p23"": ""unifacial"", ""p24"": ""continuos"", ""p25"": ""3_5"", ""p26"": ""delgados""}"
agaricia_lamarcki,Agaricia lamarcki,Coral Hoja de Lamarck,Agariciidae,Escleractinio,Forma: forma de disco folioso. Textura: se ve como un cerebro. Tono: como arena.,"{""p1"": ""s"", ""p4"": ""colonial"", ""p6"": ""no"", ""p19"": ""laminar"", ""p20"": ""colinas"", ""p22"": ""con"", ""p23"": ""unifacial"", ""p24"": ""continuos"", ""p25"": ""3_5"", ""p26"": ""delgados""}"
agaricia_lamarcki,Agaricia lamarcki,Coral Hoja de Lamarck,Agariciidae,Escleractinio,"Como como una tortilla pero con valles y colinas, superficie uniforme, color piedra.","{""p1"": ""s"", ""p4"": ""colonial"", ""p6"": ""no"", ""p19"": ""laminar"", ""p20"": ""colinas"", ""p22"": ""con"", ""p23"": ""unifacial"", ""p24"": ""continuos"", ""p25"": ""3_5"", ""p26"": ""delgados""}"
agaricia_lamarcki,Agaricia lamarcki,Coral Hoja de Lamarck,Agariciidae,Escleractinio,Un coral crecimiento en placas que tiene crestas y valles y es esponjoso.,"{""p1"": ""s"", ""p4"": ""colonial"", ""p6"": ""no"", ""p19"": ""laminar"", ""p20"": ""colinas"", ""p22"": ""con"", ""p23"": ""unifacial"", ""p24"": ""continuos"", ""p25"": ""3_5"", ""p26"": ""delgados""}"
agaricia_lamarcki,Agaricia lamarcki,Coral Hoja de Lamarck,Agariciidae,Escleractinio,"Uno forma de disco folioso que está liso, con con canales.","{""p1"": ""s"", ""p4"": ""colonial"", ""p6"": ""no"", ""p19"": ""laminar"", ""p20"": ""colinas"", ""p22"": ""con"", ""p23"": ""unifacial"", ""p24"": ""continuos"", ""p25"": ""3_5"", ""p26"": ""delgados""}"
agaricia_lamarcki,Agaricia lamarcki,Coral Hoja de Lamarck,Agariciidae,Escleractinio,Coral laminar con valles continuos. Septos alternados más delgados que los interespacios. Presenta color marrón y textura áspera.,"{""p1"": ""s"", ""p4"": ""colonial"", ""p6"": ""no"", ""p19"": ""laminar"", ""p20"": ""colinas"", ""p22"": ""con"", ""p23"": ""unifacial"", ""p24"": ""continuos"", ""p25"": ""3_5"", ""p26"": ""delgados""}"
agaricia_lamarcki,Agaricia lamarcki,Coral Hoja de Lamarck,Agariciidae,Escleractinio,Coral laminar con valles continuos. Septos alternados más delgados que los interespacios. Presenta color amarillento y esqueleto calcáreo.,"{""p1"": ""s"", ""p4"": ""colonial"", ""p6"": ""no"", ""p19"": ""laminar"", ""p20"": ""colinas"", ""p22"": ""con"", ""p23"": ""unifacial"", ""p24"": ""continuos"", ""p25"": ""3_5"", ""p26"": ""delgados""}"
agaricia_lamarcki,Agaricia lamarcki,Coral Hoja de Lamarck,Agariciidae,Escleractinio,Un coral aspecto de hoja que tiene con surcos y es superficie lisa.,"{""p1"": ""s"", ""p4"": ""colonial"", ""p6"": ""no"", ""p19"": ""laminar"", ""p20"": ""colinas"", ""p22"": ""con"", ""p23"": ""unifacial"", ""p24"": ""continuos"", ""p25"": ""3_5"", ""p26"": ""delgados""}"
agaricia_lamarcki,Agaricia lamarcki,Coral Hoja de Lamarck,Agariciidae,Escleractinio,"Es como láminas delgadas, tiene surcos como cerebro y es color tierra.","{""p1"": ""s"", ""p4"": ""colonial"", ""p6"": ""no"", ""p19"": ""laminar"", ""p20"": ""colinas"", ""p22"": ""con"", ""p23"": ""unifacial"", ""p24"": ""continuos"", ""p25"": ""3_5"", ""p26"": ""delgados""}"
agaricia_lamarcki,Agaricia lamarcki,Coral Hoja de Lamarck,Agariciidae,Escleractinio,"parece una hoja con pinta de meandros sinuosos, tono color grisáceo.","{""p1"": ""s"", ""p4"": ""colonial"", ""p6"": ""no"", ""p19"": ""laminar"", ""p20"": ""colinas"", ""p22"": ""con"", ""p23"": ""unifacial"", ""p24"": ""continuos"", ""p25"": ""3_5"", ""p26"": ""delgados""}"
agaricia_lamarcki,Agaricia lamarcki,Coral Hoja de Lamarck,Agariciidae,Escleractinio,Coral laminar con valles continuos. Septos alternados más delgados que los interespacios. Presenta tonalidad verdosa y poroso.,"{""p1"": ""s"", ""p4"": ""colonial"", ""p6"": ""no"", ""p19"": ""laminar"", ""p20"": ""colinas"", ""p22"": ""con"", ""p23"": ""unifacial"", ""p24"": ""continuos"", ""p25"": ""3_5"", ""p26"": ""delgados""}"
agaricia_lamarcki,Agaricia lamarcki,Coral Hoja de Lamarck,Agariciidae,Escleractinio,"Uno como una tortilla que está rugoso, con crestas y valles.","{""p1"": ""s"", ""p4"": ""colonial"", ""p6"": ""no"", ""p19"": ""laminar"", ""p20"": ""colinas"", ""p22"": ""con"", ""p23"": ""unifacial"", ""p24"": ""continuos"", ""p25"": ""3_5"", ""p26"": ""delgados""}"
agaricia_tenuifolia,Agaricia tenuifolia,Coral Hoja Fina,Agariciidae,Escleractinio,"Estaba buceando y vi platos aplanados con con canales, como arena.","{""p1"": ""s"", ""p4"": ""colonial"", ""p6"": ""no"", ""p19"": ""laminar"", ""p20"": ""colinas"", ""p22"": ""con"", ""p23"": ""bifacial""}"
agaricia_tenuifolia,Agaricia tenuifolia,Coral Hoja Fina,Agariciidae,Escleractinio,"Especie fino como una hoja, presenta surcos profundos, tonalidad crema.","{""p1"": ""s"", ""p4"": ""colonial"", ""p6"": ""no"", ""p19"": ""laminar"", ""p20"": ""colinas"", ""p22"": ""con"", ""p23"": ""bifacial""}"
agaricia_tenuifolia,Agaricia tenuifolia,Coral Hoja Fina,Agariciidae,Escleractinio,"Colonia fino como una hoja con con grietas característica, beige.","{""p1"": ""s"", ""p4"": ""colonial"", ""p6"": ""no"", ""p19"": ""laminar"", ""p20"": ""colinas"", ""p22"": ""con"", ""p23"": ""bifacial""}"
agaricia_tenuifolia,Agaricia tenuifolia,Coral Hoja Fina,Agariciidae,Escleractinio,"Como como una laja pero con como una nuez, esponjoso, amarillento.","{""p1"": ""s"", ""p4"": ""colonial"", ""p6"": ""no"", ""p19"": ""laminar"", ""p20"": ""colinas"", ""p22"": ""con"", ""p23"": ""bifacial""}"
agaricia_tenuifolia,Agaricia tenuifolia,Coral Hoja Fina,Agariciidae,Escleractinio,Un coral en forma de hoja que tiene valles y colinas y es liso.,"{""p1"": ""s"", ""p4"": ""colonial"", ""p6"": ""no"", ""p19"": ""laminar"", ""p20"": ""colinas"", ""p22"": ""con"", ""p23"": ""bifacial""}"
agaricia_tenuifolia,Agaricia tenuifolia,Coral Hoja Fina,Agariciidae,Escleractinio,"Estaba buceando y vi como un disco con canales, color tierra.","{""p1"": ""s"", ""p4"": ""colonial"", ""p6"": ""no"", ""p19"": ""laminar"", ""p20"": ""colinas"", ""p22"": ""con"", ""p23"": ""bifacial""}"
agaricia_tenuifolia,Agaricia tenuifolia,Coral Hoja Fina,Agariciidae,Escleractinio,Coral laminar bifacial (pólipos en ambas caras). Hojas delgadas y delicadas. Presenta amarillento y superficie porosa.,"{""p1"": ""s"", ""p4"": ""colonial"", ""p6"": ""no"", ""p19"": ""laminar"", ""p20"": ""colinas"", ""p22"": ""con"", ""p23"": ""bifacial""}"
agaricia_tenuifolia,Agaricia tenuifolia,Coral Hoja Fina,Agariciidae,Escleractinio,Coral laminar bifacial (pólipos en ambas caras). Hojas delgadas y delicadas. Presenta color amarillento y superficie uniforme.,"{""p1"": ""s"", ""p4"": ""colonial"", ""p6"": ""no"", ""p19"": ""laminar"", ""p20"": ""colinas"", ""p22"": ""con"", ""p23"": ""bifacial""}"
agaricia_tenuifolia,Agaricia tenuifolia,Coral Hoja Fina,Agariciidae,Escleractinio,Coral laminar bifacial (pólipos en ambas caras). Hojas delgadas y delicadas. Presenta color piedra y superficie lisa.,"{""p1"": ""s"", ""p4"": ""colonial"", ""p6"": ""no"", ""p19"": ""laminar"", ""p20"": ""colinas"", ""p22"": ""con"", ""p23"": ""bifacial""}"
agaricia_tenuifolia,Agaricia tenuifolia,Coral Hoja Fina,Agariciidae,Escleractinio,"Como como una hoja pero con se ve como un cerebro, superficie irregular, blanquecino.","{""p1"": ""s"", ""p4"": ""colonial"", ""p6"": ""no"", ""p19"": ""laminar"", ""p20"": ""colinas"", ""p22"": ""con"", ""p23"": ""bifacial""}"
agaricia_tenuifolia,Agaricia tenuifolia,Coral Hoja Fina,Agariciidae,Escleractinio,"Uno placa delgada que está áspero al tacto, con con grietas.","{""p1"": ""s"", ""p4"": ""colonial"", ""p6"": ""no"", ""p19"": ""laminar"", ""p20"": ""colinas"", ""p22"": ""con"", ""p23"": ""bifacial""}"
agaricia_tenuifolia,Agaricia tenuifolia,Coral Hoja Fina,Agariciidae,Escleractinio,"Como como platos pero con laberinto, superficie irregular, color piedra.","{""p1"": ""s"", ""p4"": ""colonial"", ""p6"": ""no"", ""p19"": ""laminar"", ""p20"": ""colinas"", ""p22"": ""con"", ""p23"": ""bifacial""}"
agaricia_tenuifolia,Agaricia tenuifolia,Coral Hoja Fina,Agariciidae,Escleractinio,"Es como platos aplanados, tiene con canales y es color marrón.","{""p1"": ""s"", ""p4"": ""colonial"", ""p6"": ""no"", ""p19"": ""laminar"", ""p20"": ""colinas"", ""p22"": ""con"", ""p23"": ""bifacial""}"
agaricia_tenuifolia,Agaricia tenuifolia,Coral Hoja Fina,Agariciidae,Escleractinio,Coral laminar bifacial (pólipos en ambas caras). Hojas delgadas y delicadas. Presenta amarillento y como una roca.,"{""p1"": ""s"", ""p4"": ""colonial"", ""p6"": ""no"", ""p19"": ""laminar"", ""p20"": ""colinas"", ""p22"": ""con"", ""p23"": ""bifacial""}"
agaricia_tenuifolia,Agaricia tenuifolia,Coral Hoja Fina,Agariciidae,Escleractinio,"Especie como una placa, presenta surcos profundos, tonalidad color café.","{""p1"": ""s"", ""p4"": ""colonial"", ""p6"": ""no"", ""p19"": ""laminar"", ""p20"": ""colinas"", ""p22"": ""con"", ""p23"": ""bifacial""}"
agaricia_tenuifolia,Agaricia tenuifolia,Coral Hoja Fina,Agariciidae,Escleractinio,Forma: como una tortilla. Textura: con grietas. Tono: color amarillento.,"{""p1"": ""s"", ""p4"": ""colonial"", ""p6"": ""no"", ""p19"": ""laminar"", ""p20"": ""colinas"", ""p22"": ""con"", ""p23"": ""bifacial""}"
agaricia_tenuifolia,Agaricia tenuifolia,Coral Hoja Fina,Agariciidae,Escleractinio,"Es como en capas, tiene superficie cerebroide y es gris.","{""p1"": ""s"", ""p4"": ""colonial"", ""p6"": ""no"", ""p19"": ""laminar"", ""p20"": ""colinas"", ""p22"": ""con"", ""p23"": ""bifacial""}"
agaricia_tenuifolia,Agaricia tenuifolia,Coral Hoja Fina,Agariciidae,Escleractinio,"Especie aspecto de hoja, presenta surcos profundos, tonalidad café.","{""p1"": ""s"", ""p4"": ""colonial"", ""p6"": ""no"", ""p19"": ""laminar"", ""p20"": ""colinas"", ""p22"": ""con"", ""p23"": ""bifacial""}"
agaricia_tenuifolia,Agaricia tenuifolia,Coral Hoja Fina,Agariciidae,Escleractinio,Coral laminar bifacial (pólipos en ambas caras). Hojas delgadas y delicadas. Presenta color marrón y esqueleto calcáreo.,"{""p1"": ""s"", ""p4"": ""colonial"", ""p6"": ""no"", ""p19"": ""laminar"", ""p20"": ""colinas"", ""p22"": ""con"", ""p23"": ""bifacial""}"
agaricia_tenuifolia,Agaricia tenuifolia,Coral Hoja Fina,Agariciidae,Escleractinio,Coral laminar bifacial (pólipos en ambas caras). Hojas delgadas y delicadas. Presenta amarillento y textura áspera.,"{""p1"": ""s"", ""p4"": ""colonial"", ""p6"": ""no"", ""p19"": ""laminar"", ""p20"": ""colinas"", ""p22"": ""con"", ""p23"": ""bifacial""}"
agaricia_tenuifolia,Agaricia tenuifolia,Coral Hoja Fina,Agariciidae,Escleractinio,"Uno como un disco que está esponjoso, con como un cerebro.","{""p1"": ""s"", ""p4"": ""colonial"", ""p6"": ""no"", ""p19"": ""laminar"", ""p20"": ""colinas"", ""p22"": ""con"", ""p23"": ""bifacial""}"
agaricia_tenuifolia,Agaricia tenuifolia,Coral Hoja Fina,Agariciidae,Escleractinio,"en forma de hoja con pinta de con canales, tono color piedra.","{""p1"": ""s"", ""p4"": ""colonial"", ""p6"": ""no"", ""p19"": ""laminar"", ""p20"": ""colinas"", ""p22"": ""con"", ""p23"": ""bifacial""}"
agaricia_tenuifolia,Agaricia tenuifolia,Coral Hoja Fina,Agariciidae,Escleractinio,"Encontré esto: en forma de hoja, se ve valles sinuosos, color blanquecino.","{""p1"": ""s"", ""p4"": ""colonial"", ""p6"": ""no"", ""p19"": ""laminar"", ""p20"": ""colinas"", ""p22"": ""con"", ""p23"": ""bifacial""}"
agaricia_tenuifolia,Agaricia tenuifolia,Coral Hoja Fina,Agariciidae,Escleractinio,"Encontré esto: forma de lámina, se ve valles sinuosos, color color arena.","{""p1"": ""s"", ""p4"": ""colonial"", ""p6"": ""no"", ""p19"": ""laminar"", ""p20"": ""colinas"", ""p22"": ""con"", ""p23"": ""bifacial""}"
agaricia_tenuifolia,Agaricia tenuifolia,Coral Hoja Fina,Agariciidae,Escleractinio,"Encontré esto: como una placa, se ve como laberinto, color verdoso.","{""p1"": ""s"", ""p4"": ""colonial"", ""p6"": ""no"", ""p19"": ""laminar"", ""p20"": ""colinas"", ""p22"": ""con"", ""p23"": ""bifacial""}"
agaricia_tenuifolia,Agaricia tenuifolia,Coral Hoja Fina,Agariciidae,Escleractinio,"placa delgada con pinta de surcos sinuosos, tono gris.","{""p1"": ""s"", ""p4"": ""colonial"", ""p6"": ""no"", ""p19"": ""laminar"", ""p20"": ""colinas"", ""p22"": ""con"", ""p23"": ""bifacial""}"
agaricia_tenuifolia,Agaricia tenuifolia,Coral Hoja Fina,Agariciidae,Escleractinio,"como una laja, canales, blanquecino.","{""p1"": ""s"", ""p4"": ""colonial"", ""p6"": ""no"", ""p19"": ""laminar"", ""p20"": ""colinas"", ""p22"": ""con"", ""p23"": ""bifacial""}"
agaricia_tenuifolia,Agaricia tenuifolia,Coral Hoja Fina,Agariciidae,Escleractinio,"Vi un coral como hojas, tiene canales, parece crema.","{""p1"": ""s"", ""p4"": ""colonial"", ""p6"": ""no"", ""p19"": ""laminar"", ""p20"": ""colinas"", ""p22"": ""con"", ""p23"": ""bifacial""}"
agaricia_tenuifolia,Agaricia tenuifolia,Coral Hoja Fina,Agariciidae,Escleractinio,"Observamos placas delgadas con surcos profundos evidente, coloración color tierra.","{""p1"": ""s"", ""p4"": ""colonial"", ""p6"": ""no"", ""p19"": ""laminar"", ""p20"": ""colinas"", ""p22"": ""con"", ""p23"": ""bifacial""}"
agaricia_tenuifolia,Agaricia tenuifolia,Coral Hoja Fina,Agariciidae,Escleractinio,Coral laminar bifacial (pólipos en ambas caras). Hojas delgadas y delicadas. Presenta color amarillento y colonias densas.,"{""p1"": ""s"", ""p4"": ""colonial"", ""p6"": ""no"", ""p19"": ""laminar"", ""p20"": ""colinas"", ""p22"": ""con"", ""p23"": ""bifacial""}"
agaricia_tenuifolia,Agaricia tenuifolia,Coral Hoja Fina,Agariciidae,Escleractinio,Coral laminar bifacial (pólipos en ambas caras). Hojas delgadas y delicadas. Presenta color grisáceo y textura áspera.,"{""p1"": ""s"", ""p4"": ""colonial"", ""p6"": ""no"", ""p19"": ""laminar"", ""p20"": ""colinas"", ""p22"": ""con"", ""p23"": ""bifacial""}"
agaricia_tenuifolia,Agaricia tenuifolia,Coral Hoja Fina,Agariciidae,Escleractinio,Coral laminar bifacial (pólipos en ambas caras). Hojas delgadas y delicadas. Presenta como arena y superficie uniforme.,"{""p1"": ""s"", ""p4"": ""colonial"", ""p6"": ""no"", ""p19"": ""laminar"", ""p20"": ""colinas"", ""p22"": ""con"", ""p23"": ""bifacial""}"
agaricia_tenuifolia,Agaricia tenuifolia,Coral Hoja Fina,Agariciidae,Escleractinio,Coral laminar bifacial (pólipos en ambas caras). Hojas delgadas y delicadas. Presenta color café y áspero al tacto.,"{""p1"": ""s"", ""p4"": ""colonial"", ""p6"": ""no"", ""p19"": ""laminar"", ""p20"": ""colinas"", ""p22"": ""con"", ""p23"": ""bifacial""}"
agaricia_tenuifolia,Agaricia tenuifolia,Coral Hoja Fina,Agariciidae,Escleractinio,"Vi un coral fino como una hoja, tiene como laberinto, parece color tierra.","{""p1"": ""s"", ""p4"": ""colonial"", ""p6"": ""no"", ""p19"": ""laminar"", ""p20"": ""colinas"", ""p22"": ""con"", ""p23"": ""bifacial""}"
agaricia_tenuifolia,Agaricia tenuifolia,Coral Hoja Fina,Agariciidae,Escleractinio,Un coral parece una hoja que tiene surcos profundos y es superficie porosa.,"{""p1"": ""s"", ""p4"": ""colonial"", ""p6"": ""no"", ""p19"": ""laminar"", ""p20"": ""colinas"", ""p22"": ""con"", ""p23"": ""bifacial""}"
agaricia_tenuifolia,Agaricia tenuifolia,Coral Hoja Fina,Agariciidae,Escleractinio,"aplanado como un plato con pinta de se ve como un cerebro, tono color tierra.","{""p1"": ""s"", ""p4"": ""colonial"", ""p6"": ""no"", ""p19"": ""laminar"", ""p20"": ""colinas"", ""p22"": ""con"", ""p23"": ""bifacial""}"
agaricia_tenuifolia,Agaricia tenuifolia,Coral Hoja Fina,Agariciidae,Escleractinio,Coral laminar bifacial (pólipos en ambas caras). Hojas delgadas y delicadas. Presenta color marrón claro y textura áspera.,"{""p1"": ""s"", ""p4"": ""colonial"", ""p6"": ""no"", ""p19"": ""laminar"", ""p20"": ""colinas"", ""p22"": ""con"", ""p23"": ""bifacial""}"
agaricia_tenuifolia,Agaricia tenuifolia,Coral Hoja Fina,Agariciidae,Escleractinio,"como platos con pinta de laberinto, tono color café claro.","{""p1"": ""s"", ""p4"": ""colonial"", ""p6"": ""no"", ""p19"": ""laminar"", ""p20"": ""colinas"", ""p22"": ""con"", ""p23"": ""bifacial""}"
agaricia_tenuifolia,Agaricia tenuifolia,Coral Hoja Fina,Agariciidae,Escleractinio,"Especie coral laminar, presenta como una nuez, tonalidad crema.","{""p1"": ""s"", ""p4"": ""colonial"", ""p6"": ""no"", ""p19"": ""laminar"", ""p20"": ""colinas"", ""p22"": ""con"", ""p23"": ""bifacial""}"
agaricia_tenuifolia,Agaricia tenuifolia,Coral Hoja Fina,Agariciidae,Escleractinio,"Vi un coral platos aplanados, tiene con surcos, parece amarillento.","{""p1"": ""s"", ""p4"": ""colonial"", ""p6"": ""no"", ""p19"": ""laminar"", ""p20"": ""colinas"", ""p22"": ""con"", ""p23"": ""bifacial""}"
agaricia_tenuifolia,Agaricia tenuifolia,Coral Hoja Fina,Agariciidae,Escleractinio,Coral laminar bifacial (pólipos en ambas caras). Hojas delgadas y delicadas. Presenta beige y esqueleto calcáreo.,"{""p1"": ""s"", ""p4"": ""colonial"", ""p6"": ""no"", ""p19"": ""laminar"", ""p20"": ""colinas"", ""p22"": ""con"", ""p23"": ""bifacial""}"
agaricia_tenuifolia,Agaricia tenuifolia,Coral Hoja Fina,Agariciidae,Escleractinio,"Observamos en forma de hoja con con grietas evidente, coloración crema.","{""p1"": ""s"", ""p4"": ""colonial"", ""p6"": ""no"", ""p19"": ""laminar"", ""p20"": ""colinas"", ""p22"": ""con"", ""p23"": ""bifacial""}"
agaricia_tenuifolia,Agaricia tenuifolia,Coral Hoja Fina,Agariciidae,Escleractinio,"Colonia forma de lámina con superficie cerebroide característica, color grisáceo.","{""p1"": ""s"", ""p4"": ""colonial"", ""p6"": ""no"", ""p19"": ""laminar"", ""p20"": ""colinas"", ""p22"": ""con"", ""p23"": ""bifacial""}"
agaricia_tenuifolia,Agaricia tenuifolia,Coral Hoja Fina,Agariciidae,Escleractinio,"Uno en forma de hoja que está liso, con parece un cerebro.","{""p1"": ""s"", ""p4"": ""colonial"", ""p6"": ""no"", ""p19"": ""laminar"", ""p20"": ""colinas"", ""p22"": ""con"", ""p23"": ""bifacial""}"
agaricia_tenuifolia,Agaricia tenuifolia,Coral Hoja Fina,Agariciidae,Escleractinio,Coral laminar bifacial (pólipos en ambas caras). Hojas delgadas y delicadas. Presenta color tierra y poroso.,"{""p1"": ""s"", ""p4"": ""colonial"", ""p6"": ""no"", ""p19"": ""laminar"", ""p20"": ""colinas"", ""p22"": ""con"", ""p23"": ""bifacial""}"
agaricia_tenuifolia,Agaricia tenuifolia,Coral Hoja Fina,Agariciidae,Escleractinio,Coral laminar bifacial (pólipos en ambas caras). Hojas delgadas y delicadas.,"{""p1"": ""s"", ""p4"": ""colonial"", ""p6"": ""no"", ""p19"": ""laminar"", ""p20"": ""colinas"", ""p22"": ""con"", ""p23"": ""bifacial""}"
agaricia_tenuifolia,Agaricia tenuifolia,Coral Hoja Fina,Agariciidae,Escleractinio,"Coral de tipo como platos, superficie surcos, colonias densas.","{""p1"": ""s"", ""p4"": ""colonial"", ""p6"": ""no"", ""p19"": ""laminar"", ""p20"": ""colinas"", ""p22"": ""con"", ""p23"": ""bifacial""}"
agaricia_tenuifolia,Agaricia tenuifolia,Coral Hoja Fina,Agariciidae,Escleractinio,"Es un coral forma de disco folioso, áspero al tacto, con valles profundos de color marrón.","{""p1"": ""s"", ""p4"": ""colonial"", ""p6"": ""no"", ""p19"": ""laminar"", ""p20"": ""colinas"", ""p22"": ""con"", ""p23"": ""bifacial""}"
agaricia_tenuifolia,Agaricia tenuifolia,Coral Hoja Fina,Agariciidae,Escleractinio,Forma: como hojas. Textura: con grietas. Tono: color marrón claro.,"{""p1"": ""s"", ""p4"": ""colonial"", ""p6"": ""no"", ""p19"": ""laminar"", ""p20"": ""colinas"", ""p22"": ""con"", ""p23"": ""bifacial""}"
agaricia_tenuifolia,Agaricia tenuifolia,Coral Hoja Fina,Agariciidae,Escleractinio,Coral laminar bifacial (pólipos en ambas caras). Hojas delgadas y delicadas. Presenta gris y áspero al tacto.,"{""p1"": ""s"", ""p4"": ""colonial"", ""p6"": ""no"", ""p19"": ""laminar"", ""p20"": ""colinas"", ""p22"": ""con"", ""p23"": ""bifacial""}"
agaricia_undata,Agaricia undata,Coral Hoja Ondulada,Agariciidae,Escleractinio,Coral laminar con colinas distanciadas 6-7 mm. Superficie ondulada. Presenta gris y duro como roca.,"{""p1"": ""s"", ""p4"": ""colonial"", ""p6"": ""no"", ""p19"": ""laminar"", ""p20"": ""colinas"", ""p22"": ""con"", ""p23"": ""unifacial"", ""p24"": ""continuos"", ""p25"": ""5_8"", ""p27"": ""6_7""}"
agaricia_undata,Agaricia undata,Coral Hoja Ondulada,Agariciidae,Escleractinio,"Observamos aplanado como un plato con como laberinto evidente, coloración crema.","{""p1"": ""s"", ""p4"": ""colonial"", ""p6"": ""no"", ""p19"": ""laminar"", ""p20"": ""colinas"", ""p22"": ""con"", ""p23"": ""unifacial"", ""p24"": ""continuos"", ""p25"": ""5_8"", ""p27"": ""6_7""}"
agaricia_undata,Agaricia undata,Coral Hoja Ondulada,Agariciidae,Escleractinio,Coral laminar con colinas distanciadas 6-7 mm. Superficie ondulada. Presenta amarillento y superficie porosa.,"{""p1"": ""s"", ""p4"": ""colonial"", ""p6"": ""no"", ""p19"": ""laminar"", ""p20"": ""colinas"", ""p22"": ""con"", ""p23"": ""unifacial"", ""p24"": ""continuos"", ""p25"": ""5_8"", ""p27"": ""6_7""}"
agaricia_undata,Agaricia undata,Coral Hoja Ondulada,Agariciidae,Escleractinio,"Colonia aspecto de hoja con como un cerebro característica, color grisáceo.","{""p1"": ""s"", ""p4"": ""colonial"", ""p6"": ""no"", ""p19"": ""laminar"", ""p20"": ""colinas"", ""p22"": ""con"", ""p23"": ""unifacial"", ""p24"": ""continuos"", ""p25"": ""5_8"", ""p27"": ""6_7""}"
agaricia_undata,Agaricia undata,Coral Hoja Ondulada,Agariciidae,Escleractinio,"Parece placas delgadas con se ve como un cerebro, color grisáceo.","{""p1"": ""s"", ""p4"": ""colonial"", ""p6"": ""no"", ""p19"": ""laminar"", ""p20"": ""colinas"", ""p22"": ""con"", ""p23"": ""unifacial"", ""p24"": ""continuos"", ""p25"": ""5_8"", ""p27"": ""6_7""}"
agaricia_undata,Agaricia undata,Coral Hoja Ondulada,Agariciidae,Escleractinio,"Es como placas superpuestas, tiene forma de cerebro y es color tierra.","{""p1"": ""s"", ""p4"": ""colonial"", ""p6"": ""no"", ""p19"": ""laminar"", ""p20"": ""colinas"", ""p22"": ""con"", ""p23"": ""unifacial"", ""p24"": ""continuos"", ""p25"": ""5_8"", ""p27"": ""6_7""}"
agaricia_undata,Agaricia undata,Coral Hoja Ondulada,Agariciidae,Escleractinio,Coral laminar con colinas distanciadas 6-7 mm. Superficie ondulada. Presenta color café y como una roca.,"{""p1"": ""s"", ""p4"": ""colonial"", ""p6"": ""no"", ""p19"": ""laminar"", ""p20"": ""colinas"", ""p22"": ""con"", ""p23"": ""unifacial"", ""p24"": ""continuos"", ""p25"": ""5_8"", ""p27"": ""6_7""}"
agaricia_undata,Agaricia undata,Coral Hoja Ondulada,Agariciidae,Escleractinio,"Es como crecimiento en placas, tiene surcos como cerebro y es color amarillento.","{""p1"": ""s"", ""p4"": ""colonial"", ""p6"": ""no"", ""p19"": ""laminar"", ""p20"": ""colinas"", ""p22"": ""con"", ""p23"": ""unifacial"", ""p24"": ""continuos"", ""p25"": ""5_8"", ""p27"": ""6_7""}"
agaricia_undata,Agaricia undata,Coral Hoja Ondulada,Agariciidae,Escleractinio,"Es como como papel, tiene valles profundos y es gris.","{""p1"": ""s"", ""p4"": ""colonial"", ""p6"": ""no"", ""p19"": ""laminar"", ""p20"": ""colinas"", ""p22"": ""con"", ""p23"": ""unifacial"", ""p24"": ""continuos"", ""p25"": ""5_8"", ""p27"": ""6_7""}"
agaricia_undata,Agaricia undata,Coral Hoja Ondulada,Agariciidae,Escleractinio,Un coral placas delgadas que tiene superficie cerebroide y es superficie rugosa.,"{""p1"": ""s"", ""p4"": ""colonial"", ""p6"": ""no"", ""p19"": ""laminar"", ""p20"": ""colinas"", ""p22"": ""con"", ""p23"": ""unifacial"", ""p24"": ""continuos"", ""p25"": ""5_8"", ""p27"": ""6_7""}"
agaricia_undata,Agaricia undata,Coral Hoja Ondulada,Agariciidae,Escleractinio,"Como placa delgada pero con surcos sinuosos, superficie rugosa, tonalidad verdosa.","{""p1"": ""s"", ""p4"": ""colonial"", ""p6"": ""no"", ""p19"": ""laminar"", ""p20"": ""colinas"", ""p22"": ""con"", ""p23"": ""unifacial"", ""p24"": ""continuos"", ""p25"": ""5_8"", ""p27"": ""6_7""}"
agaricia_undata,Agaricia undata,Coral Hoja Ondulada,Agariciidae,Escleractinio,Coral laminar con colinas distanciadas 6-7 mm. Superficie ondulada.,"{""p1"": ""s"", ""p4"": ""colonial"", ""p6"": ""no"", ""p19"": ""laminar"", ""p20"": ""colinas"", ""p22"": ""con"", ""p23"": ""unifacial"", ""p24"": ""continuos"", ""p25"": ""5_8"", ""p27"": ""6_7""}"
agaricia_undata,Agaricia undata,Coral Hoja Ondulada,Agariciidae,Escleractinio,Coral laminar con colinas distanciadas 6-7 mm. Superficie ondulada. Presenta verdoso y como una roca.,"{""p1"": ""s"", ""p4"": ""colonial"", ""p6"": ""no"", ""p19"": ""laminar"", ""p20"": ""colinas"", ""p22"": ""con"", ""p23"": ""unifacial"", ""p24"": ""continuos"", ""p25"": ""5_8"", ""p27"": ""6_7""}"
agaricia_undata,Agaricia undata,Coral Hoja Ondulada,Agariciidae,Escleractinio,"Especie como platos, presenta forma de cerebro, tonalidad beige.","{""p1"": ""s"", ""p4"": ""colonial"", ""p6"": ""no"", ""p19"": ""laminar"", ""p20"": ""colinas"", ""p22"": ""con"", ""p23"": ""unifacial"", ""p24"": ""continuos"", ""p25"": ""5_8"", ""p27"": ""6_7""}"
agaricia_undata,Agaricia undata,Coral Hoja Ondulada,Agariciidae,Escleractinio,"Encontré esto: platos aplanados, se ve surcos profundos, color color tierra.","{""p1"": ""s"", ""p4"": ""colonial"", ""p6"": ""no"", ""p19"": ""laminar"", ""p20"": ""colinas"", ""p22"": ""con"", ""p23"": ""unifacial"", ""p24"": ""continuos"", ""p25"": ""5_8"", ""p27"": ""6_7""}"
agaricia_undata,Agaricia undata,Coral Hoja Ondulada,Agariciidae,Escleractinio,"Es como como una placa, tiene con canales y es gris.","{""p1"": ""s"", ""p4"": ""colonial"", ""p6"": ""no"", ""p19"": ""laminar"", ""p20"": ""colinas"", ""p22"": ""con"", ""p23"": ""unifacial"", ""p24"": ""continuos"", ""p25"": ""5_8"", ""p27"": ""6_7""}"
agaricia_undata,Agaricia undata,Coral Hoja Ondulada,Agariciidae,Escleractinio,Un coral placas superpuestas que tiene surcos y es textura áspera.,"{""p1"": ""s"", ""p4"": ""colonial"", ""p6"": ""no"", ""p19"": ""laminar"", ""p20"": ""colinas"", ""p22"": ""con"", ""p23"": ""unifacial"", ""p24"": ""continuos"", ""p25"": ""5_8"", ""p27"": ""6_7""}"
agaricia_undata,Agaricia undata,Coral Hoja Ondulada,Agariciidae,Escleractinio,"Vi un coral placas delgadas, tiene con surcos, parece color piedra.","{""p1"": ""s"", ""p4"": ""colonial"", ""p6"": ""no"", ""p19"": ""laminar"", ""p20"": ""colinas"", ""p22"": ""con"", ""p23"": ""unifacial"", ""p24"": ""continuos"", ""p25"": ""5_8"", ""p27"": ""6_7""}"
agaricia_undata,Agaricia undata,Coral Hoja Ondulada,Agariciidae,Escleractinio,"Es como hojas delgadas, tiene como una nuez y es como arena.","{""p1"": ""s"", ""p4"": ""colonial"", ""p6"": ""no"", ""p19"": ""laminar"", ""p20"": ""colinas"", ""p22"": ""con"", ""p23"": ""unifacial"", ""p24"": ""continuos"", ""p25"": ""5_8"", ""p27"": ""6_7""}"
agaricia_undata,Agaricia undata,Coral Hoja Ondulada,Agariciidae,Escleractinio,Tipo: placas delgadas. Superficie: surcos. Color: como arena.,"{""p1"": ""s"", ""p4"": ""colonial"", ""p6"": ""no"", ""p19"": ""laminar"", ""p20"": ""colinas"", ""p22"": ""con"", ""p23"": ""unifacial"", ""p24"": ""continuos"", ""p25"": ""5_8"", ""p27"": ""6_7""}"
agaricia_undata,Agaricia undata,Coral Hoja Ondulada,Agariciidae,Escleractinio,Coral laminar con colinas distanciadas 6-7 mm. Superficie ondulada. Presenta color arena y colonias densas.,"{""p1"": ""s"", ""p4"": ""colonial"", ""p6"": ""no"", ""p19"": ""laminar"", ""p20"": ""colinas"", ""p22"": ""con"", ""p23"": ""unifacial"", ""p24"": ""continuos"", ""p25"": ""5_8"", ""p27"": ""6_7""}"
agaricia_undata,Agaricia undata,Coral Hoja Ondulada,Agariciidae,Escleractinio,"Coral de tipo en capas, superficie con canales, poroso.","{""p1"": ""s"", ""p4"": ""colonial"", ""p6"": ""no"", ""p19"": ""laminar"", ""p20"": ""colinas"", ""p22"": ""con"", ""p23"": ""unifacial"", ""p24"": ""continuos"", ""p25"": ""5_8"", ""p27"": ""6_7""}"
agaricia_undata,Agaricia undata,Coral Hoja Ondulada,Agariciidae,Escleractinio,"Es como como hojas, tiene surcos y es color café.","{""p1"": ""s"", ""p4"": ""colonial"", ""p6"": ""no"", ""p19"": ""laminar"", ""p20"": ""colinas"", ""p22"": ""con"", ""p23"": ""unifacial"", ""p24"": ""continuos"", ""p25"": ""5_8"", ""p27"": ""6_7""}"
agaricia_undata,Agaricia undata,Coral Hoja Ondulada,Agariciidae,Escleractinio,Coral laminar con colinas distanciadas 6-7 mm. Superficie ondulada. Presenta café y textura áspera.,"{""p1"": ""s"", ""p4"": ""colonial"", ""p6"": ""no"", ""p19"": ""laminar"", ""p20"": ""colinas"", ""p22"": ""con"", ""p23"": ""unifacial"", ""p24"": ""continuos"", ""p25"": ""5_8"", ""p27"": ""6_7""}"
agaricia_undata,Agaricia undata,Coral Hoja Ondulada,Agariciidae,Escleractinio,"Observamos hojas delgadas con meandros sinuosos evidente, coloración color tierra.","{""p1"": ""s"", ""p4"": ""colonial"", ""p6"": ""no"", ""p19"": ""laminar"", ""p20"": ""colinas"", ""p22"": ""con"", ""p23"": ""unifacial"", ""p24"": ""continuos"", ""p25"": ""5_8"", ""p27"": ""6_7""}"
agaricia_undata,Agaricia undata,Coral Hoja Ondulada,Agariciidae,Escleractinio,"crecimiento en placas con pinta de forma de cerebro, tono amarillento.","{""p1"": ""s"", ""p4"": ""colonial"", ""p6"": ""no"", ""p19"": ""laminar"", ""p20"": ""colinas"", ""p22"": ""con"", ""p23"": ""unifacial"", ""p24"": ""continuos"", ""p25"": ""5_8"", ""p27"": ""6_7""}"
agaricia_undata,Agaricia undata,Coral Hoja Ondulada,Agariciidae,Escleractinio,"Encontré esto: hojas delgadas, se ve surcos sinuosos, color color marrón claro.","{""p1"": ""s"", ""p4"": ""colonial"", ""p6"": ""no"", ""p19"": ""laminar"", ""p20"": ""colinas"", ""p22"": ""con"", ""p23"": ""unifacial"", ""p24"": ""continuos"", ""p25"": ""5_8"", ""p27"": ""6_7""}"
agaricia_undata,Agaricia undata,Coral Hoja Ondulada,Agariciidae,Escleractinio,Coral laminar con colinas distanciadas 6-7 mm. Superficie ondulada. Presenta color café claro y esponjoso.,"{""p1"": ""s"", ""p4"": ""colonial"", ""p6"": ""no"", ""p19"": ""laminar"", ""p20"": ""colinas"", ""p22"": ""con"", ""p23"": ""unifacial"", ""p24"": ""continuos"", ""p25"": ""5_8"", ""p27"": ""6_7""}"
agaricia_undata,Agaricia undata,Coral Hoja Ondulada,Agariciidae,Escleractinio,Coral laminar con colinas distanciadas 6-7 mm. Superficie ondulada. Presenta crema y colonias densas.,"{""p1"": ""s"", ""p4"": ""colonial"", ""p6"": ""no"", ""p19"": ""laminar"", ""p20"": ""colinas"", ""p22"": ""con"", ""p23"": ""unifacial"", ""p24"": ""continuos"", ""p25"": ""5_8"", ""p27"": ""6_7""}"
agaricia_undata,Agaricia undata,Coral Hoja Ondulada,Agariciidae,Escleractinio,"Uno parece una hoja que está superficie lisa, con laberinto.","{""p1"": ""s"", ""p4"": ""colonial"", ""p6"": ""no"", ""p19"": ""laminar"", ""p20"": ""colinas"", ""p22"": ""con"", ""p23"": ""unifacial"", ""p24"": ""continuos"", ""p25"": ""5_8"", ""p27"": ""6_7""}"
agaricia_undata,Agaricia undata,Coral Hoja Ondulada,Agariciidae,Escleractinio,"Uno aplanado como un plato que está superficie uniforme, con surcos profundos.","{""p1"": ""s"", ""p4"": ""colonial"", ""p6"": ""no"", ""p19"": ""laminar"", ""p20"": ""colinas"", ""p22"": ""con"", ""p23"": ""unifacial"", ""p24"": ""continuos"", ""p25"": ""5_8"", ""p27"": ""6_7""}"
agaricia_undata,Agaricia undata,Coral Hoja Ondulada,Agariciidae,Escleractinio,"Observamos forma de disco folioso con surcos sinuosos evidente, coloración café.","{""p1"": ""s"", ""p4"": ""colonial"", ""p6"": ""no"", ""p19"": ""laminar"", ""p20"": ""colinas"", ""p22"": ""con"", ""p23"": ""unifacial"", ""p24"": ""continuos"", ""p25"": ""5_8"", ""p27"": ""6_7""}"
agaricia_undata,Agaricia undata,Coral Hoja Ondulada,Agariciidae,Escleractinio,"Parece crecimiento en placas con laberinto, color amarillento.","{""p1"": ""s"", ""p4"": ""colonial"", ""p6"": ""no"", ""p19"": ""laminar"", ""p20"": ""colinas"", ""p22"": ""con"", ""p23"": ""unifacial"", ""p24"": ""continuos"", ""p25"": ""5_8"", ""p27"": ""6_7""}"
agaricia_undata,Agaricia undata,Coral Hoja Ondulada,Agariciidae,Escleractinio,"aplanado como un plato, surcos profundos, blanquecino.","{""p1"": ""s"", ""p4"": ""colonial"", ""p6"": ""no"", ""p19"": ""laminar"", ""p20"": ""colinas"", ""p22"": ""con"", ""p23"": ""unifacial"", ""p24"": ""continuos"", ""p25"": ""5_8"", ""p27"": ""6_7""}"
agaricia_undata,Agaricia undata,Coral Hoja Ondulada,Agariciidae,Escleractinio,"Uno como una laja que está esqueleto calcáreo, con surcos sinuosos.","{""p1"": ""s"", ""p4"": ""colonial"", ""p6"": ""no"", ""p19"": ""laminar"", ""p20"": ""colinas"", ""p22"": ""con"", ""p23"": ""unifacial"", ""p24"": ""continuos"", ""p25"": ""5_8"", ""p27"": ""6_7""}"
agaricia_undata,Agaricia undata,Coral Hoja Ondulada,Agariciidae,Escleractinio,Coral laminar con colinas distanciadas 6-7 mm. Superficie ondulada. Presenta verdoso y superficie lisa.,"{""p1"": ""s"", ""p4"": ""colonial"", ""p6"": ""no"", ""p19"": ""laminar"", ""p20"": ""colinas"", ""p22"": ""con"", ""p23"": ""unifacial"", ""p24"": ""continuos"", ""p25"": ""5_8"", ""p27"": ""6_7""}"
agaricia_undata,Agaricia undata,Coral Hoja Ondulada,Agariciidae,Escleractinio,"Encontré esto: platos aplanados, se ve con surcos, color color arena.","{""p1"": ""s"", ""p4"": ""colonial"", ""p6"": ""no"", ""p19"": ""laminar"", ""p20"": ""colinas"", ""p22"": ""con"", ""p23"": ""unifacial"", ""p24"": ""continuos"", ""p25"": ""5_8"", ""p27"": ""6_7""}"
agaricia_undata,Agaricia undata,Coral Hoja Ondulada,Agariciidae,Escleractinio,"Vi un coral en forma de hoja, tiene canales, parece color marrón.","{""p1"": ""s"", ""p4"": ""colonial"", ""p6"": ""no"", ""p19"": ""laminar"", ""p20"": ""colinas"", ""p22"": ""con"", ""p23"": ""unifacial"", ""p24"": ""continuos"", ""p25"": ""5_8"", ""p27"": ""6_7""}"
agaricia_undata,Agaricia undata,Coral Hoja Ondulada,Agariciidae,Escleractinio,Coral laminar con colinas distanciadas 6-7 mm. Superficie ondulada. Presenta gris y liso.,"{""p1"": ""s"", ""p4"": ""colonial"", ""p6"": ""no"", ""p19"": ""laminar"", ""p20"": ""colinas"", ""p22"": ""con"", ""p23"": ""unifacial"", ""p24"": ""continuos"", ""p25"": ""5_8"", ""p27"": ""6_7""}"
agaricia_undata,Agaricia undata,Coral Hoja Ondulada,Agariciidae,Escleractinio,"Observamos como una placa con valles sinuosos evidente, coloración color amarillento.","{""p1"": ""s"", ""p4"": ""colonial"", ""p6"": ""no"", ""p19"": ""laminar"", ""p20"": ""colinas"", ""p22"": ""con"", ""p23"": ""unifacial"", ""p24"": ""continuos"", ""p25"": ""5_8"", ""p27"": ""6_7""}"
agaricia_undata,Agaricia undata,Coral Hoja Ondulada,Agariciidae,Escleractinio,"Como como platos pero con surcos profundos, como esponja, color marrón claro.","{""p1"": ""s"", ""p4"": ""colonial"", ""p6"": ""no"", ""p19"": ""laminar"", ""p20"": ""colinas"", ""p22"": ""con"", ""p23"": ""unifacial"", ""p24"": ""continuos"", ""p25"": ""5_8"", ""p27"": ""6_7""}"
agaricia_undata,Agaricia undata,Coral Hoja Ondulada,Agariciidae,Escleractinio,Coral laminar con colinas distanciadas 6-7 mm. Superficie ondulada. Presenta color café claro y como esponja.,"{""p1"": ""s"", ""p4"": ""colonial"", ""p6"": ""no"", ""p19"": ""laminar"", ""p20"": ""colinas"", ""p22"": ""con"", ""p23"": ""unifacial"", ""p24"": ""continuos"", ""p25"": ""5_8"", ""p27"": ""6_7""}"
agaricia_undata,Agaricia undata,Coral Hoja Ondulada,Agariciidae,Escleractinio,"placas superpuestas con pinta de valles profundos, tono color amarillento.","{""p1"": ""s"", ""p4"": ""colonial"", ""p6"": ""no"", ""p19"": ""laminar"", ""p20"": ""colinas"", ""p22"": ""con"", ""p23"": ""unifacial"", ""p24"": ""continuos"", ""p25"": ""5_8"", ""p27"": ""6_7""}"
agaricia_undata,Agaricia undata,Coral Hoja Ondulada,Agariciidae,Escleractinio,Coral laminar con colinas distanciadas 6-7 mm. Superficie ondulada. Presenta color arena y duro como roca.,"{""p1"": ""s"", ""p4"": ""colonial"", ""p6"": ""no"", ""p19"": ""laminar"", ""p20"": ""colinas"", ""p22"": ""con"", ""p23"": ""unifacial"", ""p24"": ""continuos"", ""p25"": ""5_8"", ""p27"": ""6_7""}"
agaricia_undata,Agaricia undata,Coral Hoja Ondulada,Agariciidae,Escleractinio,Tipo: láminas delgadas. Superficie: surcos profundos. Color: marrón.,"{""p1"": ""s"", ""p4"": ""colonial"", ""p6"": ""no"", ""p19"": ""laminar"", ""p20"": ""colinas"", ""p22"": ""con"", ""p23"": ""unifacial"", ""p24"": ""continuos"", ""p25"": ""5_8"", ""p27"": ""6_7""}"
agaricia_undata,Agaricia undata,Coral Hoja Ondulada,Agariciidae,Escleractinio,Coral laminar con colinas distanciadas 6-7 mm. Superficie ondulada. Presenta tonalidad verdosa y esponjoso.,"{""p1"": ""s"", ""p4"": ""colonial"", ""p6"": ""no"", ""p19"": ""laminar"", ""p20"": ""colinas"", ""p22"": ""con"", ""p23"": ""unifacial"", ""p24"": ""continuos"", ""p25"": ""5_8"", ""p27"": ""6_7""}"
agaricia_undata,Agaricia undata,Coral Hoja Ondulada,Agariciidae,Escleractinio,Un coral placa delgada que tiene surcos profundos y es colonias densas.,"{""p1"": ""s"", ""p4"": ""colonial"", ""p6"": ""no"", ""p19"": ""laminar"", ""p20"": ""colinas"", ""p22"": ""con"", ""p23"": ""unifacial"", ""p24"": ""continuos"", ""p25"": ""5_8"", ""p27"": ""6_7""}"
agaricia_undata,Agaricia undata,Coral Hoja Ondulada,Agariciidae,Escleractinio,"forma de lámina con pinta de como un cerebro, tono gris.","{""p1"": ""s"", ""p4"": ""colonial"", ""p6"": ""no"", ""p19"": ""laminar"", ""p20"": ""colinas"", ""p22"": ""con"", ""p23"": ""unifacial"", ""p24"": ""continuos"", ""p25"": ""5_8"", ""p27"": ""6_7""}"
agaricia_undata,Agaricia undata,Coral Hoja Ondulada,Agariciidae,Escleractinio,Coral laminar con colinas distanciadas 6-7 mm. Superficie ondulada. Presenta amarillento y duro como roca.,"{""p1"": ""s"", ""p4"": ""colonial"", ""p6"": ""no"", ""p19"": ""laminar"", ""p20"": ""colinas"", ""p22"": ""con"", ""p23"": ""unifacial"", ""p24"": ""continuos"", ""p25"": ""5_8"", ""p27"": ""6_7""}"
agaricia_undata,Agaricia undata,Coral Hoja Ondulada,Agariciidae,Escleractinio,"Como aspecto de hoja pero con como una nuez, colonias densas, gris.","{""p1"": ""s"", ""p4"": ""colonial"", ""p6"": ""no"", ""p19"": ""laminar"", ""p20"": ""colinas"", ""p22"": ""con"", ""p23"": ""unifacial"", ""p24"": ""continuos"", ""p25"": ""5_8"", ""p27"": ""6_7""}"
agaricia_undata,Agaricia undata,Coral Hoja Ondulada,Agariciidae,Escleractinio,Coral laminar con colinas distanciadas 6-7 mm. Superficie ondulada. Presenta como arena y superficie lisa.,"{""p1"": ""s"", ""p4"": ""colonial"", ""p6"": ""no"", ""p19"": ""laminar"", ""p20"": ""colinas"", ""p22"": ""con"", ""p23"": ""unifacial"", ""p24"": ""continuos"", ""p25"": ""5_8"", ""p27"": ""6_7""}"
leptoseris_cucullata,Leptoseris cucullata,Coral Hoja,Agariciidae,Escleractinio,Es como crecimiento en placas y es gris.,"{""p1"": ""s"", ""p4"": ""colonial"", ""p6"": ""no"", ""p19"": ""laminar"", ""p20"": ""colinas"", ""p22"": ""sin""}"
leptoseris_cucullata,Leptoseris cucullata,Coral Hoja,Agariciidae,Escleractinio,Un coral como un disco que es áspero al tacto.,"{""p1"": ""s"", ""p4"": ""colonial"", ""p6"": ""no"", ""p19"": ""laminar"", ""p20"": ""colinas"", ""p22"": ""sin""}"
leptoseris_cucullata,Leptoseris cucullata,Coral Hoja,Agariciidae,Escleractinio,"Coral de tipo platos aplanados, textura áspera.","{""p1"": ""s"", ""p4"": ""colonial"", ""p6"": ""no"", ""p19"": ""laminar"", ""p20"": ""colinas"", ""p22"": ""sin""}"
leptoseris_cucullata,Leptoseris cucullata,Coral Hoja,Agariciidae,Escleractinio,Coral laminar sin columela. Forma hojas onduladas y circulares. Presenta amarillento y superficie irregular.,"{""p1"": ""s"", ""p4"": ""colonial"", ""p6"": ""no"", ""p19"": ""laminar"", ""p20"": ""colinas"", ""p22"": ""sin""}"
leptoseris_cucullata,Leptoseris cucullata,Coral Hoja,Agariciidae,Escleractinio,Coral laminar sin columela. Forma hojas onduladas y circulares. Presenta beige y como una roca.,"{""p1"": ""s"", ""p4"": ""colonial"", ""p6"": ""no"", ""p19"": ""laminar"", ""p20"": ""colinas"", ""p22"": ""sin""}"
leptoseris_cucullata,Leptoseris cucullata,Coral Hoja,Agariciidae,Escleractinio,Forma: como un disco. Textura: superficie porosa. Tono: como arena.,"{""p1"": ""s"", ""p4"": ""colonial"", ""p6"": ""no"", ""p19"": ""laminar"", ""p20"": ""colinas"", ""p22"": ""sin""}"
leptoseris_cucullata,Leptoseris cucullata,Coral Hoja,Agariciidae,Escleractinio,Coral laminar sin columela. Forma hojas onduladas y circulares.,"{""p1"": ""s"", ""p4"": ""colonial"", ""p6"": ""no"", ""p19"": ""laminar"", ""p20"": ""colinas"", ""p22"": ""sin""}"
leptoseris_cucullata,Leptoseris cucullata,Coral Hoja,Agariciidae,Escleractinio,Forma: forma de lámina. Textura: como esponja. Tono: blanquecino.,"{""p1"": ""s"", ""p4"": ""colonial"", ""p6"": ""no"", ""p19"": ""laminar"", ""p20"": ""colinas"", ""p22"": ""sin""}"
leptoseris_cucullata,Leptoseris cucullata,Coral Hoja,Agariciidae,Escleractinio,"como un disco, tono color arena.","{""p1"": ""s"", ""p4"": ""colonial"", ""p6"": ""no"", ""p19"": ""laminar"", ""p20"": ""colinas"", ""p22"": ""sin""}"
leptoseris_cucullata,Leptoseris cucullata,Coral Hoja,Agariciidae,Escleractinio,Un coral aspecto de hoja que es superficie rugosa.,"{""p1"": ""s"", ""p4"": ""colonial"", ""p6"": ""no"", ""p19"": ""laminar"", ""p20"": ""colinas"", ""p22"": ""sin""}"
leptoseris_cucullata,Leptoseris cucullata,Coral Hoja,Agariciidae,Escleractinio,"Colonia platos aplanados característica, crema.","{""p1"": ""s"", ""p4"": ""colonial"", ""p6"": ""no"", ""p19"": ""laminar"", ""p20"": ""colinas"", ""p22"": ""sin""}"
leptoseris_cucullata,Leptoseris cucullata,Coral Hoja,Agariciidae,Escleractinio,"Coral de tipo coral laminar, poroso.","{""p1"": ""s"", ""p4"": ""colonial"", ""p6"": ""no"", ""p19"": ""laminar"", ""p20"": ""colinas"", ""p22"": ""sin""}"
leptoseris_cucullata,Leptoseris cucullata,Coral Hoja,Agariciidae,Escleractinio,"Vi un coral aplanado como un plato, parece color marrón.","{""p1"": ""s"", ""p4"": ""colonial"", ""p6"": ""no"", ""p19"": ""laminar"", ""p20"": ""colinas"", ""p22"": ""sin""}"
leptoseris_cucullata,Leptoseris cucullata,Coral Hoja,Agariciidae,Escleractinio,"Parece placas delgadas, color tierra.","{""p1"": ""s"", ""p4"": ""colonial"", ""p6"": ""no"", ""p19"": ""laminar"", ""p20"": ""colinas"", ""p22"": ""sin""}"
leptoseris_cucullata,Leptoseris cucullata,Coral Hoja,Agariciidae,Escleractinio,"Encontré esto: como papel, color color tierra.","{""p1"": ""s"", ""p4"": ""colonial"", ""p6"": ""no"", ""p19"": ""laminar"", ""p20"": ""colinas"", ""p22"": ""sin""}"
leptoseris_cucullata,Leptoseris cucullata,Coral Hoja,Agariciidae,Escleractinio,"como platos, amarillento.","{""p1"": ""s"", ""p4"": ""colonial"", ""p6"": ""no"", ""p19"": ""laminar"", ""p20"": ""colinas"", ""p22"": ""sin""}"
leptoseris_cucullata,Leptoseris cucullata,Coral Hoja,Agariciidae,Escleractinio,Tipo: en forma de hoja. Color: color piedra.,"{""p1"": ""s"", ""p4"": ""colonial"", ""p6"": ""no"", ""p19"": ""laminar"", ""p20"": ""colinas"", ""p22"": ""sin""}"
leptoseris_cucullata,Leptoseris cucullata,Coral Hoja,Agariciidae,Escleractinio,Coral laminar sin columela. Forma hojas onduladas y circulares. Presenta beige y liso.,"{""p1"": ""s"", ""p4"": ""colonial"", ""p6"": ""no"", ""p19"": ""laminar"", ""p20"": ""colinas"", ""p22"": ""sin""}"
leptoseris_cucullata,Leptoseris cucullata,Coral Hoja,Agariciidae,Escleractinio,Observamos forma de lámina con coloración beige.,"{""p1"": ""s"", ""p4"": ""colonial"", ""p6"": ""no"", ""p19"": ""laminar"", ""p20"": ""colinas"", ""p22"": ""sin""}"
leptoseris_cucullata,Leptoseris cucullata,Coral Hoja,Agariciidae,Escleractinio,Coral laminar sin columela. Forma hojas onduladas y circulares. Presenta como arena y áspero al tacto.,"{""p1"": ""s"", ""p4"": ""colonial"", ""p6"": ""no"", ""p19"": ""laminar"", ""p20"": ""colinas"", ""p22"": ""sin""}"
leptoseris_cucullata,Leptoseris cucullata,Coral Hoja,Agariciidae,Escleractinio,"Como aspecto de hoja, esqueleto calcáreo, beige.","{""p1"": ""s"", ""p4"": ""colonial"", ""p6"": ""no"", ""p19"": ""laminar"", ""p20"": ""colinas"", ""p22"": ""sin""}"
leptoseris_cucullata,Leptoseris cucullata,Coral Hoja,Agariciidae,Escleractinio,"Coral de tipo aspecto de hoja, liso.","{""p1"": ""s"", ""p4"": ""colonial"", ""p6"": ""no"", ""p19"": ""laminar"", ""p20"": ""colinas"", ""p22"": ""sin""}"
leptoseris_cucullata,Leptoseris cucullata,Coral Hoja,Agariciidae,Escleractinio,"Como como una laja, liso, verdoso.","{""p1"": ""s"", ""p4"": ""colonial"", ""p6"": ""no"", ""p19"": ""laminar"", ""p20"": ""colinas"", ""p22"": ""sin""}"
leptoseris_cucullata,Leptoseris cucullata,Coral Hoja,Agariciidae,Escleractinio,Coral laminar sin columela. Forma hojas onduladas y circulares. Presenta color marrón y colonias densas.,"{""p1"": ""s"", ""p4"": ""colonial"", ""p6"": ""no"", ""p19"": ""laminar"", ""p20"": ""colinas"", ""p22"": ""sin""}"
leptoseris_cucullata,Leptoseris cucullata,Coral Hoja,Agariciidae,Escleractinio,Forma: como un disco. Textura: como esponja. Tono: color arena.,"{""p1"": ""s"", ""p4"": ""colonial"", ""p6"": ""no"", ""p19"": ""laminar"", ""p20"": ""colinas"", ""p22"": ""sin""}"
leptoseris_cucullata,Leptoseris cucullata,Coral Hoja,Agariciidae,Escleractinio,Un coral en capas que es como esponja.,"{""p1"": ""s"", ""p4"": ""colonial"", ""p6"": ""no"", ""p19"": ""laminar"", ""p20"": ""colinas"", ""p22"": ""sin""}"
leptoseris_cucullata,Leptoseris cucullata,Coral Hoja,Agariciidae,Escleractinio,Coral laminar sin columela. Forma hojas onduladas y circulares. Presenta color arena y colonias densas.,"{""p1"": ""s"", ""p4"": ""colonial"", ""p6"": ""no"", ""p19"": ""laminar"", ""p20"": ""colinas"", ""p22"": ""sin""}"
leptoseris_cucullata,Leptoseris cucullata,Coral Hoja,Agariciidae,Escleractinio,Tipo: en forma de hoja. Color: color café.,"{""p1"": ""s"", ""p4"": ""colonial"", ""p6"": ""no"", ""p19"": ""laminar"", ""p20"": ""colinas"", ""p22"": ""sin""}"
leptoseris_cucullata,Leptoseris cucullata,Coral Hoja,Agariciidae,Escleractinio,Uno hojas delgadas que está duro como roca.,"{""p1"": ""s"", ""p4"": ""colonial"", ""p6"": ""no"", ""p19"": ""laminar"", ""p20"": ""colinas"", ""p22"": ""sin""}"
leptoseris_cucullata,Leptoseris cucullata,Coral Hoja,Agariciidae,Escleractinio,"Especie como una hoja, tonalidad crema.","{""p1"": ""s"", ""p4"": ""colonial"", ""p6"": ""no"", ""p19"": ""laminar"", ""p20"": ""colinas"", ""p22"": ""sin""}"
leptoseris_cucullata,Leptoseris cucullata,Coral Hoja,Agariciidae,Escleractinio,Coral laminar sin columela. Forma hojas onduladas y circulares. Presenta crema y como esponja.,"{""p1"": ""s"", ""p4"": ""colonial"", ""p6"": ""no"", ""p19"": ""laminar"", ""p20"": ""colinas"", ""p22"": ""sin""}"
leptoseris_cucullata,Leptoseris cucullata,Coral Hoja,Agariciidae,Escleractinio,"Es un coral crecimiento en placas, rugoso, de color color marrón.","{""p1"": ""s"", ""p4"": ""colonial"", ""p6"": ""no"", ""p19"": ""laminar"", ""p20"": ""colinas"", ""p22"": ""sin""}"
leptoseris_cucullata,Leptoseris cucullata,Coral Hoja,Agariciidae,Escleractinio,Uno coral laminar que está superficie rugosa.,"{""p1"": ""s"", ""p4"": ""colonial"", ""p6"": ""no"", ""p19"": ""laminar"", ""p20"": ""colinas"", ""p22"": ""sin""}"
leptoseris_cucullata,Leptoseris cucullata,Coral Hoja,Agariciidae,Escleractinio,Coral laminar sin columela. Forma hojas onduladas y circulares. Presenta marrón y esponjoso.,"{""p1"": ""s"", ""p4"": ""colonial"", ""p6"": ""no"", ""p19"": ""laminar"", ""p20"": ""colinas"", ""p22"": ""sin""}"
leptoseris_cucullata,Leptoseris cucullata,Coral Hoja,Agariciidae,Escleractinio,"Coral de tipo en forma de hoja, rugoso.","{""p1"": ""s"", ""p4"": ""colonial"", ""p6"": ""no"", ""p19"": ""laminar"", ""p20"": ""colinas"", ""p22"": ""sin""}"
leptoseris_cucullata,Leptoseris cucullata,Coral Hoja,Agariciidae,Escleractinio,Observamos forma de lámina con coloración color grisáceo.,"{""p1"": ""s"", ""p4"": ""colonial"", ""p6"": ""no"", ""p19"": ""laminar"", ""p20"": ""colinas"", ""p22"": ""sin""}"
leptoseris_cucullata,Leptoseris cucullata,Coral Hoja,Agariciidae,Escleractinio,"aspecto de hoja, color tierra.","{""p1"": ""s"", ""p4"": ""colonial"", ""p6"": ""no"", ""p19"": ""laminar"", ""p20"": ""colinas"", ""p22"": ""sin""}"
leptoseris_cucullata,Leptoseris cucullata,Coral Hoja,Agariciidae,Escleractinio,Coral laminar sin columela. Forma hojas onduladas y circulares. Presenta color arena y superficie porosa.,"{""p1"": ""s"", ""p4"": ""colonial"", ""p6"": ""no"", ""p19"": ""laminar"", ""p20"": ""colinas"", ""p22"": ""sin""}"
leptoseris_cucullata,Leptoseris cucullata,Coral Hoja,Agariciidae,Escleractinio,Forma: placas delgadas. Textura: superficie rugosa. Tono: color piedra.,"{""p1"": ""s"", ""p4"": ""colonial"", ""p6"": ""no"", ""p19"": ""laminar"", ""p20"": ""colinas"", ""p22"": ""sin""}"
leptoseris_cucullata,Leptoseris cucullata,Coral Hoja,Agariciidae,Escleractinio,"Parece crecimiento en placas, color amarillento.","{""p1"": ""s"", ""p4"": ""colonial"", ""p6"": ""no"", ""p19"": ""laminar"", ""p20"": ""colinas"", ""p22"": ""sin""}"
leptoseris_cucullata,Leptoseris cucullata,Coral Hoja,Agariciidae,Escleractinio,Coral laminar sin columela. Forma hojas onduladas y circulares. Presenta color café y como una roca.,"{""p1"": ""s"", ""p4"": ""colonial"", ""p6"": ""no"", ""p19"": ""laminar"", ""p20"": ""colinas"", ""p22"": ""sin""}"
leptoseris_cucullata,Leptoseris cucullata,Coral Hoja,Agariciidae,Escleractinio,Coral laminar sin columela. Forma hojas onduladas y circulares. Presenta blanquecino y textura áspera.,"{""p1"": ""s"", ""p4"": ""colonial"", ""p6"": ""no"", ""p19"": ""laminar"", ""p20"": ""colinas"", ""p22"": ""sin""}"
leptoseris_cucullata,Leptoseris cucullata,Coral Hoja,Agariciidae,Escleractinio,Es como parece una hoja y es color marrón.,"{""p1"": ""s"", ""p4"": ""colonial"", ""p6"": ""no"", ""p19"": ""laminar"", ""p20"": ""colinas"", ""p22"": ""sin""}"
leptoseris_cucullata,Leptoseris cucullata,Coral Hoja,Agariciidae,Escleractinio,Coral laminar sin columela. Forma hojas onduladas y circulares. Presenta blanquecino y como una roca.,"{""p1"": ""s"", ""p4"": ""colonial"", ""p6"": ""no"", ""p19"": ""laminar"", ""p20"": ""colinas"", ""p22"": ""sin""}"
leptoseris_cucullata,Leptoseris cucullata,Coral Hoja,Agariciidae,Escleractinio,Coral laminar sin columela. Forma hojas onduladas y circulares. Presenta color amarillento y liso.,"{""p1"": ""s"", ""p4"": ""colonial"", ""p6"": ""no"", ""p19"": ""laminar"", ""p20"": ""colinas"", ""p22"": ""sin""}"
leptoseris_cucullata,Leptoseris cucullata,Coral Hoja,Agariciidae,Escleractinio,Coral laminar sin columela. Forma hojas onduladas y circulares. Presenta color tierra y textura áspera.,"{""p1"": ""s"", ""p4"": ""colonial"", ""p6"": ""no"", ""p19"": ""laminar"", ""p20"": ""colinas"", ""p22"": ""sin""}"
leptoseris_cucullata,Leptoseris cucullata,Coral Hoja,Agariciidae,Escleractinio,"como una tortilla, color amarillento.","{""p1"": ""s"", ""p4"": ""colonial"", ""p6"": ""no"", ""p19"": ""laminar"", ""p20"": ""colinas"", ""p22"": ""sin""}"
leptoseris_cucullata,Leptoseris cucullata,Coral Hoja,Agariciidae,Escleractinio,Coral laminar sin columela. Forma hojas onduladas y circulares. Presenta color café y superficie uniforme.,"{""p1"": ""s"", ""p4"": ""colonial"", ""p6"": ""no"", ""p19"": ""laminar"", ""p20"": ""colinas"", ""p22"": ""sin""}"
leptoseris_cucullata,Leptoseris cucullata,Coral Hoja,Agariciidae,Escleractinio,Uno forma de disco folioso que está colonias densas.,"{""p1"": ""s"", ""p4"": ""colonial"", ""p6"": ""no"", ""p19"": ""laminar"", ""p20"": ""colinas"", ""p22"": ""sin""}"
leptoseris_cucullata,Leptoseris cucullata,Coral Hoja,Agariciidae,Escleractinio,"como papel, amarillento.","{""p1"": ""s"", ""p4"": ""colonial"", ""p6"": ""no"", ""p19"": ""laminar"", ""p20"": ""colinas"", ""p22"": ""sin""}"
leptoseris_cucullata,Leptoseris cucullata,Coral Hoja,Agariciidae,Escleractinio,"Es un coral crecimiento en placas, colonias densas, de color color marrón claro.","{""p1"": ""s"", ""p4"": ""colonial"", ""p6"": ""no"", ""p19"": ""laminar"", ""p20"": ""colinas"", ""p22"": ""sin""}"
porites_astreoides,Porites astreoides,Coral de Dedo,Poritidae,Escleractinio,Coral masivo o incrustante con coralitos profundos de 1.2-1.5 mm. Muy común en arrecifes. Presenta color amarillento y superficie rugosa.,"{""p1"": ""s"", ""p4"": ""colonial"", ""p6"": ""no"", ""p19"": ""masiva"", ""p30"": ""copas"", ""p48"": ""menor_1"", ""p49"": ""poroso"", ""p50"": ""12"", ""p51"": ""1_2_1_5""}"
porites_astreoides,Porites astreoides,Coral de Dedo,Poritidae,Escleractinio,"roca redonda, pequeñas copas, color amarillento.","{""p1"": ""s"", ""p4"": ""colonial"", ""p6"": ""no"", ""p19"": ""masiva"", ""p30"": ""copas"", ""p48"": ""menor_1"", ""p49"": ""poroso"", ""p50"": ""12"", ""p51"": ""1_2_1_5""}"
porites_astreoides,Porites astreoides,Coral de Dedo,Poritidae,Escleractinio,"Especie crecimiento macizo, presenta pequeños hoyos, tonalidad verdoso.","{""p1"": ""s"", ""p4"": ""colonial"", ""p6"": ""no"", ""p19"": ""masiva"", ""p30"": ""copas"", ""p48"": ""menor_1"", ""p49"": ""poroso"", ""p50"": ""12"", ""p51"": ""1_2_1_5""}"
porites_astreoides,Porites astreoides,Coral de Dedo,Poritidae,Escleractinio,"Estaba buceando y vi esférica con con hoyitos pequeños, color piedra.","{""p1"": ""s"", ""p4"": ""colonial"", ""p6"": ""no"", ""p19"": ""masiva"", ""p30"": ""copas"", ""p48"": ""menor_1"", ""p49"": ""poroso"", ""p50"": ""12"", ""p51"": ""1_2_1_5""}"
porites_astreoides,Porites astreoides,Coral de Dedo,Poritidae,Escleractinio,"Coral de tipo como una bola, superficie coralitos en forma de copa, esponjoso.","{""p1"": ""s"", ""p4"": ""colonial"", ""p6"": ""no"", ""p19"": ""masiva"", ""p30"": ""copas"", ""p48"": ""menor_1"", ""p49"": ""poroso"", ""p50"": ""12"", ""p51"": ""1_2_1_5""}"
porites_astreoides,Porites astreoides,Coral de Dedo,Poritidae,Escleractinio,Coral masivo o incrustante con coralitos profundos de 1.2-1.5 mm. Muy común en arrecifes. Presenta crema y colonias densas.,"{""p1"": ""s"", ""p4"": ""colonial"", ""p6"": ""no"", ""p19"": ""masiva"", ""p30"": ""copas"", ""p48"": ""menor_1"", ""p49"": ""poroso"", ""p50"": ""12"", ""p51"": ""1_2_1_5""}"
porites_astreoides,Porites astreoides,Coral de Dedo,Poritidae,Escleractinio,Coral masivo o incrustante con coralitos profundos de 1.2-1.5 mm. Muy común en arrecifes. Presenta gris y esqueleto calcáreo.,"{""p1"": ""s"", ""p4"": ""colonial"", ""p6"": ""no"", ""p19"": ""masiva"", ""p30"": ""copas"", ""p48"": ""menor_1"", ""p49"": ""poroso"", ""p50"": ""12"", ""p51"": ""1_2_1_5""}"
porites_astreoides,Porites astreoides,Coral de Dedo,Poritidae,Escleractinio,"Colonia como un domo con como panal característica, gris.","{""p1"": ""s"", ""p4"": ""colonial"", ""p6"": ""no"", ""p19"": ""masiva"", ""p30"": ""copas"", ""p48"": ""menor_1"", ""p49"": ""poroso"", ""p50"": ""12"", ""p51"": ""1_2_1_5""}"
porites_astreoides,Porites astreoides,Coral de Dedo,Poritidae,Escleractinio,Forma: como una bola. Textura: pequeños hoyos. Tono: color café claro.,"{""p1"": ""s"", ""p4"": ""colonial"", ""p6"": ""no"", ""p19"": ""masiva"", ""p30"": ""copas"", ""p48"": ""menor_1"", ""p49"": ""poroso"", ""p50"": ""12"", ""p51"": ""1_2_1_5""}"
porites_astreoides,Porites astreoides,Coral de Dedo,Poritidae,Escleractinio,"Es como forma redonda, tiene como una colmena y es crema.","{""p1"": ""s"", ""p4"": ""colonial"", ""p6"": ""no"", ""p19"": ""masiva"", ""p30"": ""copas"", ""p48"": ""menor_1"", ""p49"": ""poroso"", ""p50"": ""12"", ""p51"": ""1_2_1_5""}"
porites_astreoides,Porites astreoides,Coral de Dedo,Poritidae,Escleractinio,Coral masivo o incrustante con coralitos profundos de 1.2-1.5 mm. Muy común en arrecifes. Presenta como arena y poroso.,"{""p1"": ""s"", ""p4"": ""colonial"", ""p6"": ""no"", ""p19"": ""masiva"", ""p30"": ""copas"", ""p48"": ""menor_1"", ""p49"": ""poroso"", ""p50"": ""12"", ""p51"": ""1_2_1_5""}"
porites_astreoides,Porites astreoides,Coral de Dedo,Poritidae,Escleractinio,"redonda, pequeñas copas, beige.","{""p1"": ""s"", ""p4"": ""colonial"", ""p6"": ""no"", ""p19"": ""masiva"", ""p30"": ""copas"", ""p48"": ""menor_1"", ""p49"": ""poroso"", ""p50"": ""12"", ""p51"": ""1_2_1_5""}"
porites_astreoides,Porites astreoides,Coral de Dedo,Poritidae,Escleractinio,"Estaba buceando y vi esférico con agujeritos, color arena.","{""p1"": ""s"", ""p4"": ""colonial"", ""p6"": ""no"", ""p19"": ""masiva"", ""p30"": ""copas"", ""p48"": ""menor_1"", ""p49"": ""poroso"", ""p50"": ""12"", ""p51"": ""1_2_1_5""}"
porites_astreoides,Porites astreoides,Coral de Dedo,Poritidae,Escleractinio,"Es como como un domo, tiene como una esponja y es color piedra.","{""p1"": ""s"", ""p4"": ""colonial"", ""p6"": ""no"", ""p19"": ""masiva"", ""p30"": ""copas"", ""p48"": ""menor_1"", ""p49"": ""poroso"", ""p50"": ""12"", ""p51"": ""1_2_1_5""}"
porites_astreoides,Porites astreoides,Coral de Dedo,Poritidae,Escleractinio,Coral masivo o incrustante con coralitos profundos de 1.2-1.5 mm. Muy común en arrecifes. Presenta color arena y colonias densas.,"{""p1"": ""s"", ""p4"": ""colonial"", ""p6"": ""no"", ""p19"": ""masiva"", ""p30"": ""copas"", ""p48"": ""menor_1"", ""p49"": ""poroso"", ""p50"": ""12"", ""p51"": ""1_2_1_5""}"
porites_astreoides,Porites astreoides,Coral de Dedo,Poritidae,Escleractinio,"Coral de tipo coral masivo, superficie como panal, esqueleto calcáreo.","{""p1"": ""s"", ""p4"": ""colonial"", ""p6"": ""no"", ""p19"": ""masiva"", ""p30"": ""copas"", ""p48"": ""menor_1"", ""p49"": ""poroso"", ""p50"": ""12"", ""p51"": ""1_2_1_5""}"
porites_astreoides,Porites astreoides,Coral de Dedo,Poritidae,Escleractinio,"Colonia montículo rocoso con puntitos característica, amarillento.","{""p1"": ""s"", ""p4"": ""colonial"", ""p6"": ""no"", ""p19"": ""masiva"", ""p30"": ""copas"", ""p48"": ""menor_1"", ""p49"": ""poroso"", ""p50"": ""12"", ""p51"": ""1_2_1_5""}"
porites_astreoides,Porites astreoides,Coral de Dedo,Poritidae,Escleractinio,Tipo: roca coralina. Superficie: como una colmena. Color: gris.,"{""p1"": ""s"", ""p4"": ""colonial"", ""p6"": ""no"", ""p19"": ""masiva"", ""p30"": ""copas"", ""p48"": ""menor_1"", ""p49"": ""poroso"", ""p50"": ""12"", ""p51"": ""1_2_1_5""}"
porites_astreoides,Porites astreoides,Coral de Dedo,Poritidae,Escleractinio,"Estaba buceando y vi bloque compacto con pequeñas copas, color piedra.","{""p1"": ""s"", ""p4"": ""colonial"", ""p6"": ""no"", ""p19"": ""masiva"", ""p30"": ""copas"", ""p48"": ""menor_1"", ""p49"": ""poroso"", ""p50"": ""12"", ""p51"": ""1_2_1_5""}"
porites_astreoides,Porites astreoides,Coral de Dedo,Poritidae,Escleractinio,Coral masivo o incrustante con coralitos profundos de 1.2-1.5 mm. Muy común en arrecifes. Presenta crema y textura áspera.,"{""p1"": ""s"", ""p4"": ""colonial"", ""p6"": ""no"", ""p19"": ""masiva"", ""p30"": ""copas"", ""p48"": ""menor_1"", ""p49"": ""poroso"", ""p50"": ""12"", ""p51"": ""1_2_1_5""}"
porites_astreoides,Porites astreoides,Coral de Dedo,Poritidae,Escleractinio,Coral masivo o incrustante con coralitos profundos de 1.2-1.5 mm. Muy común en arrecifes. Presenta crema y superficie irregular.,"{""p1"": ""s"", ""p4"": ""colonial"", ""p6"": ""no"", ""p19"": ""masiva"", ""p30"": ""copas"", ""p48"": ""menor_1"", ""p49"": ""poroso"", ""p50"": ""12"", ""p51"": ""1_2_1_5""}"
porites_astreoides,Porites astreoides,Coral de Dedo,Poritidae,Escleractinio,Coral masivo o incrustante con coralitos profundos de 1.2-1.5 mm. Muy común en arrecifes. Presenta marrón y superficie rugosa.,"{""p1"": ""s"", ""p4"": ""colonial"", ""p6"": ""no"", ""p19"": ""masiva"", ""p30"": ""copas"", ""p48"": ""menor_1"", ""p49"": ""poroso"", ""p50"": ""12"", ""p51"": ""1_2_1_5""}"
porites_astreoides,Porites astreoides,Coral de Dedo,Poritidae,Escleractinio,"Es como redonda, tiene como poros y es color arena.","{""p1"": ""s"", ""p4"": ""colonial"", ""p6"": ""no"", ""p19"": ""masiva"", ""p30"": ""copas"", ""p48"": ""menor_1"", ""p49"": ""poroso"", ""p50"": ""12"", ""p51"": ""1_2_1_5""}"
porites_astreoides,Porites astreoides,Coral de Dedo,Poritidae,Escleractinio,Forma: forma de roca. Textura: pequeños hoyos. Tono: crema.,"{""p1"": ""s"", ""p4"": ""colonial"", ""p6"": ""no"", ""p19"": ""masiva"", ""p30"": ""copas"", ""p48"": ""menor_1"", ""p49"": ""poroso"", ""p50"": ""12"", ""p51"": ""1_2_1_5""}"
porites_astreoides,Porites astreoides,Coral de Dedo,Poritidae,Escleractinio,"Especie parece una piedra grande, presenta como una esponja, tonalidad como arena.","{""p1"": ""s"", ""p4"": ""colonial"", ""p6"": ""no"", ""p19"": ""masiva"", ""p30"": ""copas"", ""p48"": ""menor_1"", ""p49"": ""poroso"", ""p50"": ""12"", ""p51"": ""1_2_1_5""}"
porites_astreoides,Porites astreoides,Coral de Dedo,Poritidae,Escleractinio,"Es un coral crecimiento macizo, superficie uniforme, con coralitos en forma de copa de color color café claro.","{""p1"": ""s"", ""p4"": ""colonial"", ""p6"": ""no"", ""p19"": ""masiva"", ""p30"": ""copas"", ""p48"": ""menor_1"", ""p49"": ""poroso"", ""p50"": ""12"", ""p51"": ""1_2_1_5""}"
porites_astreoides,Porites astreoides,Coral de Dedo,Poritidae,Escleractinio,Coral masivo o incrustante con coralitos profundos de 1.2-1.5 mm. Muy común en arrecifes. Presenta color grisáceo y colonias densas.,"{""p1"": ""s"", ""p4"": ""colonial"", ""p6"": ""no"", ""p19"": ""masiva"", ""p30"": ""copas"", ""p48"": ""menor_1"", ""p49"": ""poroso"", ""p50"": ""12"", ""p51"": ""1_2_1_5""}"
porites_astreoides,Porites astreoides,Coral de Dedo,Poritidae,Escleractinio,"bloque compacto, pequeños hoyos, tonalidad verdosa.","{""p1"": ""s"", ""p4"": ""colonial"", ""p6"": ""no"", ""p19"": ""masiva"", ""p30"": ""copas"", ""p48"": ""menor_1"", ""p49"": ""poroso"", ""p50"": ""12"", ""p51"": ""1_2_1_5""}"
porites_astreoides,Porites astreoides,Coral de Dedo,Poritidae,Escleractinio,"Parece esférico con con hoyitos pequeños, verdoso.","{""p1"": ""s"", ""p4"": ""colonial"", ""p6"": ""no"", ""p19"": ""masiva"", ""p30"": ""copas"", ""p48"": ""menor_1"", ""p49"": ""poroso"", ""p50"": ""12"", ""p51"": ""1_2_1_5""}"
porites_astreoides,Porites astreoides,Coral de Dedo,Poritidae,Escleractinio,Coral masivo o incrustante con coralitos profundos de 1.2-1.5 mm. Muy común en arrecifes. Presenta color marrón claro y duro como roca.,"{""p1"": ""s"", ""p4"": ""colonial"", ""p6"": ""no"", ""p19"": ""masiva"", ""p30"": ""copas"", ""p48"": ""menor_1"", ""p49"": ""poroso"", ""p50"": ""12"", ""p51"": ""1_2_1_5""}"
porites_astreoides,Porites astreoides,Coral de Dedo,Poritidae,Escleractinio,"Encontré esto: forma redonda, se ve pequeños hoyos, color café.","{""p1"": ""s"", ""p4"": ""colonial"", ""p6"": ""no"", ""p19"": ""masiva"", ""p30"": ""copas"", ""p48"": ""menor_1"", ""p49"": ""poroso"", ""p50"": ""12"", ""p51"": ""1_2_1_5""}"
porites_astreoides,Porites astreoides,Coral de Dedo,Poritidae,Escleractinio,Forma: forma de domo. Textura: como panal. Tono: color marrón.,"{""p1"": ""s"", ""p4"": ""colonial"", ""p6"": ""no"", ""p19"": ""masiva"", ""p30"": ""copas"", ""p48"": ""menor_1"", ""p49"": ""poroso"", ""p50"": ""12"", ""p51"": ""1_2_1_5""}"
porites_astreoides,Porites astreoides,Coral de Dedo,Poritidae,Escleractinio,"Uno redondo que está superficie porosa, con pequeñas copas.","{""p1"": ""s"", ""p4"": ""colonial"", ""p6"": ""no"", ""p19"": ""masiva"", ""p30"": ""copas"", ""p48"": ""menor_1"", ""p49"": ""poroso"", ""p50"": ""12"", ""p51"": ""1_2_1_5""}"
porites_astreoides,Porites astreoides,Coral de Dedo,Poritidae,Escleractinio,"forma redonda, superficie con copas, color marrón.","{""p1"": ""s"", ""p4"": ""colonial"", ""p6"": ""no"", ""p19"": ""masiva"", ""p30"": ""copas"", ""p48"": ""menor_1"", ""p49"": ""poroso"", ""p50"": ""12"", ""p51"": ""1_2_1_5""}"
porites_astreoides,Porites astreoides,Coral de Dedo,Poritidae,Escleractinio,"Colonia redondo con como poros característica, crema.","{""p1"": ""s"", ""p4"": ""colonial"", ""p6"": ""no"", ""p19"": ""masiva"", ""p30"": ""copas"", ""p48"": ""menor_1"", ""p49"": ""poroso"", ""p50"": ""12"", ""p51"": ""1_2_1_5""}"
porites_astreoides,Porites astreoides,Coral de Dedo,Poritidae,Escleractinio,"Parece como un domo con con poros, crema.","{""p1"": ""s"", ""p4"": ""colonial"", ""p6"": ""no"", ""p19"": ""masiva"", ""p30"": ""copas"", ""p48"": ""menor_1"", ""p49"": ""poroso"", ""p50"": ""12"", ""p51"": ""1_2_1_5""}"
porites_astreoides,Porites astreoides,Coral de Dedo,Poritidae,Escleractinio,"Coral de tipo esférica, superficie hoyuelos, superficie porosa.","{""p1"": ""s"", ""p4"": ""colonial"", ""p6"": ""no"", ""p19"": ""masiva"", ""p30"": ""copas"", ""p48"": ""menor_1"", ""p49"": ""poroso"", ""p50"": ""12"", ""p51"": ""1_2_1_5""}"
porites_astreoides,Porites astreoides,Coral de Dedo,Poritidae,Escleractinio,Coral masivo o incrustante con coralitos profundos de 1.2-1.5 mm. Muy común en arrecifes. Presenta color arena y poroso.,"{""p1"": ""s"", ""p4"": ""colonial"", ""p6"": ""no"", ""p19"": ""masiva"", ""p30"": ""copas"", ""p48"": ""menor_1"", ""p49"": ""poroso"", ""p50"": ""12"", ""p51"": ""1_2_1_5""}"
porites_astreoides,Porites astreoides,Coral de Dedo,Poritidae,Escleractinio,"Vi un coral bloque compacto, tiene aberturas circulares, parece color arena.","{""p1"": ""s"", ""p4"": ""colonial"", ""p6"": ""no"", ""p19"": ""masiva"", ""p30"": ""copas"", ""p48"": ""menor_1"", ""p49"": ""poroso"", ""p50"": ""12"", ""p51"": ""1_2_1_5""}"
porites_astreoides,Porites astreoides,Coral de Dedo,Poritidae,Escleractinio,Coral masivo o incrustante con coralitos profundos de 1.2-1.5 mm. Muy común en arrecifes. Presenta color arena y superficie rugosa.,"{""p1"": ""s"", ""p4"": ""colonial"", ""p6"": ""no"", ""p19"": ""masiva"", ""p30"": ""copas"", ""p48"": ""menor_1"", ""p49"": ""poroso"", ""p50"": ""12"", ""p51"": ""1_2_1_5""}"
porites_astreoides,Porites astreoides,Coral de Dedo,Poritidae,Escleractinio,"Encontré esto: forma de roca, se ve como una esponja, color café.","{""p1"": ""s"", ""p4"": ""colonial"", ""p6"": ""no"", ""p19"": ""masiva"", ""p30"": ""copas"", ""p48"": ""menor_1"", ""p49"": ""poroso"", ""p50"": ""12"", ""p51"": ""1_2_1_5""}"
porites_astreoides,Porites astreoides,Coral de Dedo,Poritidae,Escleractinio,"Como como una bola pero con con poros, como esponja, color café claro.","{""p1"": ""s"", ""p4"": ""colonial"", ""p6"": ""no"", ""p19"": ""masiva"", ""p30"": ""copas"", ""p48"": ""menor_1"", ""p49"": ""poroso"", ""p50"": ""12"", ""p51"": ""1_2_1_5""}"
porites_astreoides,Porites astreoides,Coral de Dedo,Poritidae,Escleractinio,"Parece como una bola con como panal, color tierra.","{""p1"": ""s"", ""p4"": ""colonial"", ""p6"": ""no"", ""p19"": ""masiva"", ""p30"": ""copas"", ""p48"": ""menor_1"", ""p49"": ""poroso"", ""p50"": ""12"", ""p51"": ""1_2_1_5""}"
porites_astreoides,Porites astreoides,Coral de Dedo,Poritidae,Escleractinio,"como un montículo con pinta de hoyuelos, tono color amarillento.","{""p1"": ""s"", ""p4"": ""colonial"", ""p6"": ""no"", ""p19"": ""masiva"", ""p30"": ""copas"", ""p48"": ""menor_1"", ""p49"": ""poroso"", ""p50"": ""12"", ""p51"": ""1_2_1_5""}"
porites_astreoides,Porites astreoides,Coral de Dedo,Poritidae,Escleractinio,Coral masivo o incrustante con coralitos profundos de 1.2-1.5 mm. Muy común en arrecifes. Presenta como arena y liso.,"{""p1"": ""s"", ""p4"": ""colonial"", ""p6"": ""no"", ""p19"": ""masiva"", ""p30"": ""copas"", ""p48"": ""menor_1"", ""p49"": ""poroso"", ""p50"": ""12"", ""p51"": ""1_2_1_5""}"
porites_astreoides,Porites astreoides,Coral de Dedo,Poritidae,Escleractinio,Coral masivo o incrustante con coralitos profundos de 1.2-1.5 mm. Muy común en arrecifes. Presenta crema y áspero al tacto.,"{""p1"": ""s"", ""p4"": ""colonial"", ""p6"": ""no"", ""p19"": ""masiva"", ""p30"": ""copas"", ""p48"": ""menor_1"", ""p49"": ""poroso"", ""p50"": ""12"", ""p51"": ""1_2_1_5""}"
porites_astreoides,Porites astreoides,Coral de Dedo,Poritidae,Escleractinio,"Encontré esto: parece una roca, se ve puntitos, color marrón.","{""p1"": ""s"", ""p4"": ""colonial"", ""p6"": ""no"", ""p19"": ""masiva"", ""p30"": ""copas"", ""p48"": ""menor_1"", ""p49"": ""poroso"", ""p50"": ""12"", ""p51"": ""1_2_1_5""}"
porites_astreoides,Porites astreoides,Coral de Dedo,Poritidae,Escleractinio,"Especie bloque compacto, presenta con agujeros, tonalidad color café.","{""p1"": ""s"", ""p4"": ""colonial"", ""p6"": ""no"", ""p19"": ""masiva"", ""p30"": ""copas"", ""p48"": ""menor_1"", ""p49"": ""poroso"", ""p50"": ""12"", ""p51"": ""1_2_1_5""}"
porites_astreoides,Porites astreoides,Coral de Dedo,Poritidae,Escleractinio,Coral masivo o incrustante con coralitos profundos de 1.2-1.5 mm. Muy común en arrecifes. Presenta color piedra y superficie irregular.,"{""p1"": ""s"", ""p4"": ""colonial"", ""p6"": ""no"", ""p19"": ""masiva"", ""p30"": ""copas"", ""p48"": ""menor_1"", ""p49"": ""poroso"", ""p50"": ""12"", ""p51"": ""1_2_1_5""}"
porites_astreoides,Porites astreoides,Coral de Dedo,Poritidae,Escleractinio,Coral masivo o incrustante con coralitos profundos de 1.2-1.5 mm. Muy común en arrecifes.,"{""p1"": ""s"", ""p4"": ""colonial"", ""p6"": ""no"", ""p19"": ""masiva"", ""p30"": ""copas"", ""p48"": ""menor_1"", ""p49"": ""poroso"", ""p50"": ""12"", ""p51"": ""1_2_1_5""}"
porites_astreoides,Porites astreoides,Coral de Dedo,Poritidae,Escleractinio,"Coral de tipo bloque compacto, superficie con poros, duro como roca.","{""p1"": ""s"", ""p4"": ""colonial"", ""p6"": ""no"", ""p19"": ""masiva"", ""p30"": ""copas"", ""p48"": ""menor_1"", ""p49"": ""poroso"", ""p50"": ""12"", ""p51"": ""1_2_1_5""}"
porites_divaricata,Porites divaricata,Coral de Dedo Delgado,Poritidae,Escleractinio,"Parece ramas coralinas, crema.","{""p1"": ""s"", ""p4"": ""colonial"", ""p6"": ""ramificado"", ""p7"": ""toda"", ""p10"": ""conicas"", ""p14"": ""mas_10"", ""p17"": ""finas""}"
porites_divaricata,Porites divaricata,Coral de Dedo Delgado,Poritidae,Escleractinio,Tipo: ramas. Color: beige.,"{""p1"": ""s"", ""p4"": ""colonial"", ""p6"": ""ramificado"", ""p7"": ""toda"", ""p10"": ""conicas"", ""p14"": ""mas_10"", ""p17"": ""finas""}"
porites_divaricata,Porites divaricata,Coral de Dedo Delgado,Poritidae,Escleractinio,Coral ramificado con ramas de menos de 6 mm de diámetro. Colonias densas. Presenta como arena y colonias densas.,"{""p1"": ""s"", ""p4"": ""colonial"", ""p6"": ""ramificado"", ""p7"": ""toda"", ""p10"": ""conicas"", ""p14"": ""mas_10"", ""p17"": ""finas""}"
porites_divaricata,Porites divaricata,Coral de Dedo Delgado,Poritidae,Escleractinio,Coral ramificado con ramas de menos de 6 mm de diámetro. Colonias densas. Presenta beige y esponjoso.,"{""p1"": ""s"", ""p4"": ""colonial"", ""p6"": ""ramificado"", ""p7"": ""toda"", ""p10"": ""conicas"", ""p14"": ""mas_10"", ""p17"": ""finas""}"
porites_divaricata,Porites divaricata,Coral de Dedo Delgado,Poritidae,Escleractinio,Coral ramificado con ramas de menos de 6 mm de diámetro. Colonias densas. Presenta color marrón y textura áspera.,"{""p1"": ""s"", ""p4"": ""colonial"", ""p6"": ""ramificado"", ""p7"": ""toda"", ""p10"": ""conicas"", ""p14"": ""mas_10"", ""p17"": ""finas""}"
porites_divaricata,Porites divaricata,Coral de Dedo Delgado,Poritidae,Escleractinio,Coral ramificado con ramas de menos de 6 mm de diámetro. Colonias densas. Presenta color tierra y superficie rugosa.,"{""p1"": ""s"", ""p4"": ""colonial"", ""p6"": ""ramificado"", ""p7"": ""toda"", ""p10"": ""conicas"", ""p14"": ""mas_10"", ""p17"": ""finas""}"
porites_divaricata,Porites divaricata,Coral de Dedo Delgado,Poritidae,Escleractinio,"Es un coral parece un arbusto, superficie porosa, de color gris.","{""p1"": ""s"", ""p4"": ""colonial"", ""p6"": ""ramificado"", ""p7"": ""toda"", ""p10"": ""conicas"", ""p14"": ""mas_10"", ""p17"": ""finas""}"
porites_divaricata,Porites divaricata,Coral de Dedo Delgado,Poritidae,Escleractinio,"Especie crecimiento arbustivo, tonalidad blanquecino.","{""p1"": ""s"", ""p4"": ""colonial"", ""p6"": ""ramificado"", ""p7"": ""toda"", ""p10"": ""conicas"", ""p14"": ""mas_10"", ""p17"": ""finas""}"
porites_divaricata,Porites divaricata,Coral de Dedo Delgado,Poritidae,Escleractinio,Coral ramificado con ramas de menos de 6 mm de diámetro. Colonias densas. Presenta marrón y colonias densas.,"{""p1"": ""s"", ""p4"": ""colonial"", ""p6"": ""ramificado"", ""p7"": ""toda"", ""p10"": ""conicas"", ""p14"": ""mas_10"", ""p17"": ""finas""}"
porites_divaricata,Porites divaricata,Coral de Dedo Delgado,Poritidae,Escleractinio,"Como brazos que salen, colonias densas, amarillento.","{""p1"": ""s"", ""p4"": ""colonial"", ""p6"": ""ramificado"", ""p7"": ""toda"", ""p10"": ""conicas"", ""p14"": ""mas_10"", ""p17"": ""finas""}"
porites_divaricata,Porites divaricata,Coral de Dedo Delgado,Poritidae,Escleractinio,Coral ramificado con ramas de menos de 6 mm de diámetro. Colonias densas. Presenta color café claro y esqueleto calcáreo.,"{""p1"": ""s"", ""p4"": ""colonial"", ""p6"": ""ramificado"", ""p7"": ""toda"", ""p10"": ""conicas"", ""p14"": ""mas_10"", ""p17"": ""finas""}"
porites_divaricata,Porites divaricata,Coral de Dedo Delgado,Poritidae,Escleractinio,Tipo: como dedos que salen. Color: tonalidad verdosa.,"{""p1"": ""s"", ""p4"": ""colonial"", ""p6"": ""ramificado"", ""p7"": ""toda"", ""p10"": ""conicas"", ""p14"": ""mas_10"", ""p17"": ""finas""}"
porites_divaricata,Porites divaricata,Coral de Dedo Delgado,Poritidae,Escleractinio,Coral ramificado con ramas de menos de 6 mm de diámetro. Colonias densas. Presenta verdoso y colonias densas.,"{""p1"": ""s"", ""p4"": ""colonial"", ""p6"": ""ramificado"", ""p7"": ""toda"", ""p10"": ""conicas"", ""p14"": ""mas_10"", ""p17"": ""finas""}"
porites_divaricata,Porites divaricata,Coral de Dedo Delgado,Poritidae,Escleractinio,"Es un coral ramas como cuernos, áspero al tacto, de color color café claro.","{""p1"": ""s"", ""p4"": ""colonial"", ""p6"": ""ramificado"", ""p7"": ""toda"", ""p10"": ""conicas"", ""p14"": ""mas_10"", ""p17"": ""finas""}"
porites_divaricata,Porites divaricata,Coral de Dedo Delgado,Poritidae,Escleractinio,Coral ramificado con ramas de menos de 6 mm de diámetro. Colonias densas. Presenta color café claro y áspero al tacto.,"{""p1"": ""s"", ""p4"": ""colonial"", ""p6"": ""ramificado"", ""p7"": ""toda"", ""p10"": ""conicas"", ""p14"": ""mas_10"", ""p17"": ""finas""}"
porites_divaricata,Porites divaricata,Coral de Dedo Delgado,Poritidae,Escleractinio,"Estaba buceando y vi ramas coralinas, como arena.","{""p1"": ""s"", ""p4"": ""colonial"", ""p6"": ""ramificado"", ""p7"": ""toda"", ""p10"": ""conicas"", ""p14"": ""mas_10"", ""p17"": ""finas""}"
porites_divaricata,Porites divaricata,Coral de Dedo Delgado,Poritidae,Escleractinio,Observamos coral de dedos con coloración tonalidad verdosa.,"{""p1"": ""s"", ""p4"": ""colonial"", ""p6"": ""ramificado"", ""p7"": ""toda"", ""p10"": ""conicas"", ""p14"": ""mas_10"", ""p17"": ""finas""}"
porites_divaricata,Porites divaricata,Coral de Dedo Delgado,Poritidae,Escleractinio,Es como forma de candelabro y es marrón.,"{""p1"": ""s"", ""p4"": ""colonial"", ""p6"": ""ramificado"", ""p7"": ""toda"", ""p10"": ""conicas"", ""p14"": ""mas_10"", ""p17"": ""finas""}"
porites_divaricata,Porites divaricata,Coral de Dedo Delgado,Poritidae,Escleractinio,Uno ramas coralinas que está superficie uniforme.,"{""p1"": ""s"", ""p4"": ""colonial"", ""p6"": ""ramificado"", ""p7"": ""toda"", ""p10"": ""conicas"", ""p14"": ""mas_10"", ""p17"": ""finas""}"
porites_divaricata,Porites divaricata,Coral de Dedo Delgado,Poritidae,Escleractinio,"Vi un coral parece un árbol pequeño, parece color amarillento.","{""p1"": ""s"", ""p4"": ""colonial"", ""p6"": ""ramificado"", ""p7"": ""toda"", ""p10"": ""conicas"", ""p14"": ""mas_10"", ""p17"": ""finas""}"
porites_divaricata,Porites divaricata,Coral de Dedo Delgado,Poritidae,Escleractinio,"Vi un coral tiene ramitas, parece color grisáceo.","{""p1"": ""s"", ""p4"": ""colonial"", ""p6"": ""ramificado"", ""p7"": ""toda"", ""p10"": ""conicas"", ""p14"": ""mas_10"", ""p17"": ""finas""}"
porites_divaricata,Porites divaricata,Coral de Dedo Delgado,Poritidae,Escleractinio,"Vi un coral parece un árbol pequeño, parece beige.","{""p1"": ""s"", ""p4"": ""colonial"", ""p6"": ""ramificado"", ""p7"": ""toda"", ""p10"": ""conicas"", ""p14"": ""mas_10"", ""p17"": ""finas""}"
porites_divaricata,Porites divaricata,Coral de Dedo Delgado,Poritidae,Escleractinio,"Vi un coral coral de dedos, parece café.","{""p1"": ""s"", ""p4"": ""colonial"", ""p6"": ""ramificado"", ""p7"": ""toda"", ""p10"": ""conicas"", ""p14"": ""mas_10"", ""p17"": ""finas""}"
porites_divaricata,Porites divaricata,Coral de Dedo Delgado,Poritidae,Escleractinio,Tipo: forma de ramas. Color: gris.,"{""p1"": ""s"", ""p4"": ""colonial"", ""p6"": ""ramificado"", ""p7"": ""toda"", ""p10"": ""conicas"", ""p14"": ""mas_10"", ""p17"": ""finas""}"
porites_divaricata,Porites divaricata,Coral de Dedo Delgado,Poritidae,Escleractinio,Forma: forma de candelabro. Textura: poroso. Tono: color marrón.,"{""p1"": ""s"", ""p4"": ""colonial"", ""p6"": ""ramificado"", ""p7"": ""toda"", ""p10"": ""conicas"", ""p14"": ""mas_10"", ""p17"": ""finas""}"
porites_divaricata,Porites divaricata,Coral de Dedo Delgado,Poritidae,Escleractinio,Coral ramificado con ramas de menos de 6 mm de diámetro. Colonias densas. Presenta gris y superficie uniforme.,"{""p1"": ""s"", ""p4"": ""colonial"", ""p6"": ""ramificado"", ""p7"": ""toda"", ""p10"": ""conicas"", ""p14"": ""mas_10"", ""p17"": ""finas""}"
porites_divaricata,Porites divaricata,Coral de Dedo Delgado,Poritidae,Escleractinio,"Estaba buceando y vi tiene ramitas, amarillento.","{""p1"": ""s"", ""p4"": ""colonial"", ""p6"": ""ramificado"", ""p7"": ""toda"", ""p10"": ""conicas"", ""p14"": ""mas_10"", ""p17"": ""finas""}"
porites_divaricata,Porites divaricata,Coral de Dedo Delgado,Poritidae,Escleractinio,"Es un coral ramas como cuernos, superficie irregular, de color color grisáceo.","{""p1"": ""s"", ""p4"": ""colonial"", ""p6"": ""ramificado"", ""p7"": ""toda"", ""p10"": ""conicas"", ""p14"": ""mas_10"", ""p17"": ""finas""}"
porites_divaricata,Porites divaricata,Coral de Dedo Delgado,Poritidae,Escleractinio,Coral ramificado con ramas de menos de 6 mm de diámetro. Colonias densas. Presenta color café y esponjoso.,"{""p1"": ""s"", ""p4"": ""colonial"", ""p6"": ""ramificado"", ""p7"": ""toda"", ""p10"": ""conicas"", ""p14"": ""mas_10"", ""p17"": ""finas""}"
porites_divaricata,Porites divaricata,Coral de Dedo Delgado,Poritidae,Escleractinio,Coral ramificado con ramas de menos de 6 mm de diámetro. Colonias densas. Presenta color café y superficie rugosa.,"{""p1"": ""s"", ""p4"": ""colonial"", ""p6"": ""ramificado"", ""p7"": ""toda"", ""p10"": ""conicas"", ""p14"": ""mas_10"", ""p17"": ""finas""}"
porites_divaricata,Porites divaricata,Coral de Dedo Delgado,Poritidae,Escleractinio,"Encontré esto: crecimiento arbustivo, color blanquecino.","{""p1"": ""s"", ""p4"": ""colonial"", ""p6"": ""ramificado"", ""p7"": ""toda"", ""p10"": ""conicas"", ""p14"": ""mas_10"", ""p17"": ""finas""}"
porites_divaricata,Porites divaricata,Coral de Dedo Delgado,Poritidae,Escleractinio,"Parece se extiende como ramas, marrón.","{""p1"": ""s"", ""p4"": ""colonial"", ""p6"": ""ramificado"", ""p7"": ""toda"", ""p10"": ""conicas"", ""p14"": ""mas_10"", ""p17"": ""finas""}"
porites_divaricata,Porites divaricata,Coral de Dedo Delgado,Poritidae,Escleractinio,"Encontré esto: forma de candelabro, color color café.","{""p1"": ""s"", ""p4"": ""colonial"", ""p6"": ""ramificado"", ""p7"": ""toda"", ""p10"": ""conicas"", ""p14"": ""mas_10"", ""p17"": ""finas""}"
porites_divaricata,Porites divaricata,Coral de Dedo Delgado,Poritidae,Escleractinio,Coral ramificado con ramas de menos de 6 mm de diámetro. Colonias densas. Presenta amarillento y superficie irregular.,"{""p1"": ""s"", ""p4"": ""colonial"", ""p6"": ""ramificado"", ""p7"": ""toda"", ""p10"": ""conicas"", ""p14"": ""mas_10"", ""p17"": ""finas""}"
porites_divaricata,Porites divaricata,Coral de Dedo Delgado,Poritidae,Escleractinio,"Parece tiene ramitas, color piedra.","{""p1"": ""s"", ""p4"": ""colonial"", ""p6"": ""ramificado"", ""p7"": ""toda"", ""p10"": ""conicas"", ""p14"": ""mas_10"", ""p17"": ""finas""}"
porites_divaricata,Porites divaricata,Coral de Dedo Delgado,Poritidae,Escleractinio,Forma: forma de candelabro. Textura: colonias densas. Tono: verdoso.,"{""p1"": ""s"", ""p4"": ""colonial"", ""p6"": ""ramificado"", ""p7"": ""toda"", ""p10"": ""conicas"", ""p14"": ""mas_10"", ""p17"": ""finas""}"
porites_divaricata,Porites divaricata,Coral de Dedo Delgado,Poritidae,Escleractinio,Uno parece un árbol pequeño que está textura áspera.,"{""p1"": ""s"", ""p4"": ""colonial"", ""p6"": ""ramificado"", ""p7"": ""toda"", ""p10"": ""conicas"", ""p14"": ""mas_10"", ""p17"": ""finas""}"
porites_divaricata,Porites divaricata,Coral de Dedo Delgado,Poritidae,Escleractinio,Forma: ramas coralinas. Textura: como una roca. Tono: color tierra.,"{""p1"": ""s"", ""p4"": ""colonial"", ""p6"": ""ramificado"", ""p7"": ""toda"", ""p10"": ""conicas"", ""p14"": ""mas_10"", ""p17"": ""finas""}"
porites_divaricata,Porites divaricata,Coral de Dedo Delgado,Poritidae,Escleractinio,Coral ramificado con ramas de menos de 6 mm de diámetro. Colonias densas. Presenta tonalidad verdosa y rugoso.,"{""p1"": ""s"", ""p4"": ""colonial"", ""p6"": ""ramificado"", ""p7"": ""toda"", ""p10"": ""conicas"", ""p14"": ""mas_10"", ""p17"": ""finas""}"
porites_divaricata,Porites divaricata,Coral de Dedo Delgado,Poritidae,Escleractinio,"ramas, tono beige.","{""p1"": ""s"", ""p4"": ""colonial"", ""p6"": ""ramificado"", ""p7"": ""toda"", ""p10"": ""conicas"", ""p14"": ""mas_10"", ""p17"": ""finas""}"
porites_divaricata,Porites divaricata,Coral de Dedo Delgado,Poritidae,Escleractinio,Coral ramificado con ramas de menos de 6 mm de diámetro. Colonias densas. Presenta gris y superficie lisa.,"{""p1"": ""s"", ""p4"": ""colonial"", ""p6"": ""ramificado"", ""p7"": ""toda"", ""p10"": ""conicas"", ""p14"": ""mas_10"", ""p17"": ""finas""}"
porites_divaricata,Porites divaricata,Coral de Dedo Delgado,Poritidae,Escleractinio,"Colonia parece un arbusto característica, color tierra.","{""p1"": ""s"", ""p4"": ""colonial"", ""p6"": ""ramificado"", ""p7"": ""toda"", ""p10"": ""conicas"", ""p14"": ""mas_10"", ""p17"": ""finas""}"
porites_divaricata,Porites divaricata,Coral de Dedo Delgado,Poritidae,Escleractinio,Tipo: con muchas ramificaciones. Color: gris.,"{""p1"": ""s"", ""p4"": ""colonial"", ""p6"": ""ramificado"", ""p7"": ""toda"", ""p10"": ""conicas"", ""p14"": ""mas_10"", ""p17"": ""finas""}"
porites_divaricata,Porites divaricata,Coral de Dedo Delgado,Poritidae,Escleractinio,"ramas coralinas, como arena.","{""p1"": ""s"", ""p4"": ""colonial"", ""p6"": ""ramificado"", ""p7"": ""toda"", ""p10"": ""conicas"", ""p14"": ""mas_10"", ""p17"": ""finas""}"
porites_divaricata,Porites divaricata,Coral de Dedo Delgado,Poritidae,Escleractinio,"Especie se extiende como ramas, tonalidad color marrón.","{""p1"": ""s"", ""p4"": ""colonial"", ""p6"": ""ramificado"", ""p7"": ""toda"", ""p10"": ""conicas"", ""p14"": ""mas_10"", ""p17"": ""finas""}"
porites_divaricata,Porites divaricata,Coral de Dedo Delgado,Poritidae,Escleractinio,"Como forma de candelabro, superficie rugosa, color marrón claro.","{""p1"": ""s"", ""p4"": ""colonial"", ""p6"": ""ramificado"", ""p7"": ""toda"", ""p10"": ""conicas"", ""p14"": ""mas_10"", ""p17"": ""finas""}"
porites_divaricata,Porites divaricata,Coral de Dedo Delgado,Poritidae,Escleractinio,Coral ramificado con ramas de menos de 6 mm de diámetro. Colonias densas.,"{""p1"": ""s"", ""p4"": ""colonial"", ""p6"": ""ramificado"", ""p7"": ""toda"", ""p10"": ""conicas"", ""p14"": ""mas_10"", ""p17"": ""finas""}"
porites_divaricata,Porites divaricata,Coral de Dedo Delgado,Poritidae,Escleractinio,"ramas, tono café.","{""p1"": ""s"", ""p4"": ""colonial"", ""p6"": ""ramificado"", ""p7"": ""toda"", ""p10"": ""conicas"", ""p14"": ""mas_10"", ""p17"": ""finas""}"
porites_divaricata,Porites divaricata,Coral de Dedo Delgado,Poritidae,Escleractinio,Coral ramificado con ramas de menos de 6 mm de diámetro. Colonias densas. Presenta como arena y superficie irregular.,"{""p1"": ""s"", ""p4"": ""colonial"", ""p6"": ""ramificado"", ""p7"": ""toda"", ""p10"": ""conicas"", ""p14"": ""mas_10"", ""p17"": ""finas""}"
porites_divaricata,Porites divaricata,Coral de Dedo Delgado,Poritidae,Escleractinio,"Como parece un arbusto, liso, color tierra.","{""p1"": ""s"", ""p4"": ""colonial"", ""p6"": ""ramificado"", ""p7"": ""toda"", ""p10"": ""conicas"", ""p14"": ""mas_10"", ""p17"": ""finas""}"
porites_divaricata,Porites divaricata,Coral de Dedo Delgado,Poritidae,Escleractinio,Es como tiene ramitas y es color café.,"{""p1"": ""s"", ""p4"": ""colonial"", ""p6"": ""ramificado"", ""p7"": ""toda"", ""p10"": ""conicas"", ""p14"": ""mas_10"", ""p17"": ""finas""}"
porites_furcata,Porites furcata,Coral de Dedo Bifurcado,Poritidae,Escleractinio,Observamos forma de candelabro con coloración color arena.,"{""p1"": ""s"", ""p4"": ""colonial"", ""p6"": ""ramificado"", ""p7"": ""toda"", ""p10"": ""conicas"", ""p14"": ""mas_10"", ""p17"": ""gruesas"", ""p18"": ""bifurcadas""}"
porites_furcata,Porites furcata,Coral de Dedo Bifurcado,Poritidae,Escleractinio,Coral ramificado con puntas bifurcadas. Ramas de más de 10 mm de diámetro. Presenta color tierra y liso.,"{""p1"": ""s"", ""p4"": ""colonial"", ""p6"": ""ramificado"", ""p7"": ""toda"", ""p10"": ""conicas"", ""p14"": ""mas_10"", ""p17"": ""gruesas"", ""p18"": ""bifurcadas""}"
porites_furcata,Porites furcata,Coral de Dedo Bifurcado,Poritidae,Escleractinio,Tipo: con muchas ramificaciones. Color: color marrón claro.,"{""p1"": ""s"", ""p4"": ""colonial"", ""p6"": ""ramificado"", ""p7"": ""toda"", ""p10"": ""conicas"", ""p14"": ""mas_10"", ""p17"": ""gruesas"", ""p18"": ""bifurcadas""}"
porites_furcata,Porites furcata,Coral de Dedo Bifurcado,Poritidae,Escleractinio,Forma: crecimiento arbustivo. Textura: superficie irregular. Tono: color grisáceo.,"{""p1"": ""s"", ""p4"": ""colonial"", ""p6"": ""ramificado"", ""p7"": ""toda"", ""p10"": ""conicas"", ""p14"": ""mas_10"", ""p17"": ""gruesas"", ""p18"": ""bifurcadas""}"
porites_furcata,Porites furcata,Coral de Dedo Bifurcado,Poritidae,Escleractinio,Observamos forma de candelabro con coloración color marrón.,"{""p1"": ""s"", ""p4"": ""colonial"", ""p6"": ""ramificado"", ""p7"": ""toda"", ""p10"": ""conicas"", ""p14"": ""mas_10"", ""p17"": ""gruesas"", ""p18"": ""bifurcadas""}"
porites_furcata,Porites furcata,Coral de Dedo Bifurcado,Poritidae,Escleractinio,Coral ramificado con puntas bifurcadas. Ramas de más de 10 mm de diámetro. Presenta amarillento y poroso.,"{""p1"": ""s"", ""p4"": ""colonial"", ""p6"": ""ramificado"", ""p7"": ""toda"", ""p10"": ""conicas"", ""p14"": ""mas_10"", ""p17"": ""gruesas"", ""p18"": ""bifurcadas""}"
porites_furcata,Porites furcata,Coral de Dedo Bifurcado,Poritidae,Escleractinio,Coral ramificado con puntas bifurcadas. Ramas de más de 10 mm de diámetro. Presenta color café y superficie uniforme.,"{""p1"": ""s"", ""p4"": ""colonial"", ""p6"": ""ramificado"", ""p7"": ""toda"", ""p10"": ""conicas"", ""p14"": ""mas_10"", ""p17"": ""gruesas"", ""p18"": ""bifurcadas""}"
porites_furcata,Porites furcata,Coral de Dedo Bifurcado,Poritidae,Escleractinio,Coral ramificado con puntas bifurcadas. Ramas de más de 10 mm de diámetro. Presenta café y duro como roca.,"{""p1"": ""s"", ""p4"": ""colonial"", ""p6"": ""ramificado"", ""p7"": ""toda"", ""p10"": ""conicas"", ""p14"": ""mas_10"", ""p17"": ""gruesas"", ""p18"": ""bifurcadas""}"
porites_furcata,Porites furcata,Coral de Dedo Bifurcado,Poritidae,Escleractinio,Coral ramificado con puntas bifurcadas. Ramas de más de 10 mm de diámetro. Presenta gris y colonias densas.,"{""p1"": ""s"", ""p4"": ""colonial"", ""p6"": ""ramificado"", ""p7"": ""toda"", ""p10"": ""conicas"", ""p14"": ""mas_10"", ""p17"": ""gruesas"", ""p18"": ""bifurcadas""}"
porites_furcata,Porites furcata,Coral de Dedo Bifurcado,Poritidae,Escleractinio,Observamos parece un arbusto con coloración color arena.,"{""p1"": ""s"", ""p4"": ""colonial"", ""p6"": ""ramificado"", ""p7"": ""toda"", ""p10"": ""conicas"", ""p14"": ""mas_10"", ""p17"": ""gruesas"", ""p18"": ""bifurcadas""}"
porites_furcata,Porites furcata,Coral de Dedo Bifurcado,Poritidae,Escleractinio,"Es un coral ramas finas, textura áspera, de color color café.","{""p1"": ""s"", ""p4"": ""colonial"", ""p6"": ""ramificado"", ""p7"": ""toda"", ""p10"": ""conicas"", ""p14"": ""mas_10"", ""p17"": ""gruesas"", ""p18"": ""bifurcadas""}"
porites_furcata,Porites furcata,Coral de Dedo Bifurcado,Poritidae,Escleractinio,"Es un coral ramas coralinas, superficie rugosa, de color color tierra.","{""p1"": ""s"", ""p4"": ""colonial"", ""p6"": ""ramificado"", ""p7"": ""toda"", ""p10"": ""conicas"", ""p14"": ""mas_10"", ""p17"": ""gruesas"", ""p18"": ""bifurcadas""}"
porites_furcata,Porites furcata,Coral de Dedo Bifurcado,Poritidae,Escleractinio,Coral ramificado con puntas bifurcadas. Ramas de más de 10 mm de diámetro. Presenta color café claro y superficie porosa.,"{""p1"": ""s"", ""p4"": ""colonial"", ""p6"": ""ramificado"", ""p7"": ""toda"", ""p10"": ""conicas"", ""p14"": ""mas_10"", ""p17"": ""gruesas"", ""p18"": ""bifurcadas""}"
porites_furcata,Porites furcata,Coral de Dedo Bifurcado,Poritidae,Escleractinio,"Como brazos que salen, áspero al tacto, amarillento.","{""p1"": ""s"", ""p4"": ""colonial"", ""p6"": ""ramificado"", ""p7"": ""toda"", ""p10"": ""conicas"", ""p14"": ""mas_10"", ""p17"": ""gruesas"", ""p18"": ""bifurcadas""}"
porites_furcata,Porites furcata,Coral de Dedo Bifurcado,Poritidae,Escleractinio,Coral ramificado con puntas bifurcadas. Ramas de más de 10 mm de diámetro. Presenta gris y rugoso.,"{""p1"": ""s"", ""p4"": ""colonial"", ""p6"": ""ramificado"", ""p7"": ""toda"", ""p10"": ""conicas"", ""p14"": ""mas_10"", ""p17"": ""gruesas"", ""p18"": ""bifurcadas""}"
porites_furcata,Porites furcata,Coral de Dedo Bifurcado,Poritidae,Escleractinio,Coral ramificado con puntas bifurcadas. Ramas de más de 10 mm de diámetro. Presenta verdoso y como una roca.,"{""p1"": ""s"", ""p4"": ""colonial"", ""p6"": ""ramificado"", ""p7"": ""toda"", ""p10"": ""conicas"", ""p14"": ""mas_10"", ""p17"": ""gruesas"", ""p18"": ""bifurcadas""}"
porites_furcata,Porites furcata,Coral de Dedo Bifurcado,Poritidae,Escleractinio,"Parece tiene ramitas, color grisáceo.","{""p1"": ""s"", ""p4"": ""colonial"", ""p6"": ""ramificado"", ""p7"": ""toda"", ""p10"": ""conicas"", ""p14"": ""mas_10"", ""p17"": ""gruesas"", ""p18"": ""bifurcadas""}"
porites_furcata,Porites furcata,Coral de Dedo Bifurcado,Poritidae,Escleractinio,"Especie parece un árbol pequeño, tonalidad marrón.","{""p1"": ""s"", ""p4"": ""colonial"", ""p6"": ""ramificado"", ""p7"": ""toda"", ""p10"": ""conicas"", ""p14"": ""mas_10"", ""p17"": ""gruesas"", ""p18"": ""bifurcadas""}"
porites_furcata,Porites furcata,Coral de Dedo Bifurcado,Poritidae,Escleractinio,Coral ramificado con puntas bifurcadas. Ramas de más de 10 mm de diámetro. Presenta gris y poroso.,"{""p1"": ""s"", ""p4"": ""colonial"", ""p6"": ""ramificado"", ""p7"": ""toda"", ""p10"": ""conicas"", ""p14"": ""mas_10"", ""p17"": ""gruesas"", ""p18"": ""bifurcadas""}"
porites_furcata,Porites furcata,Coral de Dedo Bifurcado,Poritidae,Escleractinio,"Especie ramas finas, tonalidad como arena.","{""p1"": ""s"", ""p4"": ""colonial"", ""p6"": ""ramificado"", ""p7"": ""toda"", ""p10"": ""conicas"", ""p14"": ""mas_10"", ""p17"": ""gruesas"", ""p18"": ""bifurcadas""}"
porites_furcata,Porites furcata,Coral de Dedo Bifurcado,Poritidae,Escleractinio,"Como con muchas ramificaciones, duro como roca, color grisáceo.","{""p1"": ""s"", ""p4"": ""colonial"", ""p6"": ""ramificado"", ""p7"": ""toda"", ""p10"": ""conicas"", ""p14"": ""mas_10"", ""p17"": ""gruesas"", ""p18"": ""bifurcadas""}"
porites_furcata,Porites furcata,Coral de Dedo Bifurcado,Poritidae,Escleractinio,Observamos estructura ramificada con coloración verdoso.,"{""p1"": ""s"", ""p4"": ""colonial"", ""p6"": ""ramificado"", ""p7"": ""toda"", ""p10"": ""conicas"", ""p14"": ""mas_10"", ""p17"": ""gruesas"", ""p18"": ""bifurcadas""}"
porites_furcata,Porites furcata,Coral de Dedo Bifurcado,Poritidae,Escleractinio,Coral ramificado con puntas bifurcadas. Ramas de más de 10 mm de diámetro. Presenta color piedra y duro como roca.,"{""p1"": ""s"", ""p4"": ""colonial"", ""p6"": ""ramificado"", ""p7"": ""toda"", ""p10"": ""conicas"", ""p14"": ""mas_10"", ""p17"": ""gruesas"", ""p18"": ""bifurcadas""}"
porites_furcata,Porites furcata,Coral de Dedo Bifurcado,Poritidae,Escleractinio,"Encontré esto: brazos que salen, color color arena.","{""p1"": ""s"", ""p4"": ""colonial"", ""p6"": ""ramificado"", ""p7"": ""toda"", ""p10"": ""conicas"", ""p14"": ""mas_10"", ""p17"": ""gruesas"", ""p18"": ""bifurcadas""}"
porites_furcata,Porites furcata,Coral de Dedo Bifurcado,Poritidae,Escleractinio,"Como ramas como cuernos, superficie uniforme, café.","{""p1"": ""s"", ""p4"": ""colonial"", ""p6"": ""ramificado"", ""p7"": ""toda"", ""p10"": ""conicas"", ""p14"": ""mas_10"", ""p17"": ""gruesas"", ""p18"": ""bifurcadas""}"
porites_furcata,Porites furcata,Coral de Dedo Bifurcado,Poritidae,Escleractinio,Coral ramificado con puntas bifurcadas. Ramas de más de 10 mm de diámetro. Presenta color piedra y superficie porosa.,"{""p1"": ""s"", ""p4"": ""colonial"", ""p6"": ""ramificado"", ""p7"": ""toda"", ""p10"": ""conicas"", ""p14"": ""mas_10"", ""p17"": ""gruesas"", ""p18"": ""bifurcadas""}"
porites_furcata,Porites furcata,Coral de Dedo Bifurcado,Poritidae,Escleractinio,Uno forma de ramas que está superficie porosa.,"{""p1"": ""s"", ""p4"": ""colonial"", ""p6"": ""ramificado"", ""p7"": ""toda"", ""p10"": ""conicas"", ""p14"": ""mas_10"", ""p17"": ""gruesas"", ""p18"": ""bifurcadas""}"
porites_furcata,Porites furcata,Coral de Dedo Bifurcado,Poritidae,Escleractinio,"ramas finas, color grisáceo.","{""p1"": ""s"", ""p4"": ""colonial"", ""p6"": ""ramificado"", ""p7"": ""toda"", ""p10"": ""conicas"", ""p14"": ""mas_10"", ""p17"": ""gruesas"", ""p18"": ""bifurcadas""}"
porites_furcata,Porites furcata,Coral de Dedo Bifurcado,Poritidae,Escleractinio,Coral ramificado con puntas bifurcadas. Ramas de más de 10 mm de diámetro. Presenta color marrón claro y superficie porosa.,"{""p1"": ""s"", ""p4"": ""colonial"", ""p6"": ""ramificado"", ""p7"": ""toda"", ""p10"": ""conicas"", ""p14"": ""mas_10"", ""p17"": ""gruesas"", ""p18"": ""bifurcadas""}"
porites_furcata,Porites furcata,Coral de Dedo Bifurcado,Poritidae,Escleractinio,Observamos coral ramificado con coloración color café.,"{""p1"": ""s"", ""p4"": ""colonial"", ""p6"": ""ramificado"", ""p7"": ""toda"", ""p10"": ""conicas"", ""p14"": ""mas_10"", ""p17"": ""gruesas"", ""p18"": ""bifurcadas""}"
porites_furcata,Porites furcata,Coral de Dedo Bifurcado,Poritidae,Escleractinio,"Es un coral coral de dedos, colonias densas, de color color marrón.","{""p1"": ""s"", ""p4"": ""colonial"", ""p6"": ""ramificado"", ""p7"": ""toda"", ""p10"": ""conicas"", ""p14"": ""mas_10"", ""p17"": ""gruesas"", ""p18"": ""bifurcadas""}"
porites_furcata,Porites furcata,Coral de Dedo Bifurcado,Poritidae,Escleractinio,"Encontré esto: ramas coralinas, color color tierra.","{""p1"": ""s"", ""p4"": ""colonial"", ""p6"": ""ramificado"", ""p7"": ""toda"", ""p10"": ""conicas"", ""p14"": ""mas_10"", ""p17"": ""gruesas"", ""p18"": ""bifurcadas""}"
porites_furcata,Porites furcata,Coral de Dedo Bifurcado,Poritidae,Escleractinio,"Parece ramificaciones, color marrón claro.","{""p1"": ""s"", ""p4"": ""colonial"", ""p6"": ""ramificado"", ""p7"": ""toda"", ""p10"": ""conicas"", ""p14"": ""mas_10"", ""p17"": ""gruesas"", ""p18"": ""bifurcadas""}"
porites_furcata,Porites furcata,Coral de Dedo Bifurcado,Poritidae,Escleractinio,Es como coral de dedos y es verdoso.,"{""p1"": ""s"", ""p4"": ""colonial"", ""p6"": ""ramificado"", ""p7"": ""toda"", ""p10"": ""conicas"", ""p14"": ""mas_10"", ""p17"": ""gruesas"", ""p18"": ""bifurcadas""}"
porites_furcata,Porites furcata,Coral de Dedo Bifurcado,Poritidae,Escleractinio,"Vi un coral ramificaciones, parece marrón.","{""p1"": ""s"", ""p4"": ""colonial"", ""p6"": ""ramificado"", ""p7"": ""toda"", ""p10"": ""conicas"", ""p14"": ""mas_10"", ""p17"": ""gruesas"", ""p18"": ""bifurcadas""}"
porites_furcata,Porites furcata,Coral de Dedo Bifurcado,Poritidae,Escleractinio,Un coral coral de dedos que es poroso.,"{""p1"": ""s"", ""p4"": ""colonial"", ""p6"": ""ramificado"", ""p7"": ""toda"", ""p10"": ""conicas"", ""p14"": ""mas_10"", ""p17"": ""gruesas"", ""p18"": ""bifurcadas""}"
porites_furcata,Porites furcata,Coral de Dedo Bifurcado,Poritidae,Escleractinio,"Es un coral coral ramificado, áspero al tacto, de color color marrón.","{""p1"": ""s"", ""p4"": ""colonial"", ""p6"": ""ramificado"", ""p7"": ""toda"", ""p10"": ""conicas"", ""p14"": ""mas_10"", ""p17"": ""gruesas"", ""p18"": ""bifurcadas""}"
porites_furcata,Porites furcata,Coral de Dedo Bifurcado,Poritidae,Escleractinio,"Vi un coral ramas finas, parece color piedra.","{""p1"": ""s"", ""p4"": ""colonial"", ""p6"": ""ramificado"", ""p7"": ""toda"", ""p10"": ""conicas"", ""p14"": ""mas_10"", ""p17"": ""gruesas"", ""p18"": ""bifurcadas""}"
porites_furcata,Porites furcata,Coral de Dedo Bifurcado,Poritidae,Escleractinio,Es como con muchas ramificaciones y es marrón.,"{""p1"": ""s"", ""p4"": ""colonial"", ""p6"": ""ramificado"", ""p7"": ""toda"", ""p10"": ""conicas"", ""p14"": ""mas_10"", ""p17"": ""gruesas"", ""p18"": ""bifurcadas""}"
porites_furcata,Porites furcata,Coral de Dedo Bifurcado,Poritidae,Escleractinio,"Encontré esto: coral de dedos, color color marrón.","{""p1"": ""s"", ""p4"": ""colonial"", ""p6"": ""ramificado"", ""p7"": ""toda"", ""p10"": ""conicas"", ""p14"": ""mas_10"", ""p17"": ""gruesas"", ""p18"": ""bifurcadas""}"
porites_furcata,Porites furcata,Coral de Dedo Bifurcado,Poritidae,Escleractinio,"Parece ramas finas, gris.","{""p1"": ""s"", ""p4"": ""colonial"", ""p6"": ""ramificado"", ""p7"": ""toda"", ""p10"": ""conicas"", ""p14"": ""mas_10"", ""p17"": ""gruesas"", ""p18"": ""bifurcadas""}"
porites_furcata,Porites furcata,Coral de Dedo Bifurcado,Poritidae,Escleractinio,"Parece brazos que salen, color café.","{""p1"": ""s"", ""p4"": ""colonial"", ""p6"": ""ramificado"", ""p7"": ""toda"", ""p10"": ""conicas"", ""p14"": ""mas_10"", ""p17"": ""gruesas"", ""p18"": ""bifurcadas""}"
porites_furcata,Porites furcata,Coral de Dedo Bifurcado,Poritidae,Escleractinio,"Encontré esto: se extiende como ramas, color verdoso.","{""p1"": ""s"", ""p4"": ""colonial"", ""p6"": ""ramificado"", ""p7"": ""toda"", ""p10"": ""conicas"", ""p14"": ""mas_10"", ""p17"": ""gruesas"", ""p18"": ""bifurcadas""}"
porites_furcata,Porites furcata,Coral de Dedo Bifurcado,Poritidae,Escleractinio,"Colonia coral de dedos característica, amarillento.","{""p1"": ""s"", ""p4"": ""colonial"", ""p6"": ""ramificado"", ""p7"": ""toda"", ""p10"": ""conicas"", ""p14"": ""mas_10"", ""p17"": ""gruesas"", ""p18"": ""bifurcadas""}"
porites_furcata,Porites furcata,Coral de Dedo Bifurcado,Poritidae,Escleractinio,"Especie tiene ramitas, tonalidad gris.","{""p1"": ""s"", ""p4"": ""colonial"", ""p6"": ""ramificado"", ""p7"": ""toda"", ""p10"": ""conicas"", ""p14"": ""mas_10"", ""p17"": ""gruesas"", ""p18"": ""bifurcadas""}"
porites_furcata,Porites furcata,Coral de Dedo Bifurcado,Poritidae,Escleractinio,Coral ramificado con puntas bifurcadas. Ramas de más de 10 mm de diámetro.,"{""p1"": ""s"", ""p4"": ""colonial"", ""p6"": ""ramificado"", ""p7"": ""toda"", ""p10"": ""conicas"", ""p14"": ""mas_10"", ""p17"": ""gruesas"", ""p18"": ""bifurcadas""}"
porites_furcata,Porites furcata,Coral de Dedo Bifurcado,Poritidae,Escleractinio,"Estaba buceando y vi ramas como cuernos, color piedra.","{""p1"": ""s"", ""p4"": ""colonial"", ""p6"": ""ramificado"", ""p7"": ""toda"", ""p10"": ""conicas"", ""p14"": ""mas_10"", ""p17"": ""gruesas"", ""p18"": ""bifurcadas""}"
porites_furcata,Porites furcata,Coral de Dedo Bifurcado,Poritidae,Escleractinio,Coral ramificado con puntas bifurcadas. Ramas de más de 10 mm de diámetro. Presenta color café claro y poroso.,"{""p1"": ""s"", ""p4"": ""colonial"", ""p6"": ""ramificado"", ""p7"": ""toda"", ""p10"": ""conicas"", ""p14"": ""mas_10"", ""p17"": ""gruesas"", ""p18"": ""bifurcadas""}"
porites_furcata,Porites furcata,Coral de Dedo Bifurcado,Poritidae,Escleractinio,Coral ramificado con puntas bifurcadas. Ramas de más de 10 mm de diámetro. Presenta color marrón y como una roca.,"{""p1"": ""s"", ""p4"": ""colonial"", ""p6"": ""ramificado"", ""p7"": ""toda"", ""p10"": ""conicas"", ""p14"": ""mas_10"", ""p17"": ""gruesas"", ""p18"": ""bifurcadas""}"
porites_furcata,Porites furcata,Coral de Dedo Bifurcado,Poritidae,Escleractinio,Forma: ramificaciones. Textura: poroso. Tono: marrón.,"{""p1"": ""s"", ""p4"": ""colonial"", ""p6"": ""ramificado"", ""p7"": ""toda"", ""p10"": ""conicas"", ""p14"": ""mas_10"", ""p17"": ""gruesas"", ""p18"": ""bifurcadas""}"
porites_furcata,Porites furcata,Coral de Dedo Bifurcado,Poritidae,Escleractinio,Coral ramificado con puntas bifurcadas. Ramas de más de 10 mm de diámetro. Presenta verdoso y superficie rugosa.,"{""p1"": ""s"", ""p4"": ""colonial"", ""p6"": ""ramificado"", ""p7"": ""toda"", ""p10"": ""conicas"", ""p14"": ""mas_10"", ""p17"": ""gruesas"", ""p18"": ""bifurcadas""}"
porites_porites,Porites porites,Coral de Dedo,Poritidae,Escleractinio,Coral ramificado con puntas hinchadas. Ramas de más de 10 mm de diámetro. Presenta verdoso y textura áspera.,"{""p1"": ""s"", ""p4"": ""colonial"", ""p6"": ""ramificado"", ""p7"": ""toda"", ""p10"": ""conicas"", ""p14"": ""mas_10"", ""p17"": ""gruesas"", ""p18"": ""hinchadas""}"
porites_porites,Porites porites,Coral de Dedo,Poritidae,Escleractinio,"Es un coral tiene ramitas, como esponja, de color crema.","{""p1"": ""s"", ""p4"": ""colonial"", ""p6"": ""ramificado"", ""p7"": ""toda"", ""p10"": ""conicas"", ""p14"": ""mas_10"", ""p17"": ""gruesas"", ""p18"": ""hinchadas""}"
porites_porites,Porites porites,Coral de Dedo,Poritidae,Escleractinio,"estructura ramificada, tono como arena.","{""p1"": ""s"", ""p4"": ""colonial"", ""p6"": ""ramificado"", ""p7"": ""toda"", ""p10"": ""conicas"", ""p14"": ""mas_10"", ""p17"": ""gruesas"", ""p18"": ""hinchadas""}"
porites_porites,Porites porites,Coral de Dedo,Poritidae,Escleractinio,"coral ramificado, crema.","{""p1"": ""s"", ""p4"": ""colonial"", ""p6"": ""ramificado"", ""p7"": ""toda"", ""p10"": ""conicas"", ""p14"": ""mas_10"", ""p17"": ""gruesas"", ""p18"": ""hinchadas""}"
porites_porites,Porites porites,Coral de Dedo,Poritidae,Escleractinio,Coral ramificado con puntas hinchadas. Ramas de más de 10 mm de diámetro. Presenta color marrón claro y superficie irregular.,"{""p1"": ""s"", ""p4"": ""colonial"", ""p6"": ""ramificado"", ""p7"": ""toda"", ""p10"": ""conicas"", ""p14"": ""mas_10"", ""p17"": ""gruesas"", ""p18"": ""hinchadas""}"
porites_porites,Porites porites,Coral de Dedo,Poritidae,Escleractinio,Coral ramificado con puntas hinchadas. Ramas de más de 10 mm de diámetro. Presenta color café claro y textura áspera.,"{""p1"": ""s"", ""p4"": ""colonial"", ""p6"": ""ramificado"", ""p7"": ""toda"", ""p10"": ""conicas"", ""p14"": ""mas_10"", ""p17"": ""gruesas"", ""p18"": ""hinchadas""}"
porites_porites,Porites porites,Coral de Dedo,Poritidae,Escleractinio,Uno estructura ramificada que está áspero al tacto.,"{""p1"": ""s"", ""p4"": ""colonial"", ""p6"": ""ramificado"", ""p7"": ""toda"", ""p10"": ""conicas"", ""p14"": ""mas_10"", ""p17"": ""gruesas"", ""p18"": ""hinchadas""}"
porites_porites,Porites porites,Coral de Dedo,Poritidae,Escleractinio,Coral ramificado con puntas hinchadas. Ramas de más de 10 mm de diámetro. Presenta color arena y áspero al tacto.,"{""p1"": ""s"", ""p4"": ""colonial"", ""p6"": ""ramificado"", ""p7"": ""toda"", ""p10"": ""conicas"", ""p14"": ""mas_10"", ""p17"": ""gruesas"", ""p18"": ""hinchadas""}"
porites_porites,Porites porites,Coral de Dedo,Poritidae,Escleractinio,"Es un coral brazos que salen, como esponja, de color color café.","{""p1"": ""s"", ""p4"": ""colonial"", ""p6"": ""ramificado"", ""p7"": ""toda"", ""p10"": ""conicas"", ""p14"": ""mas_10"", ""p17"": ""gruesas"", ""p18"": ""hinchadas""}"
porites_porites,Porites porites,Coral de Dedo,Poritidae,Escleractinio,Coral ramificado con puntas hinchadas. Ramas de más de 10 mm de diámetro. Presenta blanquecino y liso.,"{""p1"": ""s"", ""p4"": ""colonial"", ""p6"": ""ramificado"", ""p7"": ""toda"", ""p10"": ""conicas"", ""p14"": ""mas_10"", ""p17"": ""gruesas"", ""p18"": ""hinchadas""}"
porites_porites,Porites porites,Coral de Dedo,Poritidae,Escleractinio,Forma: ramificaciones. Textura: como una roca. Tono: color café claro.,"{""p1"": ""s"", ""p4"": ""colonial"", ""p6"": ""ramificado"", ""p7"": ""toda"", ""p10"": ""conicas"", ""p14"": ""mas_10"", ""p17"": ""gruesas"", ""p18"": ""hinchadas""}"
porites_porites,Porites porites,Coral de Dedo,Poritidae,Escleractinio,"forma de candelabro, color grisáceo.","{""p1"": ""s"", ""p4"": ""colonial"", ""p6"": ""ramificado"", ""p7"": ""toda"", ""p10"": ""conicas"", ""p14"": ""mas_10"", ""p17"": ""gruesas"", ""p18"": ""hinchadas""}"
porites_porites,Porites porites,Coral de Dedo,Poritidae,Escleractinio,"Como ramas coralinas, superficie irregular, tonalidad verdosa.","{""p1"": ""s"", ""p4"": ""colonial"", ""p6"": ""ramificado"", ""p7"": ""toda"", ""p10"": ""conicas"", ""p14"": ""mas_10"", ""p17"": ""gruesas"", ""p18"": ""hinchadas""}"
porites_porites,Porites porites,Coral de Dedo,Poritidae,Escleractinio,Observamos parece un arbusto con coloración color arena.,"{""p1"": ""s"", ""p4"": ""colonial"", ""p6"": ""ramificado"", ""p7"": ""toda"", ""p10"": ""conicas"", ""p14"": ""mas_10"", ""p17"": ""gruesas"", ""p18"": ""hinchadas""}"
porites_porites,Porites porites,Coral de Dedo,Poritidae,Escleractinio,"Parece como dedos que salen, gris.","{""p1"": ""s"", ""p4"": ""colonial"", ""p6"": ""ramificado"", ""p7"": ""toda"", ""p10"": ""conicas"", ""p14"": ""mas_10"", ""p17"": ""gruesas"", ""p18"": ""hinchadas""}"
porites_porites,Porites porites,Coral de Dedo,Poritidae,Escleractinio,Coral ramificado con puntas hinchadas. Ramas de más de 10 mm de diámetro. Presenta gris y esponjoso.,"{""p1"": ""s"", ""p4"": ""colonial"", ""p6"": ""ramificado"", ""p7"": ""toda"", ""p10"": ""conicas"", ""p14"": ""mas_10"", ""p17"": ""gruesas"", ""p18"": ""hinchadas""}"
porites_porites,Porites porites,Coral de Dedo,Poritidae,Escleractinio,"Colonia brazos que salen característica, color grisáceo.","{""p1"": ""s"", ""p4"": ""colonial"", ""p6"": ""ramificado"", ""p7"": ""toda"", ""p10"": ""conicas"", ""p14"": ""mas_10"", ""p17"": ""gruesas"", ""p18"": ""hinchadas""}"
porites_porites,Porites porites,Coral de Dedo,Poritidae,Escleractinio,Coral ramificado con puntas hinchadas. Ramas de más de 10 mm de diámetro. Presenta marrón y esponjoso.,"{""p1"": ""s"", ""p4"": ""colonial"", ""p6"": ""ramificado"", ""p7"": ""toda"", ""p10"": ""conicas"", ""p14"": ""mas_10"", ""p17"": ""gruesas"", ""p18"": ""hinchadas""}"
porites_porites,Porites porites,Coral de Dedo,Poritidae,Escleractinio,"Estaba buceando y vi como dedos que salen, color tierra.","{""p1"": ""s"", ""p4"": ""colonial"", ""p6"": ""ramificado"", ""p7"": ""toda"", ""p10"": ""conicas"", ""p14"": ""mas_10"", ""p17"": ""gruesas"", ""p18"": ""hinchadas""}"
porites_porites,Porites porites,Coral de Dedo,Poritidae,Escleractinio,"Especie ramas, tonalidad verdoso.","{""p1"": ""s"", ""p4"": ""colonial"", ""p6"": ""ramificado"", ""p7"": ""toda"", ""p10"": ""conicas"", ""p14"": ""mas_10"", ""p17"": ""gruesas"", ""p18"": ""hinchadas""}"
porites_porites,Porites porites,Coral de Dedo,Poritidae,Escleractinio,Un coral ramas finas que es esponjoso.,"{""p1"": ""s"", ""p4"": ""colonial"", ""p6"": ""ramificado"", ""p7"": ""toda"", ""p10"": ""conicas"", ""p14"": ""mas_10"", ""p17"": ""gruesas"", ""p18"": ""hinchadas""}"
porites_porites,Porites porites,Coral de Dedo,Poritidae,Escleractinio,Un coral coral de dedos que es liso.,"{""p1"": ""s"", ""p4"": ""colonial"", ""p6"": ""ramificado"", ""p7"": ""toda"", ""p10"": ""conicas"", ""p14"": ""mas_10"", ""p17"": ""gruesas"", ""p18"": ""hinchadas""}"
porites_porites,Porites porites,Coral de Dedo,Poritidae,Escleractinio,"Parece estructura ramificada, color marrón claro.","{""p1"": ""s"", ""p4"": ""colonial"", ""p6"": ""ramificado"", ""p7"": ""toda"", ""p10"": ""conicas"", ""p14"": ""mas_10"", ""p17"": ""gruesas"", ""p18"": ""hinchadas""}"
porites_porites,Porites porites,Coral de Dedo,Poritidae,Escleractinio,"ramas coralinas, color grisáceo.","{""p1"": ""s"", ""p4"": ""colonial"", ""p6"": ""ramificado"", ""p7"": ""toda"", ""p10"": ""conicas"", ""p14"": ""mas_10"", ""p17"": ""gruesas"", ""p18"": ""hinchadas""}"
porites_porites,Porites porites,Coral de Dedo,Poritidae,Escleractinio,"Colonia ramas característica, amarillento.","{""p1"": ""s"", ""p4"": ""colonial"", ""p6"": ""ramificado"", ""p7"": ""toda"", ""p10"": ""conicas"", ""p14"": ""mas_10"", ""p17"": ""gruesas"", ""p18"": ""hinchadas""}"
porites_porites,Porites porites,Coral de Dedo,Poritidae,Escleractinio,Coral ramificado con puntas hinchadas. Ramas de más de 10 mm de diámetro. Presenta beige y áspero al tacto.,"{""p1"": ""s"", ""p4"": ""colonial"", ""p6"": ""ramificado"", ""p7"": ""toda"", ""p10"": ""conicas"", ""p14"": ""mas_10"", ""p17"": ""gruesas"", ""p18"": ""hinchadas""}"
porites_porites,Porites porites,Coral de Dedo,Poritidae,Escleractinio,Forma: ramas como cuernos. Textura: esponjoso. Tono: color tierra.,"{""p1"": ""s"", ""p4"": ""colonial"", ""p6"": ""ramificado"", ""p7"": ""toda"", ""p10"": ""conicas"", ""p14"": ""mas_10"", ""p17"": ""gruesas"", ""p18"": ""hinchadas""}"
porites_porites,Porites porites,Coral de Dedo,Poritidae,Escleractinio,"Parece con muchas ramificaciones, color tierra.","{""p1"": ""s"", ""p4"": ""colonial"", ""p6"": ""ramificado"", ""p7"": ""toda"", ""p10"": ""conicas"", ""p14"": ""mas_10"", ""p17"": ""gruesas"", ""p18"": ""hinchadas""}"
porites_porites,Porites porites,Coral de Dedo,Poritidae,Escleractinio,Coral ramificado con puntas hinchadas. Ramas de más de 10 mm de diámetro. Presenta gris y liso.,"{""p1"": ""s"", ""p4"": ""colonial"", ""p6"": ""ramificado"", ""p7"": ""toda"", ""p10"": ""conicas"", ""p14"": ""mas_10"", ""p17"": ""gruesas"", ""p18"": ""hinchadas""}"
porites_porites,Porites porites,Coral de Dedo,Poritidae,Escleractinio,"ramas finas, marrón.","{""p1"": ""s"", ""p4"": ""colonial"", ""p6"": ""ramificado"", ""p7"": ""toda"", ""p10"": ""conicas"", ""p14"": ""mas_10"", ""p17"": ""gruesas"", ""p18"": ""hinchadas""}"
porites_porites,Porites porites,Coral de Dedo,Poritidae,Escleractinio,"parece un arbusto, color marrón.","{""p1"": ""s"", ""p4"": ""colonial"", ""p6"": ""ramificado"", ""p7"": ""toda"", ""p10"": ""conicas"", ""p14"": ""mas_10"", ""p17"": ""gruesas"", ""p18"": ""hinchadas""}"
porites_porites,Porites porites,Coral de Dedo,Poritidae,Escleractinio,Forma: forma de ramas. Textura: liso. Tono: color café.,"{""p1"": ""s"", ""p4"": ""colonial"", ""p6"": ""ramificado"", ""p7"": ""toda"", ""p10"": ""conicas"", ""p14"": ""mas_10"", ""p17"": ""gruesas"", ""p18"": ""hinchadas""}"
porites_porites,Porites porites,Coral de Dedo,Poritidae,Escleractinio,"Coral de tipo ramas como cuernos, superficie irregular.","{""p1"": ""s"", ""p4"": ""colonial"", ""p6"": ""ramificado"", ""p7"": ""toda"", ""p10"": ""conicas"", ""p14"": ""mas_10"", ""p17"": ""gruesas"", ""p18"": ""hinchadas""}"
porites_porites,Porites porites,Coral de Dedo,Poritidae,Escleractinio,Observamos coral de dedos con coloración color marrón claro.,"{""p1"": ""s"", ""p4"": ""colonial"", ""p6"": ""ramificado"", ""p7"": ""toda"", ""p10"": ""conicas"", ""p14"": ""mas_10"", ""p17"": ""gruesas"", ""p18"": ""hinchadas""}"
porites_porites,Porites porites,Coral de Dedo,Poritidae,Escleractinio,"Encontré esto: se extiende como ramas, color color café claro.","{""p1"": ""s"", ""p4"": ""colonial"", ""p6"": ""ramificado"", ""p7"": ""toda"", ""p10"": ""conicas"", ""p14"": ""mas_10"", ""p17"": ""gruesas"", ""p18"": ""hinchadas""}"
porites_porites,Porites porites,Coral de Dedo,Poritidae,Escleractinio,Coral ramificado con puntas hinchadas. Ramas de más de 10 mm de diámetro. Presenta marrón y como una roca.,"{""p1"": ""s"", ""p4"": ""colonial"", ""p6"": ""ramificado"", ""p7"": ""toda"", ""p10"": ""conicas"", ""p14"": ""mas_10"", ""p17"": ""gruesas"", ""p18"": ""hinchadas""}"
porites_porites,Porites porites,Coral de Dedo,Poritidae,Escleractinio,Forma: con muchas ramificaciones. Textura: superficie lisa. Tono: color café claro.,"{""p1"": ""s"", ""p4"": ""colonial"", ""p6"": ""ramificado"", ""p7"": ""toda"", ""p10"": ""conicas"", ""p14"": ""mas_10"", ""p17"": ""gruesas"", ""p18"": ""hinchadas""}"
porites_porites,Porites porites,Coral de Dedo,Poritidae,Escleractinio,Coral ramificado con puntas hinchadas. Ramas de más de 10 mm de diámetro. Presenta tonalidad verdosa y superficie rugosa.,"{""p1"": ""s"", ""p4"": ""colonial"", ""p6"": ""ramificado"", ""p7"": ""toda"", ""p10"": ""conicas"", ""p14"": ""mas_10"", ""p17"": ""gruesas"", ""p18"": ""hinchadas""}"
porites_porites,Porites porites,Coral de Dedo,Poritidae,Escleractinio,Tipo: ramificaciones. Color: color grisáceo.,"{""p1"": ""s"", ""p4"": ""colonial"", ""p6"": ""ramificado"", ""p7"": ""toda"", ""p10"": ""conicas"", ""p14"": ""mas_10"", ""p17"": ""gruesas"", ""p18"": ""hinchadas""}"
porites_porites,Porites porites,Coral de Dedo,Poritidae,Escleractinio,Tipo: tiene ramitas. Color: color café.,"{""p1"": ""s"", ""p4"": ""colonial"", ""p6"": ""ramificado"", ""p7"": ""toda"", ""p10"": ""conicas"", ""p14"": ""mas_10"", ""p17"": ""gruesas"", ""p18"": ""hinchadas""}"
porites_porites,Porites porites,Coral de Dedo,Poritidae,Escleractinio,Uno ramas coralinas que está superficie irregular.,"{""p1"": ""s"", ""p4"": ""colonial"", ""p6"": ""ramificado"", ""p7"": ""toda"", ""p10"": ""conicas"", ""p14"": ""mas_10"", ""p17"": ""gruesas"", ""p18"": ""hinchadas""}"
porites_porites,Porites porites,Coral de Dedo,Poritidae,Escleractinio,"Especie ramificaciones, tonalidad color tierra.","{""p1"": ""s"", ""p4"": ""colonial"", ""p6"": ""ramificado"", ""p7"": ""toda"", ""p10"": ""conicas"", ""p14"": ""mas_10"", ""p17"": ""gruesas"", ""p18"": ""hinchadas""}"
porites_porites,Porites porites,Coral de Dedo,Poritidae,Escleractinio,Coral ramificado con puntas hinchadas. Ramas de más de 10 mm de diámetro. Presenta color amarillento y duro como roca.,"{""p1"": ""s"", ""p4"": ""colonial"", ""p6"": ""ramificado"", ""p7"": ""toda"", ""p10"": ""conicas"", ""p14"": ""mas_10"", ""p17"": ""gruesas"", ""p18"": ""hinchadas""}"
porites_porites,Porites porites,Coral de Dedo,Poritidae,Escleractinio,"Estaba buceando y vi ramificaciones, crema.","{""p1"": ""s"", ""p4"": ""colonial"", ""p6"": ""ramificado"", ""p7"": ""toda"", ""p10"": ""conicas"", ""p14"": ""mas_10"", ""p17"": ""gruesas"", ""p18"": ""hinchadas""}"
porites_porites,Porites porites,Coral de Dedo,Poritidae,Escleractinio,"Coral de tipo ramas, liso.","{""p1"": ""s"", ""p4"": ""colonial"", ""p6"": ""ramificado"", ""p7"": ""toda"", ""p10"": ""conicas"", ""p14"": ""mas_10"", ""p17"": ""gruesas"", ""p18"": ""hinchadas""}"
porites_porites,Porites porites,Coral de Dedo,Poritidae,Escleractinio,Coral ramificado con puntas hinchadas. Ramas de más de 10 mm de diámetro.,"{""p1"": ""s"", ""p4"": ""colonial"", ""p6"": ""ramificado"", ""p7"": ""toda"", ""p10"": ""conicas"", ""p14"": ""mas_10"", ""p17"": ""gruesas"", ""p18"": ""hinchadas""}"
porites_porites,Porites porites,Coral de Dedo,Poritidae,Escleractinio,"Colonia crecimiento arbustivo característica, color marrón claro.","{""p1"": ""s"", ""p4"": ""colonial"", ""p6"": ""ramificado"", ""p7"": ""toda"", ""p10"": ""conicas"", ""p14"": ""mas_10"", ""p17"": ""gruesas"", ""p18"": ""hinchadas""}"
porites_porites,Porites porites,Coral de Dedo,Poritidae,Escleractinio,Coral ramificado con puntas hinchadas. Ramas de más de 10 mm de diámetro. Presenta blanquecino y superficie uniforme.,"{""p1"": ""s"", ""p4"": ""colonial"", ""p6"": ""ramificado"", ""p7"": ""toda"", ""p10"": ""conicas"", ""p14"": ""mas_10"", ""p17"": ""gruesas"", ""p18"": ""hinchadas""}"
porites_porites,Porites porites,Coral de Dedo,Poritidae,Escleractinio,Tipo: ramas coralinas. Color: como arena.,"{""p1"": ""s"", ""p4"": ""colonial"", ""p6"": ""ramificado"", ""p7"": ""toda"", ""p10"": ""conicas"", ""p14"": ""mas_10"", ""p17"": ""gruesas"", ""p18"": ""hinchadas""}"
siderastrea_radians,Siderastrea radians,Coral Mucura,Siderastreidae,Escleractinio,Coral masivo poroso con coralitos de 1.5-4.2 mm. Septos perpendiculares. Presenta color amarillento y esponjoso.,"{""p1"": ""s"", ""p4"": ""colonial"", ""p6"": ""no"", ""p19"": ""masiva"", ""p30"": ""copas"", ""p48"": ""menor_1"", ""p49"": ""poroso"", ""p50"": ""24_48"", ""p52"": ""1_5_4_2""}"
siderastrea_radians,Siderastrea radians,Coral Mucura,Siderastreidae,Escleractinio,Coral masivo poroso con coralitos de 1.5-4.2 mm. Septos perpendiculares. Presenta color marrón claro y como una roca.,"{""p1"": ""s"", ""p4"": ""colonial"", ""p6"": ""no"", ""p19"": ""masiva"", ""p30"": ""copas"", ""p48"": ""menor_1"", ""p49"": ""poroso"", ""p50"": ""24_48"", ""p52"": ""1_5_4_2""}"
siderastrea_radians,Siderastrea radians,Coral Mucura,Siderastreidae,Escleractinio,"Coral de tipo crecimiento macizo, superficie con agujeros, textura áspera.","{""p1"": ""s"", ""p4"": ""colonial"", ""p6"": ""no"", ""p19"": ""masiva"", ""p30"": ""copas"", ""p48"": ""menor_1"", ""p49"": ""poroso"", ""p50"": ""24_48"", ""p52"": ""1_5_4_2""}"
siderastrea_radians,Siderastrea radians,Coral Mucura,Siderastreidae,Escleractinio,Coral masivo poroso con coralitos de 1.5-4.2 mm. Septos perpendiculares. Presenta color marrón y colonias densas.,"{""p1"": ""s"", ""p4"": ""colonial"", ""p6"": ""no"", ""p19"": ""masiva"", ""p30"": ""copas"", ""p48"": ""menor_1"", ""p49"": ""poroso"", ""p50"": ""24_48"", ""p52"": ""1_5_4_2""}"
siderastrea_radians,Siderastrea radians,Coral Mucura,Siderastreidae,Escleractinio,"Vi un coral como un domo, tiene pequeños hoyos, parece marrón.","{""p1"": ""s"", ""p4"": ""colonial"", ""p6"": ""no"", ""p19"": ""masiva"", ""p30"": ""copas"", ""p48"": ""menor_1"", ""p49"": ""poroso"", ""p50"": ""24_48"", ""p52"": ""1_5_4_2""}"
siderastrea_radians,Siderastrea radians,Coral Mucura,Siderastreidae,Escleractinio,"Colonia roca coralina con como poros característica, color tierra.","{""p1"": ""s"", ""p4"": ""colonial"", ""p6"": ""no"", ""p19"": ""masiva"", ""p30"": ""copas"", ""p48"": ""menor_1"", ""p49"": ""poroso"", ""p50"": ""24_48"", ""p52"": ""1_5_4_2""}"
siderastrea_radians,Siderastrea radians,Coral Mucura,Siderastreidae,Escleractinio,"Parece como una pelota con aberturas circulares, color café.","{""p1"": ""s"", ""p4"": ""colonial"", ""p6"": ""no"", ""p19"": ""masiva"", ""p30"": ""copas"", ""p48"": ""menor_1"", ""p49"": ""poroso"", ""p50"": ""24_48"", ""p52"": ""1_5_4_2""}"
siderastrea_radians,Siderastrea radians,Coral Mucura,Siderastreidae,Escleractinio,"Como roca redonda pero con huequitos, superficie porosa, crema.","{""p1"": ""s"", ""p4"": ""colonial"", ""p6"": ""no"", ""p19"": ""masiva"", ""p30"": ""copas"", ""p48"": ""menor_1"", ""p49"": ""poroso"", ""p50"": ""24_48"", ""p52"": ""1_5_4_2""}"
siderastrea_radians,Siderastrea radians,Coral Mucura,Siderastreidae,Escleractinio,"Observamos como un domo con como una esponja evidente, coloración verdoso.","{""p1"": ""s"", ""p4"": ""colonial"", ""p6"": ""no"", ""p19"": ""masiva"", ""p30"": ""copas"", ""p48"": ""menor_1"", ""p49"": ""poroso"", ""p50"": ""24_48"", ""p52"": ""1_5_4_2""}"
siderastrea_radians,Siderastrea radians,Coral Mucura,Siderastreidae,Escleractinio,"Vi un coral forma de roca, tiene pequeñas celdas circulares, parece color tierra.","{""p1"": ""s"", ""p4"": ""colonial"", ""p6"": ""no"", ""p19"": ""masiva"", ""p30"": ""copas"", ""p48"": ""menor_1"", ""p49"": ""poroso"", ""p50"": ""24_48"", ""p52"": ""1_5_4_2""}"
siderastrea_radians,Siderastrea radians,Coral Mucura,Siderastreidae,Escleractinio,"Uno redonda que está esponjoso, con hoyitos.","{""p1"": ""s"", ""p4"": ""colonial"", ""p6"": ""no"", ""p19"": ""masiva"", ""p30"": ""copas"", ""p48"": ""menor_1"", ""p49"": ""poroso"", ""p50"": ""24_48"", ""p52"": ""1_5_4_2""}"
siderastrea_radians,Siderastrea radians,Coral Mucura,Siderastreidae,Escleractinio,"Observamos forma de roca con pequeños hoyos evidente, coloración crema.","{""p1"": ""s"", ""p4"": ""colonial"", ""p6"": ""no"", ""p19"": ""masiva"", ""p30"": ""copas"", ""p48"": ""menor_1"", ""p49"": ""poroso"", ""p50"": ""24_48"", ""p52"": ""1_5_4_2""}"
siderastrea_radians,Siderastrea radians,Coral Mucura,Siderastreidae,Escleractinio,"Coral de tipo esférico, superficie como una colmena, esponjoso.","{""p1"": ""s"", ""p4"": ""colonial"", ""p6"": ""no"", ""p19"": ""masiva"", ""p30"": ""copas"", ""p48"": ""menor_1"", ""p49"": ""poroso"", ""p50"": ""24_48"", ""p52"": ""1_5_4_2""}"
siderastrea_radians,Siderastrea radians,Coral Mucura,Siderastreidae,Escleractinio,"Es como colonias hemisféricas, tiene hoyuelos y es color grisáceo.","{""p1"": ""s"", ""p4"": ""colonial"", ""p6"": ""no"", ""p19"": ""masiva"", ""p30"": ""copas"", ""p48"": ""menor_1"", ""p49"": ""poroso"", ""p50"": ""24_48"", ""p52"": ""1_5_4_2""}"
siderastrea_radians,Siderastrea radians,Coral Mucura,Siderastreidae,Escleractinio,Coral masivo poroso con coralitos de 1.5-4.2 mm. Septos perpendiculares. Presenta color arena y superficie uniforme.,"{""p1"": ""s"", ""p4"": ""colonial"", ""p6"": ""no"", ""p19"": ""masiva"", ""p30"": ""copas"", ""p48"": ""menor_1"", ""p49"": ""poroso"", ""p50"": ""24_48"", ""p52"": ""1_5_4_2""}"
siderastrea_radians,Siderastrea radians,Coral Mucura,Siderastreidae,Escleractinio,Coral masivo poroso con coralitos de 1.5-4.2 mm. Septos perpendiculares. Presenta verdoso y como una roca.,"{""p1"": ""s"", ""p4"": ""colonial"", ""p6"": ""no"", ""p19"": ""masiva"", ""p30"": ""copas"", ""p48"": ""menor_1"", ""p49"": ""poroso"", ""p50"": ""24_48"", ""p52"": ""1_5_4_2""}"
siderastrea_radians,Siderastrea radians,Coral Mucura,Siderastreidae,Escleractinio,"Vi un coral roca redonda, tiene poros de coralitos, parece crema.","{""p1"": ""s"", ""p4"": ""colonial"", ""p6"": ""no"", ""p19"": ""masiva"", ""p30"": ""copas"", ""p48"": ""menor_1"", ""p49"": ""poroso"", ""p50"": ""24_48"", ""p52"": ""1_5_4_2""}"
siderastrea_radians,Siderastrea radians,Coral Mucura,Siderastreidae,Escleractinio,"Uno parece una piedra grande que está rugoso, con hoyitos.","{""p1"": ""s"", ""p4"": ""colonial"", ""p6"": ""no"", ""p19"": ""masiva"", ""p30"": ""copas"", ""p48"": ""menor_1"", ""p49"": ""poroso"", ""p50"": ""24_48"", ""p52"": ""1_5_4_2""}"
siderastrea_radians,Siderastrea radians,Coral Mucura,Siderastreidae,Escleractinio,"Es un coral colonias hemisféricas, superficie irregular, con puntitos de color tonalidad verdosa.","{""p1"": ""s"", ""p4"": ""colonial"", ""p6"": ""no"", ""p19"": ""masiva"", ""p30"": ""copas"", ""p48"": ""menor_1"", ""p49"": ""poroso"", ""p50"": ""24_48"", ""p52"": ""1_5_4_2""}"
siderastrea_radians,Siderastrea radians,Coral Mucura,Siderastreidae,Escleractinio,"Observamos redonda con con huecos evidente, coloración marrón.","{""p1"": ""s"", ""p4"": ""colonial"", ""p6"": ""no"", ""p19"": ""masiva"", ""p30"": ""copas"", ""p48"": ""menor_1"", ""p49"": ""poroso"", ""p50"": ""24_48"", ""p52"": ""1_5_4_2""}"
siderastrea_radians,Siderastrea radians,Coral Mucura,Siderastreidae,Escleractinio,Coral masivo poroso con coralitos de 1.5-4.2 mm. Septos perpendiculares. Presenta color tierra y duro como roca.,"{""p1"": ""s"", ""p4"": ""colonial"", ""p6"": ""no"", ""p19"": ""masiva"", ""p30"": ""copas"", ""p48"": ""menor_1"", ""p49"": ""poroso"", ""p50"": ""24_48"", ""p52"": ""1_5_4_2""}"
siderastrea_radians,Siderastrea radians,Coral Mucura,Siderastreidae,Escleractinio,Coral masivo poroso con coralitos de 1.5-4.2 mm. Septos perpendiculares. Presenta color piedra y superficie rugosa.,"{""p1"": ""s"", ""p4"": ""colonial"", ""p6"": ""no"", ""p19"": ""masiva"", ""p30"": ""copas"", ""p48"": ""menor_1"", ""p49"": ""poroso"", ""p50"": ""24_48"", ""p52"": ""1_5_4_2""}"
siderastrea_radians,Siderastrea radians,Coral Mucura,Siderastreidae,Escleractinio,Un coral roca coralina que tiene superficie con copas y es superficie lisa.,"{""p1"": ""s"", ""p4"": ""colonial"", ""p6"": ""no"", ""p19"": ""masiva"", ""p30"": ""copas"", ""p48"": ""menor_1"", ""p49"": ""poroso"", ""p50"": ""24_48"", ""p52"": ""1_5_4_2""}"
siderastrea_radians,Siderastrea radians,Coral Mucura,Siderastreidae,Escleractinio,"redonda, como una colmena, color piedra.","{""p1"": ""s"", ""p4"": ""colonial"", ""p6"": ""no"", ""p19"": ""masiva"", ""p30"": ""copas"", ""p48"": ""menor_1"", ""p49"": ""poroso"", ""p50"": ""24_48"", ""p52"": ""1_5_4_2""}"
siderastrea_radians,Siderastrea radians,Coral Mucura,Siderastreidae,Escleractinio,"Como montículo rocoso pero con coralitos en forma de copa, esqueleto calcáreo, color tierra.","{""p1"": ""s"", ""p4"": ""colonial"", ""p6"": ""no"", ""p19"": ""masiva"", ""p30"": ""copas"", ""p48"": ""menor_1"", ""p49"": ""poroso"", ""p50"": ""24_48"", ""p52"": ""1_5_4_2""}"
siderastrea_radians,Siderastrea radians,Coral Mucura,Siderastreidae,Escleractinio,"Coral de tipo forma de roca, superficie coralitos en forma de copa, colonias densas.","{""p1"": ""s"", ""p4"": ""colonial"", ""p6"": ""no"", ""p19"": ""masiva"", ""p30"": ""copas"", ""p48"": ""menor_1"", ""p49"": ""poroso"", ""p50"": ""24_48"", ""p52"": ""1_5_4_2""}"
siderastrea_radians,Siderastrea radians,Coral Mucura,Siderastreidae,Escleractinio,"Vi un coral forma de roca, tiene como poros, parece gris.","{""p1"": ""s"", ""p4"": ""colonial"", ""p6"": ""no"", ""p19"": ""masiva"", ""p30"": ""copas"", ""p48"": ""menor_1"", ""p49"": ""poroso"", ""p50"": ""24_48"", ""p52"": ""1_5_4_2""}"
siderastrea_radians,Siderastrea radians,Coral Mucura,Siderastreidae,Escleractinio,"Como bloque compacto pero con superficie con copas, liso, verdoso.","{""p1"": ""s"", ""p4"": ""colonial"", ""p6"": ""no"", ""p19"": ""masiva"", ""p30"": ""copas"", ""p48"": ""menor_1"", ""p49"": ""poroso"", ""p50"": ""24_48"", ""p52"": ""1_5_4_2""}"
siderastrea_radians,Siderastrea radians,Coral Mucura,Siderastreidae,Escleractinio,Coral masivo poroso con coralitos de 1.5-4.2 mm. Septos perpendiculares. Presenta color café claro y áspero al tacto.,"{""p1"": ""s"", ""p4"": ""colonial"", ""p6"": ""no"", ""p19"": ""masiva"", ""p30"": ""copas"", ""p48"": ""menor_1"", ""p49"": ""poroso"", ""p50"": ""24_48"", ""p52"": ""1_5_4_2""}"
siderastrea_radians,Siderastrea radians,Coral Mucura,Siderastreidae,Escleractinio,Coral masivo poroso con coralitos de 1.5-4.2 mm. Septos perpendiculares. Presenta tonalidad verdosa y esponjoso.,"{""p1"": ""s"", ""p4"": ""colonial"", ""p6"": ""no"", ""p19"": ""masiva"", ""p30"": ""copas"", ""p48"": ""menor_1"", ""p49"": ""poroso"", ""p50"": ""24_48"", ""p52"": ""1_5_4_2""}"
siderastrea_radians,Siderastrea radians,Coral Mucura,Siderastreidae,Escleractinio,Coral masivo poroso con coralitos de 1.5-4.2 mm. Septos perpendiculares. Presenta verdoso y textura áspera.,"{""p1"": ""s"", ""p4"": ""colonial"", ""p6"": ""no"", ""p19"": ""masiva"", ""p30"": ""copas"", ""p48"": ""menor_1"", ""p49"": ""poroso"", ""p50"": ""24_48"", ""p52"": ""1_5_4_2""}"
siderastrea_radians,Siderastrea radians,Coral Mucura,Siderastreidae,Escleractinio,"Especie coral masivo, presenta coralitos en forma de copa, tonalidad color café claro.","{""p1"": ""s"", ""p4"": ""colonial"", ""p6"": ""no"", ""p19"": ""masiva"", ""p30"": ""copas"", ""p48"": ""menor_1"", ""p49"": ""poroso"", ""p50"": ""24_48"", ""p52"": ""1_5_4_2""}"
siderastrea_radians,Siderastrea radians,Coral Mucura,Siderastreidae,Escleractinio,Coral masivo poroso con coralitos de 1.5-4.2 mm. Septos perpendiculares. Presenta color marrón claro y rugoso.,"{""p1"": ""s"", ""p4"": ""colonial"", ""p6"": ""no"", ""p19"": ""masiva"", ""p30"": ""copas"", ""p48"": ""menor_1"", ""p49"": ""poroso"", ""p50"": ""24_48"", ""p52"": ""1_5_4_2""}"
siderastrea_radians,Siderastrea radians,Coral Mucura,Siderastreidae,Escleractinio,"Uno parece un balón que está superficie irregular, con con poros.","{""p1"": ""s"", ""p4"": ""colonial"", ""p6"": ""no"", ""p19"": ""masiva"", ""p30"": ""copas"", ""p48"": ""menor_1"", ""p49"": ""poroso"", ""p50"": ""24_48"", ""p52"": ""1_5_4_2""}"
siderastrea_radians,Siderastrea radians,Coral Mucura,Siderastreidae,Escleractinio,"Especie esférico, presenta como una colmena, tonalidad color marrón.","{""p1"": ""s"", ""p4"": ""colonial"", ""p6"": ""no"", ""p19"": ""masiva"", ""p30"": ""copas"", ""p48"": ""menor_1"", ""p49"": ""poroso"", ""p50"": ""24_48"", ""p52"": ""1_5_4_2""}"
siderastrea_radians,Siderastrea radians,Coral Mucura,Siderastreidae,Escleractinio,Coral masivo poroso con coralitos de 1.5-4.2 mm. Septos perpendiculares. Presenta color café claro y esqueleto calcáreo.,"{""p1"": ""s"", ""p4"": ""colonial"", ""p6"": ""no"", ""p19"": ""masiva"", ""p30"": ""copas"", ""p48"": ""menor_1"", ""p49"": ""poroso"", ""p50"": ""24_48"", ""p52"": ""1_5_4_2""}"
siderastrea_radians,Siderastrea radians,Coral Mucura,Siderastreidae,Escleractinio,"parece una piedra grande con pinta de aberturas circulares, tono café.","{""p1"": ""s"", ""p4"": ""colonial"", ""p6"": ""no"", ""p19"": ""masiva"", ""p30"": ""copas"", ""p48"": ""menor_1"", ""p49"": ""poroso"", ""p50"": ""24_48"", ""p52"": ""1_5_4_2""}"
siderastrea_radians,Siderastrea radians,Coral Mucura,Siderastreidae,Escleractinio,"Vi un coral esférica, tiene con huecos, parece marrón.","{""p1"": ""s"", ""p4"": ""colonial"", ""p6"": ""no"", ""p19"": ""masiva"", ""p30"": ""copas"", ""p48"": ""menor_1"", ""p49"": ""poroso"", ""p50"": ""24_48"", ""p52"": ""1_5_4_2""}"
siderastrea_radians,Siderastrea radians,Coral Mucura,Siderastreidae,Escleractinio,"Observamos como una bola con pequeñas celdas circulares evidente, coloración blanquecino.","{""p1"": ""s"", ""p4"": ""colonial"", ""p6"": ""no"", ""p19"": ""masiva"", ""p30"": ""copas"", ""p48"": ""menor_1"", ""p49"": ""poroso"", ""p50"": ""24_48"", ""p52"": ""1_5_4_2""}"
siderastrea_radians,Siderastrea radians,Coral Mucura,Siderastreidae,Escleractinio,"Es como parece una roca, tiene superficie con copas y es blanquecino.","{""p1"": ""s"", ""p4"": ""colonial"", ""p6"": ""no"", ""p19"": ""masiva"", ""p30"": ""copas"", ""p48"": ""menor_1"", ""p49"": ""poroso"", ""p50"": ""24_48"", ""p52"": ""1_5_4_2""}"
siderastrea_radians,Siderastrea radians,Coral Mucura,Siderastreidae,Escleractinio,"como un domo con pinta de con agujeros, tono amarillento.","{""p1"": ""s"", ""p4"": ""colonial"", ""p6"": ""no"", ""p19"": ""masiva"", ""p30"": ""copas"", ""p48"": ""menor_1"", ""p49"": ""poroso"", ""p50"": ""24_48"", ""p52"": ""1_5_4_2""}"
siderastrea_radians,Siderastrea radians,Coral Mucura,Siderastreidae,Escleractinio,Coral masivo poroso con coralitos de 1.5-4.2 mm. Septos perpendiculares. Presenta color café y superficie porosa.,"{""p1"": ""s"", ""p4"": ""colonial"", ""p6"": ""no"", ""p19"": ""masiva"", ""p30"": ""copas"", ""p48"": ""menor_1"", ""p49"": ""poroso"", ""p50"": ""24_48"", ""p52"": ""1_5_4_2""}"
siderastrea_radians,Siderastrea radians,Coral Mucura,Siderastreidae,Escleractinio,Coral masivo poroso con coralitos de 1.5-4.2 mm. Septos perpendiculares.,"{""p1"": ""s"", ""p4"": ""colonial"", ""p6"": ""no"", ""p19"": ""masiva"", ""p30"": ""copas"", ""p48"": ""menor_1"", ""p49"": ""poroso"", ""p50"": ""24_48"", ""p52"": ""1_5_4_2""}"
siderastrea_radians,Siderastrea radians,Coral Mucura,Siderastreidae,Escleractinio,"Parece esfera rocosa con como una colmena, marrón.","{""p1"": ""s"", ""p4"": ""colonial"", ""p6"": ""no"", ""p19"": ""masiva"", ""p30"": ""copas"", ""p48"": ""menor_1"", ""p49"": ""poroso"", ""p50"": ""24_48"", ""p52"": ""1_5_4_2""}"
siderastrea_radians,Siderastrea radians,Coral Mucura,Siderastreidae,Escleractinio,"como un domo, como una esponja, color marrón.","{""p1"": ""s"", ""p4"": ""colonial"", ""p6"": ""no"", ""p19"": ""masiva"", ""p30"": ""copas"", ""p48"": ""menor_1"", ""p49"": ""poroso"", ""p50"": ""24_48"", ""p52"": ""1_5_4_2""}"
siderastrea_radians,Siderastrea radians,Coral Mucura,Siderastreidae,Escleractinio,"Colonia bloque compacto con pequeñas copas característica, como arena.","{""p1"": ""s"", ""p4"": ""colonial"", ""p6"": ""no"", ""p19"": ""masiva"", ""p30"": ""copas"", ""p48"": ""menor_1"", ""p49"": ""poroso"", ""p50"": ""24_48"", ""p52"": ""1_5_4_2""}"
siderastrea_radians,Siderastrea radians,Coral Mucura,Siderastreidae,Escleractinio,"Es un coral esfera rocosa, como esponja, con con poros de color tonalidad verdosa.","{""p1"": ""s"", ""p4"": ""colonial"", ""p6"": ""no"", ""p19"": ""masiva"", ""p30"": ""copas"", ""p48"": ""menor_1"", ""p49"": ""poroso"", ""p50"": ""24_48"", ""p52"": ""1_5_4_2""}"
siderastrea_radians,Siderastrea radians,Coral Mucura,Siderastreidae,Escleractinio,"Es como parece un balón, tiene como poros y es tonalidad verdosa.","{""p1"": ""s"", ""p4"": ""colonial"", ""p6"": ""no"", ""p19"": ""masiva"", ""p30"": ""copas"", ""p48"": ""menor_1"", ""p49"": ""poroso"", ""p50"": ""24_48"", ""p52"": ""1_5_4_2""}"
siderastrea_radians,Siderastrea radians,Coral Mucura,Siderastreidae,Escleractinio,Coral masivo poroso con coralitos de 1.5-4.2 mm. Septos perpendiculares. Presenta gris y como una roca.,"{""p1"": ""s"", ""p4"": ""colonial"", ""p6"": ""no"", ""p19"": ""masiva"", ""p30"": ""copas"", ""p48"": ""menor_1"", ""p49"": ""poroso"", ""p50"": ""24_48"", ""p52"": ""1_5_4_2""}"
siderastrea_radians,Siderastrea radians,Coral Mucura,Siderastreidae,Escleractinio,Coral masivo poroso con coralitos de 1.5-4.2 mm. Septos perpendiculares. Presenta tonalidad verdosa y como una roca.,"{""p1"": ""s"", ""p4"": ""colonial"", ""p6"": ""no"", ""p19"": ""masiva"", ""p30"": ""copas"", ""p48"": ""menor_1"", ""p49"": ""poroso"", ""p50"": ""24_48"", ""p52"": ""1_5_4_2""}"
siderastrea_radians,Siderastrea radians,Coral Mucura,Siderastreidae,Escleractinio,"Parece como un domo con poros de coralitos, color café claro.","{""p1"": ""s"", ""p4"": ""colonial"", ""p6"": ""no"", ""p19"": ""masiva"", ""p30"": ""copas"", ""p48"": ""menor_1"", ""p49"": ""poroso"", ""p50"": ""24_48"", ""p52"": ""1_5_4_2""}"
siderastrea_siderea,Siderastrea siderea,Coral Mucura,Siderastreidae,Escleractinio,Coral masivo poroso con coralitos de 2.6-5.0 mm. Septos en pendiente de 45°. Presenta color grisáceo y esqueleto calcáreo.,"{""p1"": ""s"", ""p4"": ""colonial"", ""p6"": ""no"", ""p19"": ""masiva"", ""p30"": ""copas"", ""p48"": ""menor_1"", ""p49"": ""poroso"", ""p50"": ""24_48"", ""p52"": ""2_6_5_0""}"
siderastrea_siderea,Siderastrea siderea,Coral Mucura,Siderastreidae,Escleractinio,Tipo: forma de roca. Superficie: aberturas circulares. Color: color piedra.,"{""p1"": ""s"", ""p4"": ""colonial"", ""p6"": ""no"", ""p19"": ""masiva"", ""p30"": ""copas"", ""p48"": ""menor_1"", ""p49"": ""poroso"", ""p50"": ""24_48"", ""p52"": ""2_6_5_0""}"
siderastrea_siderea,Siderastrea siderea,Coral Mucura,Siderastreidae,Escleractinio,Coral masivo poroso con coralitos de 2.6-5.0 mm. Septos en pendiente de 45°. Presenta color piedra y esponjoso.,"{""p1"": ""s"", ""p4"": ""colonial"", ""p6"": ""no"", ""p19"": ""masiva"", ""p30"": ""copas"", ""p48"": ""menor_1"", ""p49"": ""poroso"", ""p50"": ""24_48"", ""p52"": ""2_6_5_0""}"
siderastrea_siderea,Siderastrea siderea,Coral Mucura,Siderastreidae,Escleractinio,Coral masivo poroso con coralitos de 2.6-5.0 mm. Septos en pendiente de 45°. Presenta beige y superficie uniforme.,"{""p1"": ""s"", ""p4"": ""colonial"", ""p6"": ""no"", ""p19"": ""masiva"", ""p30"": ""copas"", ""p48"": ""menor_1"", ""p49"": ""poroso"", ""p50"": ""24_48"", ""p52"": ""2_6_5_0""}"
siderastrea_siderea,Siderastrea siderea,Coral Mucura,Siderastreidae,Escleractinio,Coral masivo poroso con coralitos de 2.6-5.0 mm. Septos en pendiente de 45°. Presenta tonalidad verdosa y poroso.,"{""p1"": ""s"", ""p4"": ""colonial"", ""p6"": ""no"", ""p19"": ""masiva"", ""p30"": ""copas"", ""p48"": ""menor_1"", ""p49"": ""poroso"", ""p50"": ""24_48"", ""p52"": ""2_6_5_0""}"
siderastrea_siderea,Siderastrea siderea,Coral Mucura,Siderastreidae,Escleractinio,Coral masivo poroso con coralitos de 2.6-5.0 mm. Septos en pendiente de 45°. Presenta color marrón claro y poroso.,"{""p1"": ""s"", ""p4"": ""colonial"", ""p6"": ""no"", ""p19"": ""masiva"", ""p30"": ""copas"", ""p48"": ""menor_1"", ""p49"": ""poroso"", ""p50"": ""24_48"", ""p52"": ""2_6_5_0""}"
siderastrea_siderea,Siderastrea siderea,Coral Mucura,Siderastreidae,Escleractinio,"Es un coral forma de roca, como esponja, con puntitos de color color piedra.","{""p1"": ""s"", ""p4"": ""colonial"", ""p6"": ""no"", ""p19"": ""masiva"", ""p30"": ""copas"", ""p48"": ""menor_1"", ""p49"": ""poroso"", ""p50"": ""24_48"", ""p52"": ""2_6_5_0""}"
siderastrea_siderea,Siderastrea siderea,Coral Mucura,Siderastreidae,Escleractinio,"Estaba buceando y vi parece una roca con como una colmena, marrón.","{""p1"": ""s"", ""p4"": ""colonial"", ""p6"": ""no"", ""p19"": ""masiva"", ""p30"": ""copas"", ""p48"": ""menor_1"", ""p49"": ""poroso"", ""p50"": ""24_48"", ""p52"": ""2_6_5_0""}"
siderastrea_siderea,Siderastrea siderea,Coral Mucura,Siderastreidae,Escleractinio,"Colonia parece una roca con poros de coralitos característica, color marrón claro.","{""p1"": ""s"", ""p4"": ""colonial"", ""p6"": ""no"", ""p19"": ""masiva"", ""p30"": ""copas"", ""p48"": ""menor_1"", ""p49"": ""poroso"", ""p50"": ""24_48"", ""p52"": ""2_6_5_0""}"
siderastrea_siderea,Siderastrea siderea,Coral Mucura,Siderastreidae,Escleractinio,"Es un coral roca viva, colonias densas, con pequeñas celdas circulares de color color tierra.","{""p1"": ""s"", ""p4"": ""colonial"", ""p6"": ""no"", ""p19"": ""masiva"", ""p30"": ""copas"", ""p48"": ""menor_1"", ""p49"": ""poroso"", ""p50"": ""24_48"", ""p52"": ""2_6_5_0""}"
siderastrea_siderea,Siderastrea siderea,Coral Mucura,Siderastreidae,Escleractinio,Tipo: esfera rocosa. Superficie: con agujeros. Color: marrón.,"{""p1"": ""s"", ""p4"": ""colonial"", ""p6"": ""no"", ""p19"": ""masiva"", ""p30"": ""copas"", ""p48"": ""menor_1"", ""p49"": ""poroso"", ""p50"": ""24_48"", ""p52"": ""2_6_5_0""}"
siderastrea_siderea,Siderastrea siderea,Coral Mucura,Siderastreidae,Escleractinio,Coral masivo poroso con coralitos de 2.6-5.0 mm. Septos en pendiente de 45°. Presenta color café y esponjoso.,"{""p1"": ""s"", ""p4"": ""colonial"", ""p6"": ""no"", ""p19"": ""masiva"", ""p30"": ""copas"", ""p48"": ""menor_1"", ""p49"": ""poroso"", ""p50"": ""24_48"", ""p52"": ""2_6_5_0""}"
siderastrea_siderea,Siderastrea siderea,Coral Mucura,Siderastreidae,Escleractinio,"Vi un coral forma de domo, tiene pequeños hoyos, parece marrón.","{""p1"": ""s"", ""p4"": ""colonial"", ""p6"": ""no"", ""p19"": ""masiva"", ""p30"": ""copas"", ""p48"": ""menor_1"", ""p49"": ""poroso"", ""p50"": ""24_48"", ""p52"": ""2_6_5_0""}"
siderastrea_siderea,Siderastrea siderea,Coral Mucura,Siderastreidae,Escleractinio,Forma: crecimiento macizo. Textura: agujeritos. Tono: color amarillento.,"{""p1"": ""s"", ""p4"": ""colonial"", ""p6"": ""no"", ""p19"": ""masiva"", ""p30"": ""copas"", ""p48"": ""menor_1"", ""p49"": ""poroso"", ""p50"": ""24_48"", ""p52"": ""2_6_5_0""}"
siderastrea_siderea,Siderastrea siderea,Coral Mucura,Siderastreidae,Escleractinio,Coral masivo poroso con coralitos de 2.6-5.0 mm. Septos en pendiente de 45°. Presenta color piedra y superficie uniforme.,"{""p1"": ""s"", ""p4"": ""colonial"", ""p6"": ""no"", ""p19"": ""masiva"", ""p30"": ""copas"", ""p48"": ""menor_1"", ""p49"": ""poroso"", ""p50"": ""24_48"", ""p52"": ""2_6_5_0""}"
siderastrea_siderea,Siderastrea siderea,Coral Mucura,Siderastreidae,Escleractinio,Tipo: roca coralina. Superficie: con hoyitos pequeños. Color: color marrón claro.,"{""p1"": ""s"", ""p4"": ""colonial"", ""p6"": ""no"", ""p19"": ""masiva"", ""p30"": ""copas"", ""p48"": ""menor_1"", ""p49"": ""poroso"", ""p50"": ""24_48"", ""p52"": ""2_6_5_0""}"
siderastrea_siderea,Siderastrea siderea,Coral Mucura,Siderastreidae,Escleractinio,"Estaba buceando y vi esférico con pequeñas celdas circulares, color amarillento.","{""p1"": ""s"", ""p4"": ""colonial"", ""p6"": ""no"", ""p19"": ""masiva"", ""p30"": ""copas"", ""p48"": ""menor_1"", ""p49"": ""poroso"", ""p50"": ""24_48"", ""p52"": ""2_6_5_0""}"
siderastrea_siderea,Siderastrea siderea,Coral Mucura,Siderastreidae,Escleractinio,Coral masivo poroso con coralitos de 2.6-5.0 mm. Septos en pendiente de 45°.,"{""p1"": ""s"", ""p4"": ""colonial"", ""p6"": ""no"", ""p19"": ""masiva"", ""p30"": ""copas"", ""p48"": ""menor_1"", ""p49"": ""poroso"", ""p50"": ""24_48"", ""p52"": ""2_6_5_0""}"
siderastrea_siderea,Siderastrea siderea,Coral Mucura,Siderastreidae,Escleractinio,"Es un coral bloque compacto, superficie uniforme, con huequitos de color marrón.","{""p1"": ""s"", ""p4"": ""colonial"", ""p6"": ""no"", ""p19"": ""masiva"", ""p30"": ""copas"", ""p48"": ""menor_1"", ""p49"": ""poroso"", ""p50"": ""24_48"", ""p52"": ""2_6_5_0""}"
siderastrea_siderea,Siderastrea siderea,Coral Mucura,Siderastreidae,Escleractinio,"Colonia coral masivo con como poros característica, color marrón.","{""p1"": ""s"", ""p4"": ""colonial"", ""p6"": ""no"", ""p19"": ""masiva"", ""p30"": ""copas"", ""p48"": ""menor_1"", ""p49"": ""poroso"", ""p50"": ""24_48"", ""p52"": ""2_6_5_0""}"
siderastrea_siderea,Siderastrea siderea,Coral Mucura,Siderastreidae,Escleractinio,Coral masivo poroso con coralitos de 2.6-5.0 mm. Septos en pendiente de 45°. Presenta crema y superficie rugosa.,"{""p1"": ""s"", ""p4"": ""colonial"", ""p6"": ""no"", ""p19"": ""masiva"", ""p30"": ""copas"", ""p48"": ""menor_1"", ""p49"": ""poroso"", ""p50"": ""24_48"", ""p52"": ""2_6_5_0""}"
siderastrea_siderea,Siderastrea siderea,Coral Mucura,Siderastreidae,Escleractinio,Coral masivo poroso con coralitos de 2.6-5.0 mm. Septos en pendiente de 45°. Presenta beige y esqueleto calcáreo.,"{""p1"": ""s"", ""p4"": ""colonial"", ""p6"": ""no"", ""p19"": ""masiva"", ""p30"": ""copas"", ""p48"": ""menor_1"", ""p49"": ""poroso"", ""p50"": ""24_48"", ""p52"": ""2_6_5_0""}"
siderastrea_siderea,Siderastrea siderea,Coral Mucura,Siderastreidae,Escleractinio,Coral masivo poroso con coralitos de 2.6-5.0 mm. Septos en pendiente de 45°. Presenta marrón y como esponja.,"{""p1"": ""s"", ""p4"": ""colonial"", ""p6"": ""no"", ""p19"": ""masiva"", ""p30"": ""copas"", ""p48"": ""menor_1"", ""p49"": ""poroso"", ""p50"": ""24_48"", ""p52"": ""2_6_5_0""}"
siderastrea_siderea,Siderastrea siderea,Coral Mucura,Siderastreidae,Escleractinio,Forma: colonias hemisféricas. Textura: superficie con copas. Tono: crema.,"{""p1"": ""s"", ""p4"": ""colonial"", ""p6"": ""no"", ""p19"": ""masiva"", ""p30"": ""copas"", ""p48"": ""menor_1"", ""p49"": ""poroso"", ""p50"": ""24_48"", ""p52"": ""2_6_5_0""}"
siderastrea_siderea,Siderastrea siderea,Coral Mucura,Siderastreidae,Escleractinio,"redondo con pinta de con huecos, tono blanquecino.","{""p1"": ""s"", ""p4"": ""colonial"", ""p6"": ""no"", ""p19"": ""masiva"", ""p30"": ""copas"", ""p48"": ""menor_1"", ""p49"": ""poroso"", ""p50"": ""24_48"", ""p52"": ""2_6_5_0""}"
siderastrea_siderea,Siderastrea siderea,Coral Mucura,Siderastreidae,Escleractinio,"Observamos esférica con pequeñas celdas circulares evidente, coloración color amarillento.","{""p1"": ""s"", ""p4"": ""colonial"", ""p6"": ""no"", ""p19"": ""masiva"", ""p30"": ""copas"", ""p48"": ""menor_1"", ""p49"": ""poroso"", ""p50"": ""24_48"", ""p52"": ""2_6_5_0""}"
siderastrea_siderea,Siderastrea siderea,Coral Mucura,Siderastreidae,Escleractinio,Tipo: forma de roca. Superficie: poros de coralitos. Color: color tierra.,"{""p1"": ""s"", ""p4"": ""colonial"", ""p6"": ""no"", ""p19"": ""masiva"", ""p30"": ""copas"", ""p48"": ""menor_1"", ""p49"": ""poroso"", ""p50"": ""24_48"", ""p52"": ""2_6_5_0""}"
siderastrea_siderea,Siderastrea siderea,Coral Mucura,Siderastreidae,Escleractinio,"forma redonda, aberturas circulares, color marrón.","{""p1"": ""s"", ""p4"": ""colonial"", ""p6"": ""no"", ""p19"": ""masiva"", ""p30"": ""copas"", ""p48"": ""menor_1"", ""p49"": ""poroso"", ""p50"": ""24_48"", ""p52"": ""2_6_5_0""}"
siderastrea_siderea,Siderastrea siderea,Coral Mucura,Siderastreidae,Escleractinio,"Especie como un domo, presenta con huecos, tonalidad verdoso.","{""p1"": ""s"", ""p4"": ""colonial"", ""p6"": ""no"", ""p19"": ""masiva"", ""p30"": ""copas"", ""p48"": ""menor_1"", ""p49"": ""poroso"", ""p50"": ""24_48"", ""p52"": ""2_6_5_0""}"
siderastrea_siderea,Siderastrea siderea,Coral Mucura,Siderastreidae,Escleractinio,Forma: montículo rocoso. Textura: con hoyitos pequeños. Tono: crema.,"{""p1"": ""s"", ""p4"": ""colonial"", ""p6"": ""no"", ""p19"": ""masiva"", ""p30"": ""copas"", ""p48"": ""menor_1"", ""p49"": ""poroso"", ""p50"": ""24_48"", ""p52"": ""2_6_5_0""}"
siderastrea_siderea,Siderastrea siderea,Coral Mucura,Siderastreidae,Escleractinio,Coral masivo poroso con coralitos de 2.6-5.0 mm. Septos en pendiente de 45°. Presenta amarillento y liso.,"{""p1"": ""s"", ""p4"": ""colonial"", ""p6"": ""no"", ""p19"": ""masiva"", ""p30"": ""copas"", ""p48"": ""menor_1"", ""p49"": ""poroso"", ""p50"": ""24_48"", ""p52"": ""2_6_5_0""}"
siderastrea_siderea,Siderastrea siderea,Coral Mucura,Siderastreidae,Escleractinio,Forma: esfera rocosa. Textura: como una esponja. Tono: amarillento.,"{""p1"": ""s"", ""p4"": ""colonial"", ""p6"": ""no"", ""p19"": ""masiva"", ""p30"": ""copas"", ""p48"": ""menor_1"", ""p49"": ""poroso"", ""p50"": ""24_48"", ""p52"": ""2_6_5_0""}"
siderastrea_siderea,Siderastrea siderea,Coral Mucura,Siderastreidae,Escleractinio,Tipo: forma redonda. Superficie: hoyuelos. Color: crema.,"{""p1"": ""s"", ""p4"": ""colonial"", ""p6"": ""no"", ""p19"": ""masiva"", ""p30"": ""copas"", ""p48"": ""menor_1"", ""p49"": ""poroso"", ""p50"": ""24_48"", ""p52"": ""2_6_5_0""}"
siderastrea_siderea,Siderastrea siderea,Coral Mucura,Siderastreidae,Escleractinio,"Vi un coral redondo, tiene como una colmena, parece color café.","{""p1"": ""s"", ""p4"": ""colonial"", ""p6"": ""no"", ""p19"": ""masiva"", ""p30"": ""copas"", ""p48"": ""menor_1"", ""p49"": ""poroso"", ""p50"": ""24_48"", ""p52"": ""2_6_5_0""}"
siderastrea_siderea,Siderastrea siderea,Coral Mucura,Siderastreidae,Escleractinio,Coral masivo poroso con coralitos de 2.6-5.0 mm. Septos en pendiente de 45°. Presenta tonalidad verdosa y colonias densas.,"{""p1"": ""s"", ""p4"": ""colonial"", ""p6"": ""no"", ""p19"": ""masiva"", ""p30"": ""copas"", ""p48"": ""menor_1"", ""p49"": ""poroso"", ""p50"": ""24_48"", ""p52"": ""2_6_5_0""}"
siderastrea_siderea,Siderastrea siderea,Coral Mucura,Siderastreidae,Escleractinio,Coral masivo poroso con coralitos de 2.6-5.0 mm. Septos en pendiente de 45°. Presenta color marrón y rugoso.,"{""p1"": ""s"", ""p4"": ""colonial"", ""p6"": ""no"", ""p19"": ""masiva"", ""p30"": ""copas"", ""p48"": ""menor_1"", ""p49"": ""poroso"", ""p50"": ""24_48"", ""p52"": ""2_6_5_0""}"
siderastrea_siderea,Siderastrea siderea,Coral Mucura,Siderastreidae,Escleractinio,"Especie redondo, presenta con poros, tonalidad café.","{""p1"": ""s"", ""p4"": ""colonial"", ""p6"": ""no"", ""p19"": ""masiva"", ""p30"": ""copas"", ""p48"": ""menor_1"", ""p49"": ""poroso"", ""p50"": ""24_48"", ""p52"": ""2_6_5_0""}"
siderastrea_siderea,Siderastrea siderea,Coral Mucura,Siderastreidae,Escleractinio,"Coral de tipo colonias hemisféricas, superficie hoyitos, textura áspera.","{""p1"": ""s"", ""p4"": ""colonial"", ""p6"": ""no"", ""p19"": ""masiva"", ""p30"": ""copas"", ""p48"": ""menor_1"", ""p49"": ""poroso"", ""p50"": ""24_48"", ""p52"": ""2_6_5_0""}"
siderastrea_siderea,Siderastrea siderea,Coral Mucura,Siderastreidae,Escleractinio,Coral masivo poroso con coralitos de 2.6-5.0 mm. Septos en pendiente de 45°. Presenta color marrón claro y textura áspera.,"{""p1"": ""s"", ""p4"": ""colonial"", ""p6"": ""no"", ""p19"": ""masiva"", ""p30"": ""copas"", ""p48"": ""menor_1"", ""p49"": ""poroso"", ""p50"": ""24_48"", ""p52"": ""2_6_5_0""}"
siderastrea_siderea,Siderastrea siderea,Coral Mucura,Siderastreidae,Escleractinio,"Encontré esto: como una pelota, se ve agujeritos, color color marrón claro.","{""p1"": ""s"", ""p4"": ""colonial"", ""p6"": ""no"", ""p19"": ""masiva"", ""p30"": ""copas"", ""p48"": ""menor_1"", ""p49"": ""poroso"", ""p50"": ""24_48"", ""p52"": ""2_6_5_0""}"
siderastrea_siderea,Siderastrea siderea,Coral Mucura,Siderastreidae,Escleractinio,"redonda, pequeños hoyos, color amarillento.","{""p1"": ""s"", ""p4"": ""colonial"", ""p6"": ""no"", ""p19"": ""masiva"", ""p30"": ""copas"", ""p48"": ""menor_1"", ""p49"": ""poroso"", ""p50"": ""24_48"", ""p52"": ""2_6_5_0""}"
siderastrea_siderea,Siderastrea siderea,Coral Mucura,Siderastreidae,Escleractinio,"Parece roca viva con con hoyitos pequeños, color piedra.","{""p1"": ""s"", ""p4"": ""colonial"", ""p6"": ""no"", ""p19"": ""masiva"", ""p30"": ""copas"", ""p48"": ""menor_1"", ""p49"": ""poroso"", ""p50"": ""24_48"", ""p52"": ""2_6_5_0""}"
siderastrea_siderea,Siderastrea siderea,Coral Mucura,Siderastreidae,Escleractinio,"Es como como un domo, tiene pequeñas celdas circulares y es color amarillento.","{""p1"": ""s"", ""p4"": ""colonial"", ""p6"": ""no"", ""p19"": ""masiva"", ""p30"": ""copas"", ""p48"": ""menor_1"", ""p49"": ""poroso"", ""p50"": ""24_48"", ""p52"": ""2_6_5_0""}"
siderastrea_siderea,Siderastrea siderea,Coral Mucura,Siderastreidae,Escleractinio,Un coral esférica que tiene aberturas circulares y es superficie lisa.,"{""p1"": ""s"", ""p4"": ""colonial"", ""p6"": ""no"", ""p19"": ""masiva"", ""p30"": ""copas"", ""p48"": ""menor_1"", ""p49"": ""poroso"", ""p50"": ""24_48"", ""p52"": ""2_6_5_0""}"
siderastrea_siderea,Siderastrea siderea,Coral Mucura,Siderastreidae,Escleractinio,"montículo rocoso con pinta de con poros, tono marrón.","{""p1"": ""s"", ""p4"": ""colonial"", ""p6"": ""no"", ""p19"": ""masiva"", ""p30"": ""copas"", ""p48"": ""menor_1"", ""p49"": ""poroso"", ""p50"": ""24_48"", ""p52"": ""2_6_5_0""}"
siderastrea_siderea,Siderastrea siderea,Coral Mucura,Siderastreidae,Escleractinio,"Es como redondo, tiene con agujeros y es color marrón claro.","{""p1"": ""s"", ""p4"": ""colonial"", ""p6"": ""no"", ""p19"": ""masiva"", ""p30"": ""copas"", ""p48"": ""menor_1"", ""p49"": ""poroso"", ""p50"": ""24_48"", ""p52"": ""2_6_5_0""}"
siderastrea_siderea,Siderastrea siderea,Coral Mucura,Siderastreidae,Escleractinio,"Especie como un montículo, presenta con hoyitos pequeños, tonalidad marrón.","{""p1"": ""s"", ""p4"": ""colonial"", ""p6"": ""no"", ""p19"": ""masiva"", ""p30"": ""copas"", ""p48"": ""menor_1"", ""p49"": ""poroso"", ""p50"": ""24_48"", ""p52"": ""2_6_5_0""}"
siderastrea_siderea,Siderastrea siderea,Coral Mucura,Siderastreidae,Escleractinio,"Es como redondo, tiene con hoyitos pequeños y es café.","{""p1"": ""s"", ""p4"": ""colonial"", ""p6"": ""no"", ""p19"": ""masiva"", ""p30"": ""copas"", ""p48"": ""menor_1"", ""p49"": ""poroso"", ""p50"": ""24_48"", ""p52"": ""2_6_5_0""}"
siderastrea_siderea,Siderastrea siderea,Coral Mucura,Siderastreidae,Escleractinio,"Es un coral forma de roca, textura áspera, con con poros de color color marrón.","{""p1"": ""s"", ""p4"": ""colonial"", ""p6"": ""no"", ""p19"": ""masiva"", ""p30"": ""copas"", ""p48"": ""menor_1"", ""p49"": ""poroso"", ""p50"": ""24_48"", ""p52"": ""2_6_5_0""}"
siderastrea_siderea,Siderastrea siderea,Coral Mucura,Siderastreidae,Escleractinio,Coral masivo poroso con coralitos de 2.6-5.0 mm. Septos en pendiente de 45°. Presenta color café y liso.,"{""p1"": ""s"", ""p4"": ""colonial"", ""p6"": ""no"", ""p19"": ""masiva"", ""p30"": ""copas"", ""p48"": ""menor_1"", ""p49"": ""poroso"", ""p50"": ""24_48"", ""p52"": ""2_6_5_0""}"
siderastrea_siderea,Siderastrea siderea,Coral Mucura,Siderastreidae,Escleractinio,"Como roca redonda pero con puntitos, superficie porosa, gris.","{""p1"": ""s"", ""p4"": ""colonial"", ""p6"": ""no"", ""p19"": ""masiva"", ""p30"": ""copas"", ""p48"": ""menor_1"", ""p49"": ""poroso"", ""p50"": ""24_48"", ""p52"": ""2_6_5_0""}"
dendrogyra_cylindrus,Dendrogyra cylindrus,Coral Pilar,Meandrinidae,Escleractinio,Coral masivo con pilares rectos y gruesos. Estructura única que parece manos o dedos. Presenta beige y poroso.,"{""p1"": ""s"", ""p4"": ""colonial"", ""p6"": ""no"", ""p19"": ""masiva"", ""p30"": ""valles"", ""p31"": ""pronunciados"", ""p33"": ""no"", ""p34"": ""pilares""}"
dendrogyra_cylindrus,Dendrogyra cylindrus,Coral Pilar,Meandrinidae,Escleractinio,"Vi un coral parece un balón, tiene con surcos, parece como arena.","{""p1"": ""s"", ""p4"": ""colonial"", ""p6"": ""no"", ""p19"": ""masiva"", ""p30"": ""valles"", ""p31"": ""pronunciados"", ""p33"": ""no"", ""p34"": ""pilares""}"
dendrogyra_cylindrus,Dendrogyra cylindrus,Coral Pilar,Meandrinidae,Escleractinio,Coral masivo con pilares rectos y gruesos. Estructura única que parece manos o dedos. Presenta color café claro y duro como roca.,"{""p1"": ""s"", ""p4"": ""colonial"", ""p6"": ""no"", ""p19"": ""masiva"", ""p30"": ""valles"", ""p31"": ""pronunciados"", ""p33"": ""no"", ""p34"": ""pilares""}"
dendrogyra_cylindrus,Dendrogyra cylindrus,Coral Pilar,Meandrinidae,Escleractinio,"como una pelota, con surcos, color tierra.","{""p1"": ""s"", ""p4"": ""colonial"", ""p6"": ""no"", ""p19"": ""masiva"", ""p30"": ""valles"", ""p31"": ""pronunciados"", ""p33"": ""no"", ""p34"": ""pilares""}"
dendrogyra_cylindrus,Dendrogyra cylindrus,Coral Pilar,Meandrinidae,Escleractinio,"Vi un coral redonda, tiene valles sinuosos, parece como arena.","{""p1"": ""s"", ""p4"": ""colonial"", ""p6"": ""no"", ""p19"": ""masiva"", ""p30"": ""valles"", ""p31"": ""pronunciados"", ""p33"": ""no"", ""p34"": ""pilares""}"
dendrogyra_cylindrus,Dendrogyra cylindrus,Coral Pilar,Meandrinidae,Escleractinio,"Como forma de domo pero con valles y colinas, textura áspera, color amarillento.","{""p1"": ""s"", ""p4"": ""colonial"", ""p6"": ""no"", ""p19"": ""masiva"", ""p30"": ""valles"", ""p31"": ""pronunciados"", ""p33"": ""no"", ""p34"": ""pilares""}"
dendrogyra_cylindrus,Dendrogyra cylindrus,Coral Pilar,Meandrinidae,Escleractinio,"Colonia esférico con con grietas característica, color grisáceo.","{""p1"": ""s"", ""p4"": ""colonial"", ""p6"": ""no"", ""p19"": ""masiva"", ""p30"": ""valles"", ""p31"": ""pronunciados"", ""p33"": ""no"", ""p34"": ""pilares""}"
dendrogyra_cylindrus,Dendrogyra cylindrus,Coral Pilar,Meandrinidae,Escleractinio,"Es como bloque compacto, tiene meandros sinuosos y es gris.","{""p1"": ""s"", ""p4"": ""colonial"", ""p6"": ""no"", ""p19"": ""masiva"", ""p30"": ""valles"", ""p31"": ""pronunciados"", ""p33"": ""no"", ""p34"": ""pilares""}"
dendrogyra_cylindrus,Dendrogyra cylindrus,Coral Pilar,Meandrinidae,Escleractinio,Coral masivo con pilares rectos y gruesos. Estructura única que parece manos o dedos. Presenta color café y como esponja.,"{""p1"": ""s"", ""p4"": ""colonial"", ""p6"": ""no"", ""p19"": ""masiva"", ""p30"": ""valles"", ""p31"": ""pronunciados"", ""p33"": ""no"", ""p34"": ""pilares""}"
dendrogyra_cylindrus,Dendrogyra cylindrus,Coral Pilar,Meandrinidae,Escleractinio,"Como parece un balón pero con superficie cerebroide, textura áspera, color tierra.","{""p1"": ""s"", ""p4"": ""colonial"", ""p6"": ""no"", ""p19"": ""masiva"", ""p30"": ""valles"", ""p31"": ""pronunciados"", ""p33"": ""no"", ""p34"": ""pilares""}"
dendrogyra_cylindrus,Dendrogyra cylindrus,Coral Pilar,Meandrinidae,Escleractinio,Coral masivo con pilares rectos y gruesos. Estructura única que parece manos o dedos. Presenta marrón y superficie lisa.,"{""p1"": ""s"", ""p4"": ""colonial"", ""p6"": ""no"", ""p19"": ""masiva"", ""p30"": ""valles"", ""p31"": ""pronunciados"", ""p33"": ""no"", ""p34"": ""pilares""}"
dendrogyra_cylindrus,Dendrogyra cylindrus,Coral Pilar,Meandrinidae,Escleractinio,"como un domo, como una nuez, color piedra.","{""p1"": ""s"", ""p4"": ""colonial"", ""p6"": ""no"", ""p19"": ""masiva"", ""p30"": ""valles"", ""p31"": ""pronunciados"", ""p33"": ""no"", ""p34"": ""pilares""}"
dendrogyra_cylindrus,Dendrogyra cylindrus,Coral Pilar,Meandrinidae,Escleractinio,"Especie esférica, presenta surcos profundos, tonalidad color café.","{""p1"": ""s"", ""p4"": ""colonial"", ""p6"": ""no"", ""p19"": ""masiva"", ""p30"": ""valles"", ""p31"": ""pronunciados"", ""p33"": ""no"", ""p34"": ""pilares""}"
dendrogyra_cylindrus,Dendrogyra cylindrus,Coral Pilar,Meandrinidae,Escleractinio,"Encontré esto: parece una piedra grande, se ve surcos sinuosos, color amarillento.","{""p1"": ""s"", ""p4"": ""colonial"", ""p6"": ""no"", ""p19"": ""masiva"", ""p30"": ""valles"", ""p31"": ""pronunciados"", ""p33"": ""no"", ""p34"": ""pilares""}"
dendrogyra_cylindrus,Dendrogyra cylindrus,Coral Pilar,Meandrinidae,Escleractinio,"montículo rocoso con pinta de crestas y valles, tono color tierra.","{""p1"": ""s"", ""p4"": ""colonial"", ""p6"": ""no"", ""p19"": ""masiva"", ""p30"": ""valles"", ""p31"": ""pronunciados"", ""p33"": ""no"", ""p34"": ""pilares""}"
dendrogyra_cylindrus,Dendrogyra cylindrus,Coral Pilar,Meandrinidae,Escleractinio,Coral masivo con pilares rectos y gruesos. Estructura única que parece manos o dedos. Presenta verdoso y superficie porosa.,"{""p1"": ""s"", ""p4"": ""colonial"", ""p6"": ""no"", ""p19"": ""masiva"", ""p30"": ""valles"", ""p31"": ""pronunciados"", ""p33"": ""no"", ""p34"": ""pilares""}"
dendrogyra_cylindrus,Dendrogyra cylindrus,Coral Pilar,Meandrinidae,Escleractinio,"Como forma de roca pero con laberinto, superficie porosa, amarillento.","{""p1"": ""s"", ""p4"": ""colonial"", ""p6"": ""no"", ""p19"": ""masiva"", ""p30"": ""valles"", ""p31"": ""pronunciados"", ""p33"": ""no"", ""p34"": ""pilares""}"
dendrogyra_cylindrus,Dendrogyra cylindrus,Coral Pilar,Meandrinidae,Escleractinio,Tipo: colonias hemisféricas. Superficie: surcos profundos. Color: tonalidad verdosa.,"{""p1"": ""s"", ""p4"": ""colonial"", ""p6"": ""no"", ""p19"": ""masiva"", ""p30"": ""valles"", ""p31"": ""pronunciados"", ""p33"": ""no"", ""p34"": ""pilares""}"
dendrogyra_cylindrus,Dendrogyra cylindrus,Coral Pilar,Meandrinidae,Escleractinio,"Como parece una piedra grande pero con surcos como cerebro, poroso, color piedra.","{""p1"": ""s"", ""p4"": ""colonial"", ""p6"": ""no"", ""p19"": ""masiva"", ""p30"": ""valles"", ""p31"": ""pronunciados"", ""p33"": ""no"", ""p34"": ""pilares""}"
dendrogyra_cylindrus,Dendrogyra cylindrus,Coral Pilar,Meandrinidae,Escleractinio,Coral masivo con pilares rectos y gruesos. Estructura única que parece manos o dedos.,"{""p1"": ""s"", ""p4"": ""colonial"", ""p6"": ""no"", ""p19"": ""masiva"", ""p30"": ""valles"", ""p31"": ""pronunciados"", ""p33"": ""no"", ""p34"": ""pilares""}"
dendrogyra_cylindrus,Dendrogyra cylindrus,Coral Pilar,Meandrinidae,Escleractinio,Coral masivo con pilares rectos y gruesos. Estructura única que parece manos o dedos. Presenta color amarillento y liso.,"{""p1"": ""s"", ""p4"": ""colonial"", ""p6"": ""no"", ""p19"": ""masiva"", ""p30"": ""valles"", ""p31"": ""pronunciados"", ""p33"": ""no"", ""p34"": ""pilares""}"
dendrogyra_cylindrus,Dendrogyra cylindrus,Coral Pilar,Meandrinidae,Escleractinio,Coral masivo con pilares rectos y gruesos. Estructura única que parece manos o dedos. Presenta marrón y rugoso.,"{""p1"": ""s"", ""p4"": ""colonial"", ""p6"": ""no"", ""p19"": ""masiva"", ""p30"": ""valles"", ""p31"": ""pronunciados"", ""p33"": ""no"", ""p34"": ""pilares""}"
dendrogyra_cylindrus,Dendrogyra cylindrus,Coral Pilar,Meandrinidae,Escleractinio,Coral masivo con pilares rectos y gruesos. Estructura única que parece manos o dedos. Presenta color piedra y como una roca.,"{""p1"": ""s"", ""p4"": ""colonial"", ""p6"": ""no"", ""p19"": ""masiva"", ""p30"": ""valles"", ""p31"": ""pronunciados"", ""p33"": ""no"", ""p34"": ""pilares""}"
dendrogyra_cylindrus,Dendrogyra cylindrus,Coral Pilar,Meandrinidae,Escleractinio,"Encontré esto: redonda, se ve como un cerebro, color blanquecino.","{""p1"": ""s"", ""p4"": ""colonial"", ""p6"": ""no"", ""p19"": ""masiva"", ""p30"": ""valles"", ""p31"": ""pronunciados"", ""p33"": ""no"", ""p34"": ""pilares""}"
dendrogyra_cylindrus,Dendrogyra cylindrus,Coral Pilar,Meandrinidae,Escleractinio,"Estaba buceando y vi forma redonda con superficie cerebroide, como arena.","{""p1"": ""s"", ""p4"": ""colonial"", ""p6"": ""no"", ""p19"": ""masiva"", ""p30"": ""valles"", ""p31"": ""pronunciados"", ""p33"": ""no"", ""p34"": ""pilares""}"
dendrogyra_cylindrus,Dendrogyra cylindrus,Coral Pilar,Meandrinidae,Escleractinio,"Uno roca coralina que está duro como roca, con como laberinto.","{""p1"": ""s"", ""p4"": ""colonial"", ""p6"": ""no"", ""p19"": ""masiva"", ""p30"": ""valles"", ""p31"": ""pronunciados"", ""p33"": ""no"", ""p34"": ""pilares""}"
dendrogyra_cylindrus,Dendrogyra cylindrus,Coral Pilar,Meandrinidae,Escleractinio,"Es un coral parece una piedra grande, poroso, con laberinto de color color tierra.","{""p1"": ""s"", ""p4"": ""colonial"", ""p6"": ""no"", ""p19"": ""masiva"", ""p30"": ""valles"", ""p31"": ""pronunciados"", ""p33"": ""no"", ""p34"": ""pilares""}"
dendrogyra_cylindrus,Dendrogyra cylindrus,Coral Pilar,Meandrinidae,Escleractinio,"Coral de tipo forma de domo, superficie surcos sinuosos, superficie irregular.","{""p1"": ""s"", ""p4"": ""colonial"", ""p6"": ""no"", ""p19"": ""masiva"", ""p30"": ""valles"", ""p31"": ""pronunciados"", ""p33"": ""no"", ""p34"": ""pilares""}"
dendrogyra_cylindrus,Dendrogyra cylindrus,Coral Pilar,Meandrinidae,Escleractinio,"como un domo con pinta de meandros sinuosos, tono color amarillento.","{""p1"": ""s"", ""p4"": ""colonial"", ""p6"": ""no"", ""p19"": ""masiva"", ""p30"": ""valles"", ""p31"": ""pronunciados"", ""p33"": ""no"", ""p34"": ""pilares""}"
dendrogyra_cylindrus,Dendrogyra cylindrus,Coral Pilar,Meandrinidae,Escleractinio,"Coral de tipo como una pelota, superficie laberinto, superficie uniforme.","{""p1"": ""s"", ""p4"": ""colonial"", ""p6"": ""no"", ""p19"": ""masiva"", ""p30"": ""valles"", ""p31"": ""pronunciados"", ""p33"": ""no"", ""p34"": ""pilares""}"
dendrogyra_cylindrus,Dendrogyra cylindrus,Coral Pilar,Meandrinidae,Escleractinio,"Parece montículo rocoso con surcos profundos, verdoso.","{""p1"": ""s"", ""p4"": ""colonial"", ""p6"": ""no"", ""p19"": ""masiva"", ""p30"": ""valles"", ""p31"": ""pronunciados"", ""p33"": ""no"", ""p34"": ""pilares""}"
dendrogyra_cylindrus,Dendrogyra cylindrus,Coral Pilar,Meandrinidae,Escleractinio,Coral masivo con pilares rectos y gruesos. Estructura única que parece manos o dedos. Presenta color amarillento y superficie irregular.,"{""p1"": ""s"", ""p4"": ""colonial"", ""p6"": ""no"", ""p19"": ""masiva"", ""p30"": ""valles"", ""p31"": ""pronunciados"", ""p33"": ""no"", ""p34"": ""pilares""}"
dendrogyra_cylindrus,Dendrogyra cylindrus,Coral Pilar,Meandrinidae,Escleractinio,"Observamos redonda con valles profundos evidente, coloración como arena.","{""p1"": ""s"", ""p4"": ""colonial"", ""p6"": ""no"", ""p19"": ""masiva"", ""p30"": ""valles"", ""p31"": ""pronunciados"", ""p33"": ""no"", ""p34"": ""pilares""}"
dendrogyra_cylindrus,Dendrogyra cylindrus,Coral Pilar,Meandrinidae,Escleractinio,"Parece parece una roca con con grietas, café.","{""p1"": ""s"", ""p4"": ""colonial"", ""p6"": ""no"", ""p19"": ""masiva"", ""p30"": ""valles"", ""p31"": ""pronunciados"", ""p33"": ""no"", ""p34"": ""pilares""}"
dendrogyra_cylindrus,Dendrogyra cylindrus,Coral Pilar,Meandrinidae,Escleractinio,"Parece esfera rocosa con valles y colinas, color café claro.","{""p1"": ""s"", ""p4"": ""colonial"", ""p6"": ""no"", ""p19"": ""masiva"", ""p30"": ""valles"", ""p31"": ""pronunciados"", ""p33"": ""no"", ""p34"": ""pilares""}"
dendrogyra_cylindrus,Dendrogyra cylindrus,Coral Pilar,Meandrinidae,Escleractinio,Coral masivo con pilares rectos y gruesos. Estructura única que parece manos o dedos. Presenta beige y esqueleto calcáreo.,"{""p1"": ""s"", ""p4"": ""colonial"", ""p6"": ""no"", ""p19"": ""masiva"", ""p30"": ""valles"", ""p31"": ""pronunciados"", ""p33"": ""no"", ""p34"": ""pilares""}"
dendrogyra_cylindrus,Dendrogyra cylindrus,Coral Pilar,Meandrinidae,Escleractinio,"Coral de tipo como un domo, superficie valles profundos, superficie uniforme.","{""p1"": ""s"", ""p4"": ""colonial"", ""p6"": ""no"", ""p19"": ""masiva"", ""p30"": ""valles"", ""p31"": ""pronunciados"", ""p33"": ""no"", ""p34"": ""pilares""}"
dendrogyra_cylindrus,Dendrogyra cylindrus,Coral Pilar,Meandrinidae,Escleractinio,Forma: parece una roca. Textura: como laberinto. Tono: color grisáceo.,"{""p1"": ""s"", ""p4"": ""colonial"", ""p6"": ""no"", ""p19"": ""masiva"", ""p30"": ""valles"", ""p31"": ""pronunciados"", ""p33"": ""no"", ""p34"": ""pilares""}"
dendrogyra_cylindrus,Dendrogyra cylindrus,Coral Pilar,Meandrinidae,Escleractinio,"Colonia crecimiento macizo con con surcos característica, color grisáceo.","{""p1"": ""s"", ""p4"": ""colonial"", ""p6"": ""no"", ""p19"": ""masiva"", ""p30"": ""valles"", ""p31"": ""pronunciados"", ""p33"": ""no"", ""p34"": ""pilares""}"
dendrogyra_cylindrus,Dendrogyra cylindrus,Coral Pilar,Meandrinidae,Escleractinio,"Vi un coral parece una piedra grande, tiene como un cerebro, parece color café.","{""p1"": ""s"", ""p4"": ""colonial"", ""p6"": ""no"", ""p19"": ""masiva"", ""p30"": ""valles"", ""p31"": ""pronunciados"", ""p33"": ""no"", ""p34"": ""pilares""}"
dendrogyra_cylindrus,Dendrogyra cylindrus,Coral Pilar,Meandrinidae,Escleractinio,"roca coralina con pinta de valles y colinas, tono color café claro.","{""p1"": ""s"", ""p4"": ""colonial"", ""p6"": ""no"", ""p19"": ""masiva"", ""p30"": ""valles"", ""p31"": ""pronunciados"", ""p33"": ""no"", ""p34"": ""pilares""}"
dendrogyra_cylindrus,Dendrogyra cylindrus,Coral Pilar,Meandrinidae,Escleractinio,"Vi un coral forma redonda, tiene surcos profundos, parece color marrón claro.","{""p1"": ""s"", ""p4"": ""colonial"", ""p6"": ""no"", ""p19"": ""masiva"", ""p30"": ""valles"", ""p31"": ""pronunciados"", ""p33"": ""no"", ""p34"": ""pilares""}"
dendrogyra_cylindrus,Dendrogyra cylindrus,Coral Pilar,Meandrinidae,Escleractinio,"Colonia montículo rocoso con valles y colinas característica, gris.","{""p1"": ""s"", ""p4"": ""colonial"", ""p6"": ""no"", ""p19"": ""masiva"", ""p30"": ""valles"", ""p31"": ""pronunciados"", ""p33"": ""no"", ""p34"": ""pilares""}"
dendrogyra_cylindrus,Dendrogyra cylindrus,Coral Pilar,Meandrinidae,Escleractinio,Coral masivo con pilares rectos y gruesos. Estructura única que parece manos o dedos. Presenta color tierra y superficie uniforme.,"{""p1"": ""s"", ""p4"": ""colonial"", ""p6"": ""no"", ""p19"": ""masiva"", ""p30"": ""valles"", ""p31"": ""pronunciados"", ""p33"": ""no"", ""p34"": ""pilares""}"
dendrogyra_cylindrus,Dendrogyra cylindrus,Coral Pilar,Meandrinidae,Escleractinio,Un coral parece una roca que tiene surcos sinuosos y es áspero al tacto.,"{""p1"": ""s"", ""p4"": ""colonial"", ""p6"": ""no"", ""p19"": ""masiva"", ""p30"": ""valles"", ""p31"": ""pronunciados"", ""p33"": ""no"", ""p34"": ""pilares""}"
dendrogyra_cylindrus,Dendrogyra cylindrus,Coral Pilar,Meandrinidae,Escleractinio,Coral masivo con pilares rectos y gruesos. Estructura única que parece manos o dedos. Presenta café y textura áspera.,"{""p1"": ""s"", ""p4"": ""colonial"", ""p6"": ""no"", ""p19"": ""masiva"", ""p30"": ""valles"", ""p31"": ""pronunciados"", ""p33"": ""no"", ""p34"": ""pilares""}"
dendrogyra_cylindrus,Dendrogyra cylindrus,Coral Pilar,Meandrinidae,Escleractinio,"Observamos parece un balón con surcos profundos evidente, coloración color marrón.","{""p1"": ""s"", ""p4"": ""colonial"", ""p6"": ""no"", ""p19"": ""masiva"", ""p30"": ""valles"", ""p31"": ""pronunciados"", ""p33"": ""no"", ""p34"": ""pilares""}"
dendrogyra_cylindrus,Dendrogyra cylindrus,Coral Pilar,Meandrinidae,Escleractinio,"redonda con pinta de valles y colinas, tono verdoso.","{""p1"": ""s"", ""p4"": ""colonial"", ""p6"": ""no"", ""p19"": ""masiva"", ""p30"": ""valles"", ""p31"": ""pronunciados"", ""p33"": ""no"", ""p34"": ""pilares""}"
dendrogyra_cylindrus,Dendrogyra cylindrus,Coral Pilar,Meandrinidae,Escleractinio,Coral masivo con pilares rectos y gruesos. Estructura única que parece manos o dedos. Presenta tonalidad verdosa y áspero al tacto.,"{""p1"": ""s"", ""p4"": ""colonial"", ""p6"": ""no"", ""p19"": ""masiva"", ""p30"": ""valles"", ""p31"": ""pronunciados"", ""p33"": ""no"", ""p34"": ""pilares""}"
dendrogyra_cylindrus,Dendrogyra cylindrus,Coral Pilar,Meandrinidae,Escleractinio,Coral masivo con pilares rectos y gruesos. Estructura única que parece manos o dedos. Presenta café y superficie uniforme.,"{""p1"": ""s"", ""p4"": ""colonial"", ""p6"": ""no"", ""p19"": ""masiva"", ""p30"": ""valles"", ""p31"": ""pronunciados"", ""p33"": ""no"", ""p34"": ""pilares""}"
dendrogyra_cylindrus,Dendrogyra cylindrus,Coral Pilar,Meandrinidae,Escleractinio,Coral masivo con pilares rectos y gruesos. Estructura única que parece manos o dedos. Presenta color marrón claro y superficie lisa.,"{""p1"": ""s"", ""p4"": ""colonial"", ""p6"": ""no"", ""p19"": ""masiva"", ""p30"": ""valles"", ""p31"": ""pronunciados"", ""p33"": ""no"", ""p34"": ""pilares""}"
meandrina_meandrites,Meandrina meandrites,Coral Cerebro,Meandrinidae,Escleractinio,"Como esférica pero con surcos sinuosos, poroso, crema.","{""p1"": ""s"", ""p4"": ""colonial"", ""p6"": ""no"", ""p19"": ""masiva"", ""p30"": ""valles"", ""p31"": ""pronunciados"", ""p33"": ""no"", ""p34"": ""hemisferica""}"
meandrina_meandrites,Meandrina meandrites,Coral Cerebro,Meandrinidae,Escleractinio,"Parece forma de domo con meandros sinuosos, color marrón.","{""p1"": ""s"", ""p4"": ""colonial"", ""p6"": ""no"", ""p19"": ""masiva"", ""p30"": ""valles"", ""p31"": ""pronunciados"", ""p33"": ""no"", ""p34"": ""hemisferica""}"
meandrina_meandrites,Meandrina meandrites,Coral Cerebro,Meandrinidae,Escleractinio,"Colonia parece un balón con valles y colinas característica, verdoso.","{""p1"": ""s"", ""p4"": ""colonial"", ""p6"": ""no"", ""p19"": ""masiva"", ""p30"": ""valles"", ""p31"": ""pronunciados"", ""p33"": ""no"", ""p34"": ""hemisferica""}"
meandrina_meandrites,Meandrina meandrites,Coral Cerebro,Meandrinidae,Escleractinio,Un coral redondo que tiene se ve como un cerebro y es superficie porosa.,"{""p1"": ""s"", ""p4"": ""colonial"", ""p6"": ""no"", ""p19"": ""masiva"", ""p30"": ""valles"", ""p31"": ""pronunciados"", ""p33"": ""no"", ""p34"": ""hemisferica""}"
meandrina_meandrites,Meandrina meandrites,Coral Cerebro,Meandrinidae,Escleractinio,Coral masivo hemisférico con valles pronunciados. Septos no dentados. Presenta café y como esponja.,"{""p1"": ""s"", ""p4"": ""colonial"", ""p6"": ""no"", ""p19"": ""masiva"", ""p30"": ""valles"", ""p31"": ""pronunciados"", ""p33"": ""no"", ""p34"": ""hemisferica""}"
meandrina_meandrites,Meandrina meandrites,Coral Cerebro,Meandrinidae,Escleractinio,"Especie redonda, presenta como laberinto, tonalidad color grisáceo.","{""p1"": ""s"", ""p4"": ""colonial"", ""p6"": ""no"", ""p19"": ""masiva"", ""p30"": ""valles"", ""p31"": ""pronunciados"", ""p33"": ""no"", ""p34"": ""hemisferica""}"
meandrina_meandrites,Meandrina meandrites,Coral Cerebro,Meandrinidae,Escleractinio,"Encontré esto: parece una roca, se ve laberinto, color gris.","{""p1"": ""s"", ""p4"": ""colonial"", ""p6"": ""no"", ""p19"": ""masiva"", ""p30"": ""valles"", ""p31"": ""pronunciados"", ""p33"": ""no"", ""p34"": ""hemisferica""}"
meandrina_meandrites,Meandrina meandrites,Coral Cerebro,Meandrinidae,Escleractinio,Coral masivo hemisférico con valles pronunciados. Septos no dentados. Presenta color café y liso.,"{""p1"": ""s"", ""p4"": ""colonial"", ""p6"": ""no"", ""p19"": ""masiva"", ""p30"": ""valles"", ""p31"": ""pronunciados"", ""p33"": ""no"", ""p34"": ""hemisferica""}"
meandrina_meandrites,Meandrina meandrites,Coral Cerebro,Meandrinidae,Escleractinio,"Colonia como una bola con surcos sinuosos característica, gris.","{""p1"": ""s"", ""p4"": ""colonial"", ""p6"": ""no"", ""p19"": ""masiva"", ""p30"": ""valles"", ""p31"": ""pronunciados"", ""p33"": ""no"", ""p34"": ""hemisferica""}"
meandrina_meandrites,Meandrina meandrites,Coral Cerebro,Meandrinidae,Escleractinio,Un coral forma de domo que tiene forma de cerebro y es superficie porosa.,"{""p1"": ""s"", ""p4"": ""colonial"", ""p6"": ""no"", ""p19"": ""masiva"", ""p30"": ""valles"", ""p31"": ""pronunciados"", ""p33"": ""no"", ""p34"": ""hemisferica""}"
meandrina_meandrites,Meandrina meandrites,Coral Cerebro,Meandrinidae,Escleractinio,Coral masivo hemisférico con valles pronunciados. Septos no dentados. Presenta color piedra y superficie lisa.,"{""p1"": ""s"", ""p4"": ""colonial"", ""p6"": ""no"", ""p19"": ""masiva"", ""p30"": ""valles"", ""p31"": ""pronunciados"", ""p33"": ""no"", ""p34"": ""hemisferica""}"
meandrina_meandrites,Meandrina meandrites,Coral Cerebro,Meandrinidae,Escleractinio,Coral masivo hemisférico con valles pronunciados. Septos no dentados. Presenta color grisáceo y duro como roca.,"{""p1"": ""s"", ""p4"": ""colonial"", ""p6"": ""no"", ""p19"": ""masiva"", ""p30"": ""valles"", ""p31"": ""pronunciados"", ""p33"": ""no"", ""p34"": ""hemisferica""}"
meandrina_meandrites,Meandrina meandrites,Coral Cerebro,Meandrinidae,Escleractinio,Coral masivo hemisférico con valles pronunciados. Septos no dentados. Presenta crema y superficie uniforme.,"{""p1"": ""s"", ""p4"": ""colonial"", ""p6"": ""no"", ""p19"": ""masiva"", ""p30"": ""valles"", ""p31"": ""pronunciados"", ""p33"": ""no"", ""p34"": ""hemisferica""}"
meandrina_meandrites,Meandrina meandrites,Coral Cerebro,Meandrinidae,Escleractinio,"Vi un coral redonda, tiene como laberinto, parece tonalidad verdosa.","{""p1"": ""s"", ""p4"": ""colonial"", ""p6"": ""no"", ""p19"": ""masiva"", ""p30"": ""valles"", ""p31"": ""pronunciados"", ""p33"": ""no"", ""p34"": ""hemisferica""}"
meandrina_meandrites,Meandrina meandrites,Coral Cerebro,Meandrinidae,Escleractinio,Coral masivo hemisférico con valles pronunciados. Septos no dentados. Presenta café y como una roca.,"{""p1"": ""s"", ""p4"": ""colonial"", ""p6"": ""no"", ""p19"": ""masiva"", ""p30"": ""valles"", ""p31"": ""pronunciados"", ""p33"": ""no"", ""p34"": ""hemisferica""}"
meandrina_meandrites,Meandrina meandrites,Coral Cerebro,Meandrinidae,Escleractinio,Coral masivo hemisférico con valles pronunciados. Septos no dentados. Presenta color tierra y superficie lisa.,"{""p1"": ""s"", ""p4"": ""colonial"", ""p6"": ""no"", ""p19"": ""masiva"", ""p30"": ""valles"", ""p31"": ""pronunciados"", ""p33"": ""no"", ""p34"": ""hemisferica""}"
meandrina_meandrites,Meandrina meandrites,Coral Cerebro,Meandrinidae,Escleractinio,Coral masivo hemisférico con valles pronunciados. Septos no dentados. Presenta color tierra y superficie uniforme.,"{""p1"": ""s"", ""p4"": ""colonial"", ""p6"": ""no"", ""p19"": ""masiva"", ""p30"": ""valles"", ""p31"": ""pronunciados"", ""p33"": ""no"", ""p34"": ""hemisferica""}"
meandrina_meandrites,Meandrina meandrites,Coral Cerebro,Meandrinidae,Escleractinio,Un coral estructura globosa que tiene como una nuez y es colonias densas.,"{""p1"": ""s"", ""p4"": ""colonial"", ""p6"": ""no"", ""p19"": ""masiva"", ""p30"": ""valles"", ""p31"": ""pronunciados"", ""p33"": ""no"", ""p34"": ""hemisferica""}"
meandrina_meandrites,Meandrina meandrites,Coral Cerebro,Meandrinidae,Escleractinio,"parece una piedra grande con pinta de parece un cerebro, tono color grisáceo.","{""p1"": ""s"", ""p4"": ""colonial"", ""p6"": ""no"", ""p19"": ""masiva"", ""p30"": ""valles"", ""p31"": ""pronunciados"", ""p33"": ""no"", ""p34"": ""hemisferica""}"
meandrina_meandrites,Meandrina meandrites,Coral Cerebro,Meandrinidae,Escleractinio,Un coral crecimiento macizo que tiene como laberinto y es como una roca.,"{""p1"": ""s"", ""p4"": ""colonial"", ""p6"": ""no"", ""p19"": ""masiva"", ""p30"": ""valles"", ""p31"": ""pronunciados"", ""p33"": ""no"", ""p34"": ""hemisferica""}"
meandrina_meandrites,Meandrina meandrites,Coral Cerebro,Meandrinidae,Escleractinio,"Es un coral parece una roca, superficie lisa, con surcos profundos de color amarillento.","{""p1"": ""s"", ""p4"": ""colonial"", ""p6"": ""no"", ""p19"": ""masiva"", ""p30"": ""valles"", ""p31"": ""pronunciados"", ""p33"": ""no"", ""p34"": ""hemisferica""}"
meandrina_meandrites,Meandrina meandrites,Coral Cerebro,Meandrinidae,Escleractinio,"Es como coral masivo, tiene surcos profundos y es color tierra.","{""p1"": ""s"", ""p4"": ""colonial"", ""p6"": ""no"", ""p19"": ""masiva"", ""p30"": ""valles"", ""p31"": ""pronunciados"", ""p33"": ""no"", ""p34"": ""hemisferica""}"
meandrina_meandrites,Meandrina meandrites,Coral Cerebro,Meandrinidae,Escleractinio,"Es como esférico, tiene con grietas y es color piedra.","{""p1"": ""s"", ""p4"": ""colonial"", ""p6"": ""no"", ""p19"": ""masiva"", ""p30"": ""valles"", ""p31"": ""pronunciados"", ""p33"": ""no"", ""p34"": ""hemisferica""}"
meandrina_meandrites,Meandrina meandrites,Coral Cerebro,Meandrinidae,Escleractinio,"Vi un coral como una pelota, tiene surcos sinuosos, parece color amarillento.","{""p1"": ""s"", ""p4"": ""colonial"", ""p6"": ""no"", ""p19"": ""masiva"", ""p30"": ""valles"", ""p31"": ""pronunciados"", ""p33"": ""no"", ""p34"": ""hemisferica""}"
meandrina_meandrites,Meandrina meandrites,Coral Cerebro,Meandrinidae,Escleractinio,"Parece parece un balón con con canales, gris.","{""p1"": ""s"", ""p4"": ""colonial"", ""p6"": ""no"", ""p19"": ""masiva"", ""p30"": ""valles"", ""p31"": ""pronunciados"", ""p33"": ""no"", ""p34"": ""hemisferica""}"
meandrina_meandrites,Meandrina meandrites,Coral Cerebro,Meandrinidae,Escleractinio,Coral masivo hemisférico con valles pronunciados. Septos no dentados. Presenta amarillento y duro como roca.,"{""p1"": ""s"", ""p4"": ""colonial"", ""p6"": ""no"", ""p19"": ""masiva"", ""p30"": ""valles"", ""p31"": ""pronunciados"", ""p33"": ""no"", ""p34"": ""hemisferica""}"
meandrina_meandrites,Meandrina meandrites,Coral Cerebro,Meandrinidae,Escleractinio,Coral masivo hemisférico con valles pronunciados. Septos no dentados. Presenta gris y superficie uniforme.,"{""p1"": ""s"", ""p4"": ""colonial"", ""p6"": ""no"", ""p19"": ""masiva"", ""p30"": ""valles"", ""p31"": ""pronunciados"", ""p33"": ""no"", ""p34"": ""hemisferica""}"
meandrina_meandrites,Meandrina meandrites,Coral Cerebro,Meandrinidae,Escleractinio,"Observamos esfera rocosa con crestas y valles evidente, coloración color piedra.","{""p1"": ""s"", ""p4"": ""colonial"", ""p6"": ""no"", ""p19"": ""masiva"", ""p30"": ""valles"", ""p31"": ""pronunciados"", ""p33"": ""no"", ""p34"": ""hemisferica""}"
meandrina_meandrites,Meandrina meandrites,Coral Cerebro,Meandrinidae,Escleractinio,Tipo: roca viva. Superficie: laberinto. Color: color marrón.,"{""p1"": ""s"", ""p4"": ""colonial"", ""p6"": ""no"", ""p19"": ""masiva"", ""p30"": ""valles"", ""p31"": ""pronunciados"", ""p33"": ""no"", ""p34"": ""hemisferica""}"
meandrina_meandrites,Meandrina meandrites,Coral Cerebro,Meandrinidae,Escleractinio,"Especie roca viva, presenta surcos profundos, tonalidad beige.","{""p1"": ""s"", ""p4"": ""colonial"", ""p6"": ""no"", ""p19"": ""masiva"", ""p30"": ""valles"", ""p31"": ""pronunciados"", ""p33"": ""no"", ""p34"": ""hemisferica""}"
meandrina_meandrites,Meandrina meandrites,Coral Cerebro,Meandrinidae,Escleractinio,"Encontré esto: estructura globosa, se ve superficie cerebroide, color color arena.","{""p1"": ""s"", ""p4"": ""colonial"", ""p6"": ""no"", ""p19"": ""masiva"", ""p30"": ""valles"", ""p31"": ""pronunciados"", ""p33"": ""no"", ""p34"": ""hemisferica""}"
meandrina_meandrites,Meandrina meandrites,Coral Cerebro,Meandrinidae,Escleractinio,Coral masivo hemisférico con valles pronunciados. Septos no dentados. Presenta color arena y como una roca.,"{""p1"": ""s"", ""p4"": ""colonial"", ""p6"": ""no"", ""p19"": ""masiva"", ""p30"": ""valles"", ""p31"": ""pronunciados"", ""p33"": ""no"", ""p34"": ""hemisferica""}"
meandrina_meandrites,Meandrina meandrites,Coral Cerebro,Meandrinidae,Escleractinio,Coral masivo hemisférico con valles pronunciados. Septos no dentados.,"{""p1"": ""s"", ""p4"": ""colonial"", ""p6"": ""no"", ""p19"": ""masiva"", ""p30"": ""valles"", ""p31"": ""pronunciados"", ""p33"": ""no"", ""p34"": ""hemisferica""}"
meandrina_meandrites,Meandrina meandrites,Coral Cerebro,Meandrinidae,Escleractinio,"Es un coral como una pelota, como esponja, con como laberinto de color tonalidad verdosa.","{""p1"": ""s"", ""p4"": ""colonial"", ""p6"": ""no"", ""p19"": ""masiva"", ""p30"": ""valles"", ""p31"": ""pronunciados"", ""p33"": ""no"", ""p34"": ""hemisferica""}"
meandrina_meandrites,Meandrina meandrites,Coral Cerebro,Meandrinidae,Escleractinio,"Uno forma de roca que está superficie lisa, con surcos sinuosos.","{""p1"": ""s"", ""p4"": ""colonial"", ""p6"": ""no"", ""p19"": ""masiva"", ""p30"": ""valles"", ""p31"": ""pronunciados"", ""p33"": ""no"", ""p34"": ""hemisferica""}"
meandrina_meandrites,Meandrina meandrites,Coral Cerebro,Meandrinidae,Escleractinio,"Especie roca coralina, presenta valles sinuosos, tonalidad café.","{""p1"": ""s"", ""p4"": ""colonial"", ""p6"": ""no"", ""p19"": ""masiva"", ""p30"": ""valles"", ""p31"": ""pronunciados"", ""p33"": ""no"", ""p34"": ""hemisferica""}"
meandrina_meandrites,Meandrina meandrites,Coral Cerebro,Meandrinidae,Escleractinio,"Encontré esto: esfera rocosa, se ve con grietas, color blanquecino.","{""p1"": ""s"", ""p4"": ""colonial"", ""p6"": ""no"", ""p19"": ""masiva"", ""p30"": ""valles"", ""p31"": ""pronunciados"", ""p33"": ""no"", ""p34"": ""hemisferica""}"
meandrina_meandrites,Meandrina meandrites,Coral Cerebro,Meandrinidae,Escleractinio,"Especie parece una piedra grande, presenta crestas y valles, tonalidad color grisáceo.","{""p1"": ""s"", ""p4"": ""colonial"", ""p6"": ""no"", ""p19"": ""masiva"", ""p30"": ""valles"", ""p31"": ""pronunciados"", ""p33"": ""no"", ""p34"": ""hemisferica""}"
meandrina_meandrites,Meandrina meandrites,Coral Cerebro,Meandrinidae,Escleractinio,Coral masivo hemisférico con valles pronunciados. Septos no dentados. Presenta color café claro y superficie irregular.,"{""p1"": ""s"", ""p4"": ""colonial"", ""p6"": ""no"", ""p19"": ""masiva"", ""p30"": ""valles"", ""p31"": ""pronunciados"", ""p33"": ""no"", ""p34"": ""hemisferica""}"
meandrina_meandrites,Meandrina meandrites,Coral Cerebro,Meandrinidae,Escleractinio,"Especie roca coralina, presenta meandros sinuosos, tonalidad gris.","{""p1"": ""s"", ""p4"": ""colonial"", ""p6"": ""no"", ""p19"": ""masiva"", ""p30"": ""valles"", ""p31"": ""pronunciados"", ""p33"": ""no"", ""p34"": ""hemisferica""}"
meandrina_meandrites,Meandrina meandrites,Coral Cerebro,Meandrinidae,Escleractinio,Coral masivo hemisférico con valles pronunciados. Septos no dentados. Presenta color arena y rugoso.,"{""p1"": ""s"", ""p4"": ""colonial"", ""p6"": ""no"", ""p19"": ""masiva"", ""p30"": ""valles"", ""p31"": ""pronunciados"", ""p33"": ""no"", ""p34"": ""hemisferica""}"
meandrina_meandrites,Meandrina meandrites,Coral Cerebro,Meandrinidae,Escleractinio,"como un montículo con pinta de surcos como cerebro, tono amarillento.","{""p1"": ""s"", ""p4"": ""colonial"", ""p6"": ""no"", ""p19"": ""masiva"", ""p30"": ""valles"", ""p31"": ""pronunciados"", ""p33"": ""no"", ""p34"": ""hemisferica""}"
meandrina_meandrites,Meandrina meandrites,Coral Cerebro,Meandrinidae,Escleractinio,"bloque compacto con pinta de como un cerebro, tono gris.","{""p1"": ""s"", ""p4"": ""colonial"", ""p6"": ""no"", ""p19"": ""masiva"", ""p30"": ""valles"", ""p31"": ""pronunciados"", ""p33"": ""no"", ""p34"": ""hemisferica""}"
meandrina_meandrites,Meandrina meandrites,Coral Cerebro,Meandrinidae,Escleractinio,Coral masivo hemisférico con valles pronunciados. Septos no dentados. Presenta blanquecino y duro como roca.,"{""p1"": ""s"", ""p4"": ""colonial"", ""p6"": ""no"", ""p19"": ""masiva"", ""p30"": ""valles"", ""p31"": ""pronunciados"", ""p33"": ""no"", ""p34"": ""hemisferica""}"
meandrina_meandrites,Meandrina meandrites,Coral Cerebro,Meandrinidae,Escleractinio,"Vi un coral forma de domo, tiene laberinto, parece color grisáceo.","{""p1"": ""s"", ""p4"": ""colonial"", ""p6"": ""no"", ""p19"": ""masiva"", ""p30"": ""valles"", ""p31"": ""pronunciados"", ""p33"": ""no"", ""p34"": ""hemisferica""}"
meandrina_meandrites,Meandrina meandrites,Coral Cerebro,Meandrinidae,Escleractinio,"Estaba buceando y vi parece una piedra grande con con canales, verdoso.","{""p1"": ""s"", ""p4"": ""colonial"", ""p6"": ""no"", ""p19"": ""masiva"", ""p30"": ""valles"", ""p31"": ""pronunciados"", ""p33"": ""no"", ""p34"": ""hemisferica""}"
meandrina_meandrites,Meandrina meandrites,Coral Cerebro,Meandrinidae,Escleractinio,"Uno roca viva que está esqueleto calcáreo, con valles y colinas.","{""p1"": ""s"", ""p4"": ""colonial"", ""p6"": ""no"", ""p19"": ""masiva"", ""p30"": ""valles"", ""p31"": ""pronunciados"", ""p33"": ""no"", ""p34"": ""hemisferica""}"
meandrina_meandrites,Meandrina meandrites,Coral Cerebro,Meandrinidae,Escleractinio,Forma: forma redonda. Textura: valles sinuosos. Tono: crema.,"{""p1"": ""s"", ""p4"": ""colonial"", ""p6"": ""no"", ""p19"": ""masiva"", ""p30"": ""valles"", ""p31"": ""pronunciados"", ""p33"": ""no"", ""p34"": ""hemisferica""}"
meandrina_meandrites,Meandrina meandrites,Coral Cerebro,Meandrinidae,Escleractinio,"roca viva, surcos, color tierra.","{""p1"": ""s"", ""p4"": ""colonial"", ""p6"": ""no"", ""p19"": ""masiva"", ""p30"": ""valles"", ""p31"": ""pronunciados"", ""p33"": ""no"", ""p34"": ""hemisferica""}"
meandrina_meandrites,Meandrina meandrites,Coral Cerebro,Meandrinidae,Escleractinio,Coral masivo hemisférico con valles pronunciados. Septos no dentados. Presenta amarillento y como una roca.,"{""p1"": ""s"", ""p4"": ""colonial"", ""p6"": ""no"", ""p19"": ""masiva"", ""p30"": ""valles"", ""p31"": ""pronunciados"", ""p33"": ""no"", ""p34"": ""hemisferica""}"
meandrina_meandrites,Meandrina meandrites,Coral Cerebro,Meandrinidae,Escleractinio,"Encontré esto: redondo, se ve como un cerebro, color color arena.","{""p1"": ""s"", ""p4"": ""colonial"", ""p6"": ""no"", ""p19"": ""masiva"", ""p30"": ""valles"", ""p31"": ""pronunciados"", ""p33"": ""no"", ""p34"": ""hemisferica""}"
eusmilia_fastigiata,Eusmilia fastigiata,Coral Flor de Copa,Meandrinidae,Escleractinio,Coral ramificado con copas ovales en las puntas. Escleroseptos de bordes lisos. Presenta amarillento y textura áspera y hoyitos en las puntas.,"{""p1"": ""s"", ""p4"": ""colonial"", ""p6"": ""ramificado"", ""p7"": ""puntas"", ""p8"": ""grandes"", ""p9"": ""ovales""}"
eusmilia_fastigiata,Eusmilia fastigiata,Coral Flor de Copa,Meandrinidae,Escleractinio,Coral ramificado con copas ovales en las puntas. Escleroseptos de bordes lisos. Presenta color amarillento y duro como roca y hoyitos en las puntas.,"{""p1"": ""s"", ""p4"": ""colonial"", ""p6"": ""ramificado"", ""p7"": ""puntas"", ""p8"": ""grandes"", ""p9"": ""ovales""}"
eusmilia_fastigiata,Eusmilia fastigiata,Coral Flor de Copa,Meandrinidae,Escleractinio,Coral ramificado con copas ovales en las puntas. Escleroseptos de bordes lisos. Presenta beige y superficie rugosa y hoyitos en las puntas.,"{""p1"": ""s"", ""p4"": ""colonial"", ""p6"": ""ramificado"", ""p7"": ""puntas"", ""p8"": ""grandes"", ""p9"": ""ovales""}"
eusmilia_fastigiata,Eusmilia fastigiata,Coral Flor de Copa,Meandrinidae,Escleractinio,Un coral coral de dedos que es textura áspera y coralitos concentrados en los extremos.,"{""p1"": ""s"", ""p4"": ""colonial"", ""p6"": ""ramificado"", ""p7"": ""puntas"", ""p8"": ""grandes"", ""p9"": ""ovales""}"
eusmilia_fastigiata,Eusmilia fastigiata,Coral Flor de Copa,Meandrinidae,Escleractinio,"Especie con muchas ramificaciones, tonalidad color marrón claro y coralitos en las puntas.","{""p1"": ""s"", ""p4"": ""colonial"", ""p6"": ""ramificado"", ""p7"": ""puntas"", ""p8"": ""grandes"", ""p9"": ""ovales""}"
eusmilia_fastigiata,Eusmilia fastigiata,Coral Flor de Copa,Meandrinidae,Escleractinio,"Vi un coral ramas finas, parece color grisáceo y copas en los extremos de las ramas.","{""p1"": ""s"", ""p4"": ""colonial"", ""p6"": ""ramificado"", ""p7"": ""puntas"", ""p8"": ""grandes"", ""p9"": ""ovales""}"
eusmilia_fastigiata,Eusmilia fastigiata,Coral Flor de Copa,Meandrinidae,Escleractinio,"Especie ramas como cuernos, tonalidad color café claro y coralitos en las puntas.","{""p1"": ""s"", ""p4"": ""colonial"", ""p6"": ""ramificado"", ""p7"": ""puntas"", ""p8"": ""grandes"", ""p9"": ""ovales""}"
eusmilia_fastigiata,Eusmilia fastigiata,Coral Flor de Copa,Meandrinidae,Escleractinio,Coral ramificado con copas ovales en las puntas. Escleroseptos de bordes lisos. Presenta beige y esqueleto calcáreo y hoyitos en las puntas.,"{""p1"": ""s"", ""p4"": ""colonial"", ""p6"": ""ramificado"", ""p7"": ""puntas"", ""p8"": ""grandes"", ""p9"": ""ovales""}"
eusmilia_fastigiata,Eusmilia fastigiata,Coral Flor de Copa,Meandrinidae,Escleractinio,"Coral de tipo ramas, poroso y hoyitos solo en las puntas de las ramas.","{""p1"": ""s"", ""p4"": ""colonial"", ""p6"": ""ramificado"", ""p7"": ""puntas"", ""p8"": ""grandes"", ""p9"": ""ovales""}"
eusmilia_fastigiata,Eusmilia fastigiata,Coral Flor de Copa,Meandrinidae,Escleractinio,Coral ramificado con copas ovales en las puntas. Escleroseptos de bordes lisos. Presenta beige y superficie lisa y coralitos en las puntas.,"{""p1"": ""s"", ""p4"": ""colonial"", ""p6"": ""ramificado"", ""p7"": ""puntas"", ""p8"": ""grandes"", ""p9"": ""ovales""}"
eusmilia_fastigiata,Eusmilia fastigiata,Coral Flor de Copa,Meandrinidae,Escleractinio,Coral ramificado con copas ovales en las puntas. Escleroseptos de bordes lisos. Presenta color amarillento y liso y hoyitos solo en las puntas de las ramas.,"{""p1"": ""s"", ""p4"": ""colonial"", ""p6"": ""ramificado"", ""p7"": ""puntas"", ""p8"": ""grandes"", ""p9"": ""ovales""}"
eusmilia_fastigiata,Eusmilia fastigiata,Coral Flor de Copa,Meandrinidae,Escleractinio,Coral ramificado con copas ovales en las puntas. Escleroseptos de bordes lisos. Presenta café y rugoso y hoyitos en las puntas.,"{""p1"": ""s"", ""p4"": ""colonial"", ""p6"": ""ramificado"", ""p7"": ""puntas"", ""p8"": ""grandes"", ""p9"": ""ovales""}"
eusmilia_fastigiata,Eusmilia fastigiata,Coral Flor de Copa,Meandrinidae,Escleractinio,"Coral de tipo estructura ramificada, como esponja y hoyitos solo en las puntas de las ramas.","{""p1"": ""s"", ""p4"": ""colonial"", ""p6"": ""ramificado"", ""p7"": ""puntas"", ""p8"": ""grandes"", ""p9"": ""ovales""}"
eusmilia_fastigiata,Eusmilia fastigiata,Coral Flor de Copa,Meandrinidae,Escleractinio,"Estaba buceando y vi crecimiento arbustivo, como arena y copas en los extremos de las ramas.","{""p1"": ""s"", ""p4"": ""colonial"", ""p6"": ""ramificado"", ""p7"": ""puntas"", ""p8"": ""grandes"", ""p9"": ""ovales""}"
eusmilia_fastigiata,Eusmilia fastigiata,Coral Flor de Copa,Meandrinidae,Escleractinio,"Coral de tipo coral ramificado, rugoso y hoyitos solo en las puntas de las ramas.","{""p1"": ""s"", ""p4"": ""colonial"", ""p6"": ""ramificado"", ""p7"": ""puntas"", ""p8"": ""grandes"", ""p9"": ""ovales""}"
eusmilia_fastigiata,Eusmilia fastigiata,Coral Flor de Copa,Meandrinidae,Escleractinio,Coral ramificado con copas ovales en las puntas. Escleroseptos de bordes lisos. Presenta crema y como esponja y coralitos concentrados en los extremos.,"{""p1"": ""s"", ""p4"": ""colonial"", ""p6"": ""ramificado"", ""p7"": ""puntas"", ""p8"": ""grandes"", ""p9"": ""ovales""}"
eusmilia_fastigiata,Eusmilia fastigiata,Coral Flor de Copa,Meandrinidae,Escleractinio,Observamos parece un arbusto con coloración gris y coralitos en las puntas.,"{""p1"": ""s"", ""p4"": ""colonial"", ""p6"": ""ramificado"", ""p7"": ""puntas"", ""p8"": ""grandes"", ""p9"": ""ovales""}"
eusmilia_fastigiata,Eusmilia fastigiata,Coral Flor de Copa,Meandrinidae,Escleractinio,Coral ramificado con copas ovales en las puntas. Escleroseptos de bordes lisos. Presenta beige y colonias densas y copas en los extremos de las ramas.,"{""p1"": ""s"", ""p4"": ""colonial"", ""p6"": ""ramificado"", ""p7"": ""puntas"", ""p8"": ""grandes"", ""p9"": ""ovales""}"
eusmilia_fastigiata,Eusmilia fastigiata,Coral Flor de Copa,Meandrinidae,Escleractinio,"Colonia con muchas ramificaciones característica, color piedra y hoyitos en las puntas.","{""p1"": ""s"", ""p4"": ""colonial"", ""p6"": ""ramificado"", ""p7"": ""puntas"", ""p8"": ""grandes"", ""p9"": ""ovales""}"
eusmilia_fastigiata,Eusmilia fastigiata,Coral Flor de Copa,Meandrinidae,Escleractinio,Uno parece un árbol pequeño que está como esponja y coralitos concentrados en los extremos.,"{""p1"": ""s"", ""p4"": ""colonial"", ""p6"": ""ramificado"", ""p7"": ""puntas"", ""p8"": ""grandes"", ""p9"": ""ovales""}"
eusmilia_fastigiata,Eusmilia fastigiata,Coral Flor de Copa,Meandrinidae,Escleractinio,"Es un coral estructura ramificada, esqueleto calcáreo, de color beige y coralitos en las puntas.","{""p1"": ""s"", ""p4"": ""colonial"", ""p6"": ""ramificado"", ""p7"": ""puntas"", ""p8"": ""grandes"", ""p9"": ""ovales""}"
eusmilia_fastigiata,Eusmilia fastigiata,Coral Flor de Copa,Meandrinidae,Escleractinio,Coral ramificado con copas ovales en las puntas. Escleroseptos de bordes lisos.,"{""p1"": ""s"", ""p4"": ""colonial"", ""p6"": ""ramificado"", ""p7"": ""puntas"", ""p8"": ""grandes"", ""p9"": ""ovales""}"
eusmilia_fastigiata,Eusmilia fastigiata,Coral Flor de Copa,Meandrinidae,Escleractinio,"Coral de tipo estructura ramificada, superficie lisa y hoyitos solo en las puntas de las ramas.","{""p1"": ""s"", ""p4"": ""colonial"", ""p6"": ""ramificado"", ""p7"": ""puntas"", ""p8"": ""grandes"", ""p9"": ""ovales""}"
eusmilia_fastigiata,Eusmilia fastigiata,Coral Flor de Copa,Meandrinidae,Escleractinio,"tiene ramitas, gris y hoyitos solo en las puntas de las ramas.","{""p1"": ""s"", ""p4"": ""colonial"", ""p6"": ""ramificado"", ""p7"": ""puntas"", ""p8"": ""grandes"", ""p9"": ""ovales""}"
eusmilia_fastigiata,Eusmilia fastigiata,Coral Flor de Copa,Meandrinidae,Escleractinio,Uno parece un arbusto que está esponjoso y hoyitos solo en las puntas de las ramas.,"{""p1"": ""s"", ""p4"": ""colonial"", ""p6"": ""ramificado"", ""p7"": ""puntas"", ""p8"": ""grandes"", ""p9"": ""ovales""}"
eusmilia_fastigiata,Eusmilia fastigiata,Coral Flor de Copa,Meandrinidae,Escleractinio,Coral ramificado con copas ovales en las puntas. Escleroseptos de bordes lisos. Presenta blanquecino y poroso y hoyitos solo en las puntas de las ramas.,"{""p1"": ""s"", ""p4"": ""colonial"", ""p6"": ""ramificado"", ""p7"": ""puntas"", ""p8"": ""grandes"", ""p9"": ""ovales""}"
eusmilia_fastigiata,Eusmilia fastigiata,Coral Flor de Copa,Meandrinidae,Escleractinio,"como dedos que salen, tono crema y hoyitos en las puntas.","{""p1"": ""s"", ""p4"": ""colonial"", ""p6"": ""ramificado"", ""p7"": ""puntas"", ""p8"": ""grandes"", ""p9"": ""ovales""}"
eusmilia_fastigiata,Eusmilia fastigiata,Coral Flor de Copa,Meandrinidae,Escleractinio,"Colonia ramas finas característica, color grisáceo y hoyitos solo en las puntas de las ramas.","{""p1"": ""s"", ""p4"": ""colonial"", ""p6"": ""ramificado"", ""p7"": ""puntas"", ""p8"": ""grandes"", ""p9"": ""ovales""}"
eusmilia_fastigiata,Eusmilia fastigiata,Coral Flor de Copa,Meandrinidae,Escleractinio,Observamos tiene ramitas con coloración color marrón claro y hoyitos en las puntas.,"{""p1"": ""s"", ""p4"": ""colonial"", ""p6"": ""ramificado"", ""p7"": ""puntas"", ""p8"": ""grandes"", ""p9"": ""ovales""}"
eusmilia_fastigiata,Eusmilia fastigiata,Coral Flor de Copa,Meandrinidae,Escleractinio,"Es un coral ramas como cuernos, esponjoso, de color color marrón claro y hoyitos en las puntas.","{""p1"": ""s"", ""p4"": ""colonial"", ""p6"": ""ramificado"", ""p7"": ""puntas"", ""p8"": ""grandes"", ""p9"": ""ovales""}"
eusmilia_fastigiata,Eusmilia fastigiata,Coral Flor de Copa,Meandrinidae,Escleractinio,"Vi un coral ramas coralinas, parece color café claro y hoyitos en las puntas.","{""p1"": ""s"", ""p4"": ""colonial"", ""p6"": ""ramificado"", ""p7"": ""puntas"", ""p8"": ""grandes"", ""p9"": ""ovales""}"
eusmilia_fastigiata,Eusmilia fastigiata,Coral Flor de Copa,Meandrinidae,Escleractinio,Un coral forma de ramas que es superficie porosa y hoyitos solo en las puntas de las ramas.,"{""p1"": ""s"", ""p4"": ""colonial"", ""p6"": ""ramificado"", ""p7"": ""puntas"", ""p8"": ""grandes"", ""p9"": ""ovales""}"
eusmilia_fastigiata,Eusmilia fastigiata,Coral Flor de Copa,Meandrinidae,Escleractinio,"Como ramificaciones, superficie uniforme, color café claro y hoyitos solo en las puntas de las ramas.","{""p1"": ""s"", ""p4"": ""colonial"", ""p6"": ""ramificado"", ""p7"": ""puntas"", ""p8"": ""grandes"", ""p9"": ""ovales""}"
eusmilia_fastigiata,Eusmilia fastigiata,Coral Flor de Copa,Meandrinidae,Escleractinio,Coral ramificado con copas ovales en las puntas. Escleroseptos de bordes lisos. Presenta como arena y superficie lisa y coralitos en las puntas.,"{""p1"": ""s"", ""p4"": ""colonial"", ""p6"": ""ramificado"", ""p7"": ""puntas"", ""p8"": ""grandes"", ""p9"": ""ovales""}"
eusmilia_fastigiata,Eusmilia fastigiata,Coral Flor de Copa,Meandrinidae,Escleractinio,"Especie ramas como cuernos, tonalidad verdoso y hoyitos solo en las puntas de las ramas.","{""p1"": ""s"", ""p4"": ""colonial"", ""p6"": ""ramificado"", ""p7"": ""puntas"", ""p8"": ""grandes"", ""p9"": ""ovales""}"
eusmilia_fastigiata,Eusmilia fastigiata,Coral Flor de Copa,Meandrinidae,Escleractinio,Coral ramificado con copas ovales en las puntas. Escleroseptos de bordes lisos. Presenta beige y superficie irregular y coralitos concentrados en los extremos.,"{""p1"": ""s"", ""p4"": ""colonial"", ""p6"": ""ramificado"", ""p7"": ""puntas"", ""p8"": ""grandes"", ""p9"": ""ovales""}"
eusmilia_fastigiata,Eusmilia fastigiata,Coral Flor de Copa,Meandrinidae,Escleractinio,"Encontré esto: parece un arbusto, color gris y coralitos concentrados en los extremos.","{""p1"": ""s"", ""p4"": ""colonial"", ""p6"": ""ramificado"", ""p7"": ""puntas"", ""p8"": ""grandes"", ""p9"": ""ovales""}"
eusmilia_fastigiata,Eusmilia fastigiata,Coral Flor de Copa,Meandrinidae,Escleractinio,"se extiende como ramas, tono color amarillento y hoyitos en las puntas.","{""p1"": ""s"", ""p4"": ""colonial"", ""p6"": ""ramificado"", ""p7"": ""puntas"", ""p8"": ""grandes"", ""p9"": ""ovales""}"
eusmilia_fastigiata,Eusmilia fastigiata,Coral Flor de Copa,Meandrinidae,Escleractinio,"Colonia forma de candelabro característica, crema y hoyitos solo en las puntas de las ramas.","{""p1"": ""s"", ""p4"": ""colonial"", ""p6"": ""ramificado"", ""p7"": ""puntas"", ""p8"": ""grandes"", ""p9"": ""ovales""}"
eusmilia_fastigiata,Eusmilia fastigiata,Coral Flor de Copa,Meandrinidae,Escleractinio,Un coral forma de ramas que es esqueleto calcáreo y copas en los extremos de las ramas.,"{""p1"": ""s"", ""p4"": ""colonial"", ""p6"": ""ramificado"", ""p7"": ""puntas"", ""p8"": ""grandes"", ""p9"": ""ovales""}"
eusmilia_fastigiata,Eusmilia fastigiata,Coral Flor de Copa,Meandrinidae,Escleractinio,Un coral crecimiento arbustivo que es poroso y coralitos concentrados en los extremos.,"{""p1"": ""s"", ""p4"": ""colonial"", ""p6"": ""ramificado"", ""p7"": ""puntas"", ""p8"": ""grandes"", ""p9"": ""ovales""}"
eusmilia_fastigiata,Eusmilia fastigiata,Coral Flor de Copa,Meandrinidae,Escleractinio,Coral ramificado con copas ovales en las puntas. Escleroseptos de bordes lisos. Presenta tonalidad verdosa y superficie porosa y coralitos concentrados en los extremos.,"{""p1"": ""s"", ""p4"": ""colonial"", ""p6"": ""ramificado"", ""p7"": ""puntas"", ""p8"": ""grandes"", ""p9"": ""ovales""}"
eusmilia_fastigiata,Eusmilia fastigiata,Coral Flor de Copa,Meandrinidae,Escleractinio,"ramas finas, tono color grisáceo y copas en los extremos de las ramas.","{""p1"": ""s"", ""p4"": ""colonial"", ""p6"": ""ramificado"", ""p7"": ""puntas"", ""p8"": ""grandes"", ""p9"": ""ovales""}"
eusmilia_fastigiata,Eusmilia fastigiata,Coral Flor de Copa,Meandrinidae,Escleractinio,Observamos tiene ramitas con coloración como arena y hoyitos en las puntas.,"{""p1"": ""s"", ""p4"": ""colonial"", ""p6"": ""ramificado"", ""p7"": ""puntas"", ""p8"": ""grandes"", ""p9"": ""ovales""}"
eusmilia_fastigiata,Eusmilia fastigiata,Coral Flor de Copa,Meandrinidae,Escleractinio,"Estaba buceando y vi ramificaciones, gris y copas en los extremos de las ramas.","{""p1"": ""s"", ""p4"": ""colonial"", ""p6"": ""ramificado"", ""p7"": ""puntas"", ""p8"": ""grandes"", ""p9"": ""ovales""}"
eusmilia_fastigiata,Eusmilia fastigiata,Coral Flor de Copa,Meandrinidae,Escleractinio,"Estaba buceando y vi forma de candelabro, gris y hoyitos en las puntas.","{""p1"": ""s"", ""p4"": ""colonial"", ""p6"": ""ramificado"", ""p7"": ""puntas"", ""p8"": ""grandes"", ""p9"": ""ovales""}"
eusmilia_fastigiata,Eusmilia fastigiata,Coral Flor de Copa,Meandrinidae,Escleractinio,"Es un coral forma de ramas, superficie lisa, de color color marrón y copas en los extremos de las ramas.","{""p1"": ""s"", ""p4"": ""colonial"", ""p6"": ""ramificado"", ""p7"": ""puntas"", ""p8"": ""grandes"", ""p9"": ""ovales""}"
eusmilia_fastigiata,Eusmilia fastigiata,Coral Flor de Copa,Meandrinidae,Escleractinio,"Parece ramas finas, amarillento y hoyitos en las puntas.","{""p1"": ""s"", ""p4"": ""colonial"", ""p6"": ""ramificado"", ""p7"": ""puntas"", ""p8"": ""grandes"", ""p9"": ""ovales""}"
eusmilia_fastigiata,Eusmilia fastigiata,Coral Flor de Copa,Meandrinidae,Escleractinio,Coral ramificado con copas ovales en las puntas. Escleroseptos de bordes lisos. Presenta crema y rugoso y hoyitos en las puntas.,"{""p1"": ""s"", ""p4"": ""colonial"", ""p6"": ""ramificado"", ""p7"": ""puntas"", ""p8"": ""grandes"", ""p9"": ""ovales""}"
eusmilia_fastigiata,Eusmilia fastigiata,Coral Flor de Copa,Meandrinidae,Escleractinio,"Estaba buceando y vi como dedos que salen, beige y hoyitos en las puntas.","{""p1"": ""s"", ""p4"": ""colonial"", ""p6"": ""ramificado"", ""p7"": ""puntas"", ""p8"": ""grandes"", ""p9"": ""ovales""}"
eusmilia_fastigiata,Eusmilia fastigiata,Coral Flor de Copa,Meandrinidae,Escleractinio,Coral ramificado con copas ovales en las puntas. Escleroseptos de bordes lisos. Presenta gris y esponjoso y hoyitos solo en las puntas de las ramas.,"{""p1"": ""s"", ""p4"": ""colonial"", ""p6"": ""ramificado"", ""p7"": ""puntas"", ""p8"": ""grandes"", ""p9"": ""ovales""}"
scolymia_lacera,Scolymia lacera,Coral Solitario,Mussidae,Escleractinio,"Estaba buceando y vi no tiene colonia, color grisáceo.","{""p1"": ""s"", ""p4"": ""solitario"", ""p5"": ""toscamente""}"
scolymia_lacera,Scolymia lacera,Coral Solitario,Mussidae,Escleractinio,Coral solitario con septos toscamente dentados (<5 dientes/cm). Presenta color marrón y liso.,"{""p1"": ""s"", ""p4"": ""solitario"", ""p5"": ""toscamente""}"
scolymia_lacera,Scolymia lacera,Coral Solitario,Mussidae,Escleractinio,Coral solitario con septos toscamente dentados (<5 dientes/cm). Presenta beige y rugoso.,"{""p1"": ""s"", ""p4"": ""solitario"", ""p5"": ""toscamente""}"
scolymia_lacera,Scolymia lacera,Coral Solitario,Mussidae,Escleractinio,Coral solitario con septos toscamente dentados (<5 dientes/cm). Presenta café y superficie irregular.,"{""p1"": ""s"", ""p4"": ""solitario"", ""p5"": ""toscamente""}"
scolymia_lacera,Scolymia lacera,Coral Solitario,Mussidae,Escleractinio,"Especie no tiene colonia, tonalidad color grisáceo.","{""p1"": ""s"", ""p4"": ""solitario"", ""p5"": ""toscamente""}"
scolymia_lacera,Scolymia lacera,Coral Solitario,Mussidae,Escleractinio,"Colonia no colonial característica, gris.","{""p1"": ""s"", ""p4"": ""solitario"", ""p5"": ""toscamente""}"
scolymia_lacera,Scolymia lacera,Coral Solitario,Mussidae,Escleractinio,Coral solitario con septos toscamente dentados (<5 dientes/cm).,"{""p1"": ""s"", ""p4"": ""solitario"", ""p5"": ""toscamente""}"
scolymia_lacera,Scolymia lacera,Coral Solitario,Mussidae,Escleractinio,"Vi un coral no tiene colonia, parece color amarillento.","{""p1"": ""s"", ""p4"": ""solitario"", ""p5"": ""toscamente""}"
scolymia_lacera,Scolymia lacera,Coral Solitario,Mussidae,Escleractinio,"Coral de tipo aislado, como esponja.","{""p1"": ""s"", ""p4"": ""solitario"", ""p5"": ""toscamente""}"
scolymia_lacera,Scolymia lacera,Coral Solitario,Mussidae,Escleractinio,"Estaba buceando y vi no tiene colonia, color tierra.","{""p1"": ""s"", ""p4"": ""solitario"", ""p5"": ""toscamente""}"
scolymia_lacera,Scolymia lacera,Coral Solitario,Mussidae,Escleractinio,"Especie aislado, tonalidad color amarillento.","{""p1"": ""s"", ""p4"": ""solitario"", ""p5"": ""toscamente""}"
scolymia_lacera,Scolymia lacera,Coral Solitario,Mussidae,Escleractinio,Coral solitario con septos toscamente dentados (<5 dientes/cm). Presenta color café claro y esqueleto calcáreo.,"{""p1"": ""s"", ""p4"": ""solitario"", ""p5"": ""toscamente""}"
scolymia_lacera,Scolymia lacera,Coral Solitario,Mussidae,Escleractinio,"Parece disco individual, como arena.","{""p1"": ""s"", ""p4"": ""solitario"", ""p5"": ""toscamente""}"
scolymia_lacera,Scolymia lacera,Coral Solitario,Mussidae,Escleractinio,"Vi un coral no tiene colonia, parece color café claro.","{""p1"": ""s"", ""p4"": ""solitario"", ""p5"": ""toscamente""}"
scolymia_lacera,Scolymia lacera,Coral Solitario,Mussidae,Escleractinio,Coral solitario con septos toscamente dentados (<5 dientes/cm). Presenta color arena y como una roca.,"{""p1"": ""s"", ""p4"": ""solitario"", ""p5"": ""toscamente""}"
scolymia_lacera,Scolymia lacera,Coral Solitario,Mussidae,Escleractinio,"solo hay uno, crema.","{""p1"": ""s"", ""p4"": ""solitario"", ""p5"": ""toscamente""}"
scolymia_lacera,Scolymia lacera,Coral Solitario,Mussidae,Escleractinio,Coral solitario con septos toscamente dentados (<5 dientes/cm). Presenta color café y duro como roca.,"{""p1"": ""s"", ""p4"": ""solitario"", ""p5"": ""toscamente""}"
scolymia_lacera,Scolymia lacera,Coral Solitario,Mussidae,Escleractinio,Coral solitario con septos toscamente dentados (<5 dientes/cm). Presenta como arena y superficie rugosa.,"{""p1"": ""s"", ""p4"": ""solitario"", ""p5"": ""toscamente""}"
scolymia_lacera,Scolymia lacera,Coral Solitario,Mussidae,Escleractinio,"Estaba buceando y vi individual, blanquecino.","{""p1"": ""s"", ""p4"": ""solitario"", ""p5"": ""toscamente""}"
scolymia_lacera,Scolymia lacera,Coral Solitario,Mussidae,Escleractinio,"Especie un único coral, tonalidad color amarillento.","{""p1"": ""s"", ""p4"": ""solitario"", ""p5"": ""toscamente""}"
scolymia_lacera,Scolymia lacera,Coral Solitario,Mussidae,Escleractinio,Observamos no tiene colonia con coloración verdoso.,"{""p1"": ""s"", ""p4"": ""solitario"", ""p5"": ""toscamente""}"
scolymia_lacera,Scolymia lacera,Coral Solitario,Mussidae,Escleractinio,"Colonia solo hay uno característica, tonalidad verdosa.","{""p1"": ""s"", ""p4"": ""solitario"", ""p5"": ""toscamente""}"
scolymia_lacera,Scolymia lacera,Coral Solitario,Mussidae,Escleractinio,Uno no colonial que está esqueleto calcáreo.,"{""p1"": ""s"", ""p4"": ""solitario"", ""p5"": ""toscamente""}"
scolymia_lacera,Scolymia lacera,Coral Solitario,Mussidae,Escleractinio,Coral solitario con septos toscamente dentados (<5 dientes/cm). Presenta color marrón y como una roca.,"{""p1"": ""s"", ""p4"": ""solitario"", ""p5"": ""toscamente""}"
scolymia_lacera,Scolymia lacera,Coral Solitario,Mussidae,Escleractinio,"Especie solo hay uno, tonalidad color arena.","{""p1"": ""s"", ""p4"": ""solitario"", ""p5"": ""toscamente""}"
scolymia_lacera,Scolymia lacera,Coral Solitario,Mussidae,Escleractinio,Un coral un único coral que es superficie rugosa.,"{""p1"": ""s"", ""p4"": ""solitario"", ""p5"": ""toscamente""}"
scolymia_lacera,Scolymia lacera,Coral Solitario,Mussidae,Escleractinio,Coral solitario con septos toscamente dentados (<5 dientes/cm). Presenta tonalidad verdosa y superficie lisa.,"{""p1"": ""s"", ""p4"": ""solitario"", ""p5"": ""toscamente""}"
scolymia_lacera,Scolymia lacera,Coral Solitario,Mussidae,Escleractinio,Un coral un solo pólipo grande que es como una roca.,"{""p1"": ""s"", ""p4"": ""solitario"", ""p5"": ""toscamente""}"
scolymia_lacera,Scolymia lacera,Coral Solitario,Mussidae,Escleractinio,"Especie no tiene colonia, tonalidad color piedra.","{""p1"": ""s"", ""p4"": ""solitario"", ""p5"": ""toscamente""}"
scolymia_lacera,Scolymia lacera,Coral Solitario,Mussidae,Escleractinio,"Vi un coral solo hay uno, parece color arena.","{""p1"": ""s"", ""p4"": ""solitario"", ""p5"": ""toscamente""}"
scolymia_lacera,Scolymia lacera,Coral Solitario,Mussidae,Escleractinio,"Vi un coral pólipo solitario, parece color amarillento.","{""p1"": ""s"", ""p4"": ""solitario"", ""p5"": ""toscamente""}"
scolymia_lacera,Scolymia lacera,Coral Solitario,Mussidae,Escleractinio,Tipo: no tiene colonia. Color: color grisáceo.,"{""p1"": ""s"", ""p4"": ""solitario"", ""p5"": ""toscamente""}"
scolymia_lacera,Scolymia lacera,Coral Solitario,Mussidae,Escleractinio,Coral solitario con septos toscamente dentados (<5 dientes/cm). Presenta color marrón claro y superficie rugosa.,"{""p1"": ""s"", ""p4"": ""solitario"", ""p5"": ""toscamente""}"
scolymia_lacera,Scolymia lacera,Coral Solitario,Mussidae,Escleractinio,Uno un solo pólipo grande que está como esponja.,"{""p1"": ""s"", ""p4"": ""solitario"", ""p5"": ""toscamente""}"
scolymia_lacera,Scolymia lacera,Coral Solitario,Mussidae,Escleractinio,Coral solitario con septos toscamente dentados (<5 dientes/cm). Presenta color café claro y áspero al tacto.,"{""p1"": ""s"", ""p4"": ""solitario"", ""p5"": ""toscamente""}"
scolymia_lacera,Scolymia lacera,Coral Solitario,Mussidae,Escleractinio,Un coral disco individual que es áspero al tacto.,"{""p1"": ""s"", ""p4"": ""solitario"", ""p5"": ""toscamente""}"
scolymia_lacera,Scolymia lacera,Coral Solitario,Mussidae,Escleractinio,"Colonia no tiene colonia característica, gris.","{""p1"": ""s"", ""p4"": ""solitario"", ""p5"": ""toscamente""}"
scolymia_lacera,Scolymia lacera,Coral Solitario,Mussidae,Escleractinio,Coral solitario con septos toscamente dentados (<5 dientes/cm). Presenta color amarillento y poroso.,"{""p1"": ""s"", ""p4"": ""solitario"", ""p5"": ""toscamente""}"
scolymia_lacera,Scolymia lacera,Coral Solitario,Mussidae,Escleractinio,Coral solitario con septos toscamente dentados (<5 dientes/cm). Presenta amarillento y esqueleto calcáreo.,"{""p1"": ""s"", ""p4"": ""solitario"", ""p5"": ""toscamente""}"
scolymia_lacera,Scolymia lacera,Coral Solitario,Mussidae,Escleractinio,"Estaba buceando y vi disco individual, color marrón claro.","{""p1"": ""s"", ""p4"": ""solitario"", ""p5"": ""toscamente""}"
scolymia_lacera,Scolymia lacera,Coral Solitario,Mussidae,Escleractinio,Coral solitario con septos toscamente dentados (<5 dientes/cm). Presenta color marrón y textura áspera.,"{""p1"": ""s"", ""p4"": ""solitario"", ""p5"": ""toscamente""}"
scolymia_lacera,Scolymia lacera,Coral Solitario,Mussidae,Escleractinio,Es como uno solo y es verdoso.,"{""p1"": ""s"", ""p4"": ""solitario"", ""p5"": ""toscamente""}"
scolymia_lacera,Scolymia lacera,Coral Solitario,Mussidae,Escleractinio,Es como disco individual y es color amarillento.,"{""p1"": ""s"", ""p4"": ""solitario"", ""p5"": ""toscamente""}"
scolymia_lacera,Scolymia lacera,Coral Solitario,Mussidae,Escleractinio,"un único coral, color café claro.","{""p1"": ""s"", ""p4"": ""solitario"", ""p5"": ""toscamente""}"
scolymia_lacera,Scolymia lacera,Coral Solitario,Mussidae,Escleractinio,Coral solitario con septos toscamente dentados (<5 dientes/cm). Presenta como arena y como esponja.,"{""p1"": ""s"", ""p4"": ""solitario"", ""p5"": ""toscamente""}"
scolymia_lacera,Scolymia lacera,Coral Solitario,Mussidae,Escleractinio,"no colonial, tono crema.","{""p1"": ""s"", ""p4"": ""solitario"", ""p5"": ""toscamente""}"
scolymia_lacera,Scolymia lacera,Coral Solitario,Mussidae,Escleractinio,Uno aislado que está superficie lisa.,"{""p1"": ""s"", ""p4"": ""solitario"", ""p5"": ""toscamente""}"
scolymia_lacera,Scolymia lacera,Coral Solitario,Mussidae,Escleractinio,Es como individual y es color amarillento.,"{""p1"": ""s"", ""p4"": ""solitario"", ""p5"": ""toscamente""}"
scolymia_lacera,Scolymia lacera,Coral Solitario,Mussidae,Escleractinio,Un coral un único coral que es superficie irregular.,"{""p1"": ""s"", ""p4"": ""solitario"", ""p5"": ""toscamente""}"
scolymia_lacera,Scolymia lacera,Coral Solitario,Mussidae,Escleractinio,"Coral de tipo disco individual, como esponja.","{""p1"": ""s"", ""p4"": ""solitario"", ""p5"": ""toscamente""}"
scolymia_lacera,Scolymia lacera,Coral Solitario,Mussidae,Escleractinio,Es como no colonial y es color piedra.,"{""p1"": ""s"", ""p4"": ""solitario"", ""p5"": ""toscamente""}"
mussa_angulosa,Mussa angulosa,Coral de Musgo,Mussidae,Escleractinio,"Encontré esto: parece un árbol pequeño, color color grisáceo y coralitos concentrados en los extremos.","{""p1"": ""s"", ""p4"": ""colonial"", ""p6"": ""ramificado"", ""p7"": ""puntas"", ""p8"": ""grandes"", ""p9"": ""circulares""}"
mussa_angulosa,Mussa angulosa,Coral de Musgo,Mussidae,Escleractinio,Coral ramificado con copas circulares y septos dentados. Colonias hemisféricas. Presenta como arena y superficie lisa y hoyitos en las puntas.,"{""p1"": ""s"", ""p4"": ""colonial"", ""p6"": ""ramificado"", ""p7"": ""puntas"", ""p8"": ""grandes"", ""p9"": ""circulares""}"
mussa_angulosa,Mussa angulosa,Coral de Musgo,Mussidae,Escleractinio,Tipo: ramas como cuernos. Color: color amarillento y coralitos en las puntas.,"{""p1"": ""s"", ""p4"": ""colonial"", ""p6"": ""ramificado"", ""p7"": ""puntas"", ""p8"": ""grandes"", ""p9"": ""circulares""}"
mussa_angulosa,Mussa angulosa,Coral de Musgo,Mussidae,Escleractinio,"Como parece un arbusto, colonias densas, crema y coralitos en las puntas.","{""p1"": ""s"", ""p4"": ""colonial"", ""p6"": ""ramificado"", ""p7"": ""puntas"", ""p8"": ""grandes"", ""p9"": ""circulares""}"
mussa_angulosa,Mussa angulosa,Coral de Musgo,Mussidae,Escleractinio,Coral ramificado con copas circulares y septos dentados. Colonias hemisféricas. Presenta marrón y superficie lisa y hoyitos solo en las puntas de las ramas.,"{""p1"": ""s"", ""p4"": ""colonial"", ""p6"": ""ramificado"", ""p7"": ""puntas"", ""p8"": ""grandes"", ""p9"": ""circulares""}"
mussa_angulosa,Mussa angulosa,Coral de Musgo,Mussidae,Escleractinio,Coral ramificado con copas circulares y septos dentados. Colonias hemisféricas. Presenta blanquecino y áspero al tacto y hoyitos solo en las puntas de las ramas.,"{""p1"": ""s"", ""p4"": ""colonial"", ""p6"": ""ramificado"", ""p7"": ""puntas"", ""p8"": ""grandes"", ""p9"": ""circulares""}"
mussa_angulosa,Mussa angulosa,Coral de Musgo,Mussidae,Escleractinio,Uno ramificaciones que está poroso y copas en los extremos de las ramas.,"{""p1"": ""s"", ""p4"": ""colonial"", ""p6"": ""ramificado"", ""p7"": ""puntas"", ""p8"": ""grandes"", ""p9"": ""circulares""}"
mussa_angulosa,Mussa angulosa,Coral de Musgo,Mussidae,Escleractinio,Es como estructura ramificada y es blanquecino y copas en los extremos de las ramas.,"{""p1"": ""s"", ""p4"": ""colonial"", ""p6"": ""ramificado"", ""p7"": ""puntas"", ""p8"": ""grandes"", ""p9"": ""circulares""}"
mussa_angulosa,Mussa angulosa,Coral de Musgo,Mussidae,Escleractinio,Observamos coral de dedos con coloración color amarillento y coralitos concentrados en los extremos.,"{""p1"": ""s"", ""p4"": ""colonial"", ""p6"": ""ramificado"", ""p7"": ""puntas"", ""p8"": ""grandes"", ""p9"": ""circulares""}"
mussa_angulosa,Mussa angulosa,Coral de Musgo,Mussidae,Escleractinio,Uno estructura ramificada que está como una roca y hoyitos solo en las puntas de las ramas.,"{""p1"": ""s"", ""p4"": ""colonial"", ""p6"": ""ramificado"", ""p7"": ""puntas"", ""p8"": ""grandes"", ""p9"": ""circulares""}"
mussa_angulosa,Mussa angulosa,Coral de Musgo,Mussidae,Escleractinio,Coral ramificado con copas circulares y septos dentados. Colonias hemisféricas. Presenta marrón y poroso y hoyitos solo en las puntas de las ramas.,"{""p1"": ""s"", ""p4"": ""colonial"", ""p6"": ""ramificado"", ""p7"": ""puntas"", ""p8"": ""grandes"", ""p9"": ""circulares""}"
mussa_angulosa,Mussa angulosa,Coral de Musgo,Mussidae,Escleractinio,Coral ramificado con copas circulares y septos dentados. Colonias hemisféricas. Presenta verdoso y como esponja y copas en los extremos de las ramas.,"{""p1"": ""s"", ""p4"": ""colonial"", ""p6"": ""ramificado"", ""p7"": ""puntas"", ""p8"": ""grandes"", ""p9"": ""circulares""}"
mussa_angulosa,Mussa angulosa,Coral de Musgo,Mussidae,Escleractinio,Coral ramificado con copas circulares y septos dentados. Colonias hemisféricas. Presenta verdoso y esponjoso y hoyitos solo en las puntas de las ramas.,"{""p1"": ""s"", ""p4"": ""colonial"", ""p6"": ""ramificado"", ""p7"": ""puntas"", ""p8"": ""grandes"", ""p9"": ""circulares""}"
mussa_angulosa,Mussa angulosa,Coral de Musgo,Mussidae,Escleractinio,Uno parece un arbusto que está superficie irregular y coralitos concentrados en los extremos.,"{""p1"": ""s"", ""p4"": ""colonial"", ""p6"": ""ramificado"", ""p7"": ""puntas"", ""p8"": ""grandes"", ""p9"": ""circulares""}"
mussa_angulosa,Mussa angulosa,Coral de Musgo,Mussidae,Escleractinio,Coral ramificado con copas circulares y septos dentados. Colonias hemisféricas. Presenta beige y como una roca y coralitos concentrados en los extremos.,"{""p1"": ""s"", ""p4"": ""colonial"", ""p6"": ""ramificado"", ""p7"": ""puntas"", ""p8"": ""grandes"", ""p9"": ""circulares""}"
mussa_angulosa,Mussa angulosa,Coral de Musgo,Mussidae,Escleractinio,Un coral forma de ramas que es textura áspera y coralitos en las puntas.,"{""p1"": ""s"", ""p4"": ""colonial"", ""p6"": ""ramificado"", ""p7"": ""puntas"", ""p8"": ""grandes"", ""p9"": ""circulares""}"
mussa_angulosa,Mussa angulosa,Coral de Musgo,Mussidae,Escleractinio,"Estaba buceando y vi como dedos que salen, color marrón claro y hoyitos en las puntas.","{""p1"": ""s"", ""p4"": ""colonial"", ""p6"": ""ramificado"", ""p7"": ""puntas"", ""p8"": ""grandes"", ""p9"": ""circulares""}"
mussa_angulosa,Mussa angulosa,Coral de Musgo,Mussidae,Escleractinio,Un coral forma de candelabro que es textura áspera y copas en los extremos de las ramas.,"{""p1"": ""s"", ""p4"": ""colonial"", ""p6"": ""ramificado"", ""p7"": ""puntas"", ""p8"": ""grandes"", ""p9"": ""circulares""}"
mussa_angulosa,Mussa angulosa,Coral de Musgo,Mussidae,Escleractinio,Coral ramificado con copas circulares y septos dentados. Colonias hemisféricas. Presenta color café y duro como roca y hoyitos solo en las puntas de las ramas.,"{""p1"": ""s"", ""p4"": ""colonial"", ""p6"": ""ramificado"", ""p7"": ""puntas"", ""p8"": ""grandes"", ""p9"": ""circulares""}"
mussa_angulosa,Mussa angulosa,Coral de Musgo,Mussidae,Escleractinio,"Vi un coral se extiende como ramas, parece beige y hoyitos en las puntas.","{""p1"": ""s"", ""p4"": ""colonial"", ""p6"": ""ramificado"", ""p7"": ""puntas"", ""p8"": ""grandes"", ""p9"": ""circulares""}"
mussa_angulosa,Mussa angulosa,Coral de Musgo,Mussidae,Escleractinio,"Especie como dedos que salen, tonalidad verdoso y coralitos concentrados en los extremos.","{""p1"": ""s"", ""p4"": ""colonial"", ""p6"": ""ramificado"", ""p7"": ""puntas"", ""p8"": ""grandes"", ""p9"": ""circulares""}"
mussa_angulosa,Mussa angulosa,Coral de Musgo,Mussidae,Escleractinio,Coral ramificado con copas circulares y septos dentados. Colonias hemisféricas. Presenta color café claro y superficie rugosa y coralitos en las puntas.,"{""p1"": ""s"", ""p4"": ""colonial"", ""p6"": ""ramificado"", ""p7"": ""puntas"", ""p8"": ""grandes"", ""p9"": ""circulares""}"
mussa_angulosa,Mussa angulosa,Coral de Musgo,Mussidae,Escleractinio,"Estaba buceando y vi coral de dedos, color grisáceo y coralitos concentrados en los extremos.","{""p1"": ""s"", ""p4"": ""colonial"", ""p6"": ""ramificado"", ""p7"": ""puntas"", ""p8"": ""grandes"", ""p9"": ""circulares""}"
mussa_angulosa,Mussa angulosa,Coral de Musgo,Mussidae,Escleractinio,"Como parece un árbol pequeño, como esponja, color café y coralitos en las puntas.","{""p1"": ""s"", ""p4"": ""colonial"", ""p6"": ""ramificado"", ""p7"": ""puntas"", ""p8"": ""grandes"", ""p9"": ""circulares""}"
mussa_angulosa,Mussa angulosa,Coral de Musgo,Mussidae,Escleractinio,Coral ramificado con copas circulares y septos dentados. Colonias hemisféricas. Presenta tonalidad verdosa y superficie porosa y coralitos en las puntas.,"{""p1"": ""s"", ""p4"": ""colonial"", ""p6"": ""ramificado"", ""p7"": ""puntas"", ""p8"": ""grandes"", ""p9"": ""circulares""}"
mussa_angulosa,Mussa angulosa,Coral de Musgo,Mussidae,Escleractinio,Coral ramificado con copas circulares y septos dentados. Colonias hemisféricas. Presenta blanquecino y como una roca y coralitos en las puntas.,"{""p1"": ""s"", ""p4"": ""colonial"", ""p6"": ""ramificado"", ""p7"": ""puntas"", ""p8"": ""grandes"", ""p9"": ""circulares""}"
mussa_angulosa,Mussa angulosa,Coral de Musgo,Mussidae,Escleractinio,"Encontré esto: ramificaciones, color amarillento y hoyitos solo en las puntas de las ramas.","{""p1"": ""s"", ""p4"": ""colonial"", ""p6"": ""ramificado"", ""p7"": ""puntas"", ""p8"": ""grandes"", ""p9"": ""circulares""}"
mussa_angulosa,Mussa angulosa,Coral de Musgo,Mussidae,Escleractinio,"Especie parece un arbusto, tonalidad gris y hoyitos en las puntas.","{""p1"": ""s"", ""p4"": ""colonial"", ""p6"": ""ramificado"", ""p7"": ""puntas"", ""p8"": ""grandes"", ""p9"": ""circulares""}"
mussa_angulosa,Mussa angulosa,Coral de Musgo,Mussidae,Escleractinio,Coral ramificado con copas circulares y septos dentados. Colonias hemisféricas. Presenta color arena y esponjoso y copas en los extremos de las ramas.,"{""p1"": ""s"", ""p4"": ""colonial"", ""p6"": ""ramificado"", ""p7"": ""puntas"", ""p8"": ""grandes"", ""p9"": ""circulares""}"
mussa_angulosa,Mussa angulosa,Coral de Musgo,Mussidae,Escleractinio,"Coral de tipo ramas como cuernos, superficie porosa y hoyitos en las puntas.","{""p1"": ""s"", ""p4"": ""colonial"", ""p6"": ""ramificado"", ""p7"": ""puntas"", ""p8"": ""grandes"", ""p9"": ""circulares""}"
mussa_angulosa,Mussa angulosa,Coral de Musgo,Mussidae,Escleractinio,"Colonia parece un arbusto característica, color marrón claro y hoyitos solo en las puntas de las ramas.","{""p1"": ""s"", ""p4"": ""colonial"", ""p6"": ""ramificado"", ""p7"": ""puntas"", ""p8"": ""grandes"", ""p9"": ""circulares""}"
mussa_angulosa,Mussa angulosa,Coral de Musgo,Mussidae,Escleractinio,Coral ramificado con copas circulares y septos dentados. Colonias hemisféricas.,"{""p1"": ""s"", ""p4"": ""colonial"", ""p6"": ""ramificado"", ""p7"": ""puntas"", ""p8"": ""grandes"", ""p9"": ""circulares""}"
mussa_angulosa,Mussa angulosa,Coral de Musgo,Mussidae,Escleractinio,Uno coral de dedos que está como una roca y hoyitos en las puntas.,"{""p1"": ""s"", ""p4"": ""colonial"", ""p6"": ""ramificado"", ""p7"": ""puntas"", ""p8"": ""grandes"", ""p9"": ""circulares""}"
mussa_angulosa,Mussa angulosa,Coral de Musgo,Mussidae,Escleractinio,"Parece tiene ramitas, café y coralitos concentrados en los extremos.","{""p1"": ""s"", ""p4"": ""colonial"", ""p6"": ""ramificado"", ""p7"": ""puntas"", ""p8"": ""grandes"", ""p9"": ""circulares""}"
mussa_angulosa,Mussa angulosa,Coral de Musgo,Mussidae,Escleractinio,"Es un coral ramas finas, superficie lisa, de color color grisáceo y hoyitos solo en las puntas de las ramas.","{""p1"": ""s"", ""p4"": ""colonial"", ""p6"": ""ramificado"", ""p7"": ""puntas"", ""p8"": ""grandes"", ""p9"": ""circulares""}"
mussa_angulosa,Mussa angulosa,Coral de Musgo,Mussidae,Escleractinio,"Colonia como dedos que salen característica, color grisáceo y copas en los extremos de las ramas.","{""p1"": ""s"", ""p4"": ""colonial"", ""p6"": ""ramificado"", ""p7"": ""puntas"", ""p8"": ""grandes"", ""p9"": ""circulares""}"
mussa_angulosa,Mussa angulosa,Coral de Musgo,Mussidae,Escleractinio,Tipo: brazos que salen. Color: amarillento y coralitos concentrados en los extremos.,"{""p1"": ""s"", ""p4"": ""colonial"", ""p6"": ""ramificado"", ""p7"": ""puntas"", ""p8"": ""grandes"", ""p9"": ""circulares""}"
mussa_angulosa,Mussa angulosa,Coral de Musgo,Mussidae,Escleractinio,"Coral de tipo estructura ramificada, colonias densas y hoyitos solo en las puntas de las ramas.","{""p1"": ""s"", ""p4"": ""colonial"", ""p6"": ""ramificado"", ""p7"": ""puntas"", ""p8"": ""grandes"", ""p9"": ""circulares""}"
mussa_angulosa,Mussa angulosa,Coral de Musgo,Mussidae,Escleractinio,Uno ramas finas que está áspero al tacto y coralitos concentrados en los extremos.,"{""p1"": ""s"", ""p4"": ""colonial"", ""p6"": ""ramificado"", ""p7"": ""puntas"", ""p8"": ""grandes"", ""p9"": ""circulares""}"
mussa_angulosa,Mussa angulosa,Coral de Musgo,Mussidae,Escleractinio,Coral ramificado con copas circulares y septos dentados. Colonias hemisféricas. Presenta color amarillento y duro como roca y coralitos concentrados en los extremos.,"{""p1"": ""s"", ""p4"": ""colonial"", ""p6"": ""ramificado"", ""p7"": ""puntas"", ""p8"": ""grandes"", ""p9"": ""circulares""}"
mussa_angulosa,Mussa angulosa,Coral de Musgo,Mussidae,Escleractinio,Forma: coral de dedos. Textura: como esponja. Tono: café y copas en los extremos de las ramas.,"{""p1"": ""s"", ""p4"": ""colonial"", ""p6"": ""ramificado"", ""p7"": ""puntas"", ""p8"": ""grandes"", ""p9"": ""circulares""}"
mussa_angulosa,Mussa angulosa,Coral de Musgo,Mussidae,Escleractinio,Observamos tiene ramitas con coloración color marrón y coralitos concentrados en los extremos.,"{""p1"": ""s"", ""p4"": ""colonial"", ""p6"": ""ramificado"", ""p7"": ""puntas"", ""p8"": ""grandes"", ""p9"": ""circulares""}"
mussa_angulosa,Mussa angulosa,Coral de Musgo,Mussidae,Escleractinio,"parece un árbol pequeño, tono beige y coralitos en las puntas.","{""p1"": ""s"", ""p4"": ""colonial"", ""p6"": ""ramificado"", ""p7"": ""puntas"", ""p8"": ""grandes"", ""p9"": ""circulares""}"
mussa_angulosa,Mussa angulosa,Coral de Musgo,Mussidae,Escleractinio,Tipo: parece un arbusto. Color: gris y hoyitos solo en las puntas de las ramas.,"{""p1"": ""s"", ""p4"": ""colonial"", ""p6"": ""ramificado"", ""p7"": ""puntas"", ""p8"": ""grandes"", ""p9"": ""circulares""}"
mussa_angulosa,Mussa angulosa,Coral de Musgo,Mussidae,Escleractinio,Forma: coral de dedos. Textura: esqueleto calcáreo. Tono: blanquecino y copas en los extremos de las ramas.,"{""p1"": ""s"", ""p4"": ""colonial"", ""p6"": ""ramificado"", ""p7"": ""puntas"", ""p8"": ""grandes"", ""p9"": ""circulares""}"
mussa_angulosa,Mussa angulosa,Coral de Musgo,Mussidae,Escleractinio,Coral ramificado con copas circulares y septos dentados. Colonias hemisféricas. Presenta color café claro y esqueleto calcáreo y hoyitos en las puntas.,"{""p1"": ""s"", ""p4"": ""colonial"", ""p6"": ""ramificado"", ""p7"": ""puntas"", ""p8"": ""grandes"", ""p9"": ""circulares""}"
mussa_angulosa,Mussa angulosa,Coral de Musgo,Mussidae,Escleractinio,"Encontré esto: se extiende como ramas, color color grisáceo y copas en los extremos de las ramas.","{""p1"": ""s"", ""p4"": ""colonial"", ""p6"": ""ramificado"", ""p7"": ""puntas"", ""p8"": ""grandes"", ""p9"": ""circulares""}"
mussa_angulosa,Mussa angulosa,Coral de Musgo,Mussidae,Escleractinio,Un coral con muchas ramificaciones que es liso y coralitos en las puntas.,"{""p1"": ""s"", ""p4"": ""colonial"", ""p6"": ""ramificado"", ""p7"": ""puntas"", ""p8"": ""grandes"", ""p9"": ""circulares""}"
mussa_angulosa,Mussa angulosa,Coral de Musgo,Mussidae,Escleractinio,Coral ramificado con copas circulares y septos dentados. Colonias hemisféricas. Presenta gris y rugoso y coralitos concentrados en los extremos.,"{""p1"": ""s"", ""p4"": ""colonial"", ""p6"": ""ramificado"", ""p7"": ""puntas"", ""p8"": ""grandes"", ""p9"": ""circulares""}"
mussa_angulosa,Mussa angulosa,Coral de Musgo,Mussidae,Escleractinio,"Parece ramas como cuernos, blanquecino y hoyitos solo en las puntas de las ramas.","{""p1"": ""s"", ""p4"": ""colonial"", ""p6"": ""ramificado"", ""p7"": ""puntas"", ""p8"": ""grandes"", ""p9"": ""circulares""}"
mussa_angulosa,Mussa angulosa,Coral de Musgo,Mussidae,Escleractinio,"Coral de tipo crecimiento arbustivo, rugoso y coralitos en las puntas.","{""p1"": ""s"", ""p4"": ""colonial"", ""p6"": ""ramificado"", ""p7"": ""puntas"", ""p8"": ""grandes"", ""p9"": ""circulares""}"
isophyllia_sinuosa,Isophyllia sinuosa,Coral Cerebro,Mussidae,Escleractinio,Coral masivo con valles de 2.5 cm de ancho. 8 escleroseptos por cm. Presenta como arena y como esponja.,"{""p1"": ""s"", ""p4"": ""colonial"", ""p6"": ""no"", ""p19"": ""masiva"", ""p30"": ""valles"", ""p31"": ""pronunciados"", ""p33"": ""dentados"", ""p35"": ""sin"", ""p42"": ""mayor_0_5"", ""p45"": ""toscas"", ""p47"": ""2_5""}"
isophyllia_sinuosa,Isophyllia sinuosa,Coral Cerebro,Mussidae,Escleractinio,Tipo: parece un balón. Superficie: surcos profundos. Color: color marrón.,"{""p1"": ""s"", ""p4"": ""colonial"", ""p6"": ""no"", ""p19"": ""masiva"", ""p30"": ""valles"", ""p31"": ""pronunciados"", ""p33"": ""dentados"", ""p35"": ""sin"", ""p42"": ""mayor_0_5"", ""p45"": ""toscas"", ""p47"": ""2_5""}"
isophyllia_sinuosa,Isophyllia sinuosa,Coral Cerebro,Mussidae,Escleractinio,"Parece esfera rocosa con surcos sinuosos, color café claro.","{""p1"": ""s"", ""p4"": ""colonial"", ""p6"": ""no"", ""p19"": ""masiva"", ""p30"": ""valles"", ""p31"": ""pronunciados"", ""p33"": ""dentados"", ""p35"": ""sin"", ""p42"": ""mayor_0_5"", ""p45"": ""toscas"", ""p47"": ""2_5""}"
isophyllia_sinuosa,Isophyllia sinuosa,Coral Cerebro,Mussidae,Escleractinio,"Coral de tipo como una bola, superficie surcos profundos, superficie porosa.","{""p1"": ""s"", ""p4"": ""colonial"", ""p6"": ""no"", ""p19"": ""masiva"", ""p30"": ""valles"", ""p31"": ""pronunciados"", ""p33"": ""dentados"", ""p35"": ""sin"", ""p42"": ""mayor_0_5"", ""p45"": ""toscas"", ""p47"": ""2_5""}"
isophyllia_sinuosa,Isophyllia sinuosa,Coral Cerebro,Mussidae,Escleractinio,"Es como roca redonda, tiene surcos sinuosos y es café.","{""p1"": ""s"", ""p4"": ""colonial"", ""p6"": ""no"", ""p19"": ""masiva"", ""p30"": ""valles"", ""p31"": ""pronunciados"", ""p33"": ""dentados"", ""p35"": ""sin"", ""p42"": ""mayor_0_5"", ""p45"": ""toscas"", ""p47"": ""2_5""}"
isophyllia_sinuosa,Isophyllia sinuosa,Coral Cerebro,Mussidae,Escleractinio,Un coral esférico que tiene surcos profundos y es esqueleto calcáreo.,"{""p1"": ""s"", ""p4"": ""colonial"", ""p6"": ""no"", ""p19"": ""masiva"", ""p30"": ""valles"", ""p31"": ""pronunciados"", ""p33"": ""dentados"", ""p35"": ""sin"", ""p42"": ""mayor_0_5"", ""p45"": ""toscas"", ""p47"": ""2_5""}"
isophyllia_sinuosa,Isophyllia sinuosa,Coral Cerebro,Mussidae,Escleractinio,"Estaba buceando y vi crecimiento macizo con laberinto, color grisáceo.","{""p1"": ""s"", ""p4"": ""colonial"", ""p6"": ""no"", ""p19"": ""masiva"", ""p30"": ""valles"", ""p31"": ""pronunciados"", ""p33"": ""dentados"", ""p35"": ""sin"", ""p42"": ""mayor_0_5"", ""p45"": ""toscas"", ""p47"": ""2_5""}"
isophyllia_sinuosa,Isophyllia sinuosa,Coral Cerebro,Mussidae,Escleractinio,"Encontré esto: como una pelota, se ve valles profundos, color color piedra.","{""p1"": ""s"", ""p4"": ""colonial"", ""p6"": ""no"", ""p19"": ""masiva"", ""p30"": ""valles"", ""p31"": ""pronunciados"", ""p33"": ""dentados"", ""p35"": ""sin"", ""p42"": ""mayor_0_5"", ""p45"": ""toscas"", ""p47"": ""2_5""}"
isophyllia_sinuosa,Isophyllia sinuosa,Coral Cerebro,Mussidae,Escleractinio,Coral masivo con valles de 2.5 cm de ancho. 8 escleroseptos por cm. Presenta color amarillento y superficie lisa.,"{""p1"": ""s"", ""p4"": ""colonial"", ""p6"": ""no"", ""p19"": ""masiva"", ""p30"": ""valles"", ""p31"": ""pronunciados"", ""p33"": ""dentados"", ""p35"": ""sin"", ""p42"": ""mayor_0_5"", ""p45"": ""toscas"", ""p47"": ""2_5""}"
isophyllia_sinuosa,Isophyllia sinuosa,Coral Cerebro,Mussidae,Escleractinio,"Vi un coral montículo rocoso, tiene forma de cerebro, parece como arena.","{""p1"": ""s"", ""p4"": ""colonial"", ""p6"": ""no"", ""p19"": ""masiva"", ""p30"": ""valles"", ""p31"": ""pronunciados"", ""p33"": ""dentados"", ""p35"": ""sin"", ""p42"": ""mayor_0_5"", ""p45"": ""toscas"", ""p47"": ""2_5""}"
isophyllia_sinuosa,Isophyllia sinuosa,Coral Cerebro,Mussidae,Escleractinio,"parece una piedra grande con pinta de parece un cerebro, tono café.","{""p1"": ""s"", ""p4"": ""colonial"", ""p6"": ""no"", ""p19"": ""masiva"", ""p30"": ""valles"", ""p31"": ""pronunciados"", ""p33"": ""dentados"", ""p35"": ""sin"", ""p42"": ""mayor_0_5"", ""p45"": ""toscas"", ""p47"": ""2_5""}"
isophyllia_sinuosa,Isophyllia sinuosa,Coral Cerebro,Mussidae,Escleractinio,Coral masivo con valles de 2.5 cm de ancho. 8 escleroseptos por cm. Presenta color amarillento y como esponja.,"{""p1"": ""s"", ""p4"": ""colonial"", ""p6"": ""no"", ""p19"": ""masiva"", ""p30"": ""valles"", ""p31"": ""pronunciados"", ""p33"": ""dentados"", ""p35"": ""sin"", ""p42"": ""mayor_0_5"", ""p45"": ""toscas"", ""p47"": ""2_5""}"
isophyllia_sinuosa,Isophyllia sinuosa,Coral Cerebro,Mussidae,Escleractinio,"Especie roca redonda, presenta surcos profundos, tonalidad café.","{""p1"": ""s"", ""p4"": ""colonial"", ""p6"": ""no"", ""p19"": ""masiva"", ""p30"": ""valles"", ""p31"": ""pronunciados"", ""p33"": ""dentados"", ""p35"": ""sin"", ""p42"": ""mayor_0_5"", ""p45"": ""toscas"", ""p47"": ""2_5""}"
isophyllia_sinuosa,Isophyllia sinuosa,Coral Cerebro,Mussidae,Escleractinio,"Vi un coral redonda, tiene surcos sinuosos, parece color grisáceo.","{""p1"": ""s"", ""p4"": ""colonial"", ""p6"": ""no"", ""p19"": ""masiva"", ""p30"": ""valles"", ""p31"": ""pronunciados"", ""p33"": ""dentados"", ""p35"": ""sin"", ""p42"": ""mayor_0_5"", ""p45"": ""toscas"", ""p47"": ""2_5""}"
isophyllia_sinuosa,Isophyllia sinuosa,Coral Cerebro,Mussidae,Escleractinio,Tipo: esférica. Superficie: valles y colinas. Color: marrón.,"{""p1"": ""s"", ""p4"": ""colonial"", ""p6"": ""no"", ""p19"": ""masiva"", ""p30"": ""valles"", ""p31"": ""pronunciados"", ""p33"": ""dentados"", ""p35"": ""sin"", ""p42"": ""mayor_0_5"", ""p45"": ""toscas"", ""p47"": ""2_5""}"
isophyllia_sinuosa,Isophyllia sinuosa,Coral Cerebro,Mussidae,Escleractinio,"Estaba buceando y vi esfera rocosa con crestas y valles, color marrón.","{""p1"": ""s"", ""p4"": ""colonial"", ""p6"": ""no"", ""p19"": ""masiva"", ""p30"": ""valles"", ""p31"": ""pronunciados"", ""p33"": ""dentados"", ""p35"": ""sin"", ""p42"": ""mayor_0_5"", ""p45"": ""toscas"", ""p47"": ""2_5""}"
isophyllia_sinuosa,Isophyllia sinuosa,Coral Cerebro,Mussidae,Escleractinio,Un coral esférico que tiene crestas y valles y es duro como roca.,"{""p1"": ""s"", ""p4"": ""colonial"", ""p6"": ""no"", ""p19"": ""masiva"", ""p30"": ""valles"", ""p31"": ""pronunciados"", ""p33"": ""dentados"", ""p35"": ""sin"", ""p42"": ""mayor_0_5"", ""p45"": ""toscas"", ""p47"": ""2_5""}"
isophyllia_sinuosa,Isophyllia sinuosa,Coral Cerebro,Mussidae,Escleractinio,"Estaba buceando y vi estructura globosa con con surcos, beige.","{""p1"": ""s"", ""p4"": ""colonial"", ""p6"": ""no"", ""p19"": ""masiva"", ""p30"": ""valles"", ""p31"": ""pronunciados"", ""p33"": ""dentados"", ""p35"": ""sin"", ""p42"": ""mayor_0_5"", ""p45"": ""toscas"", ""p47"": ""2_5""}"
isophyllia_sinuosa,Isophyllia sinuosa,Coral Cerebro,Mussidae,Escleractinio,Coral masivo con valles de 2.5 cm de ancho. 8 escleroseptos por cm. Presenta verdoso y como esponja.,"{""p1"": ""s"", ""p4"": ""colonial"", ""p6"": ""no"", ""p19"": ""masiva"", ""p30"": ""valles"", ""p31"": ""pronunciados"", ""p33"": ""dentados"", ""p35"": ""sin"", ""p42"": ""mayor_0_5"", ""p45"": ""toscas"", ""p47"": ""2_5""}"
isophyllia_sinuosa,Isophyllia sinuosa,Coral Cerebro,Mussidae,Escleractinio,"Es un coral montículo rocoso, superficie rugosa, con surcos de color marrón.","{""p1"": ""s"", ""p4"": ""colonial"", ""p6"": ""no"", ""p19"": ""masiva"", ""p30"": ""valles"", ""p31"": ""pronunciados"", ""p33"": ""dentados"", ""p35"": ""sin"", ""p42"": ""mayor_0_5"", ""p45"": ""toscas"", ""p47"": ""2_5""}"
isophyllia_sinuosa,Isophyllia sinuosa,Coral Cerebro,Mussidae,Escleractinio,"Como esfera rocosa pero con surcos, liso, color café.","{""p1"": ""s"", ""p4"": ""colonial"", ""p6"": ""no"", ""p19"": ""masiva"", ""p30"": ""valles"", ""p31"": ""pronunciados"", ""p33"": ""dentados"", ""p35"": ""sin"", ""p42"": ""mayor_0_5"", ""p45"": ""toscas"", ""p47"": ""2_5""}"
isophyllia_sinuosa,Isophyllia sinuosa,Coral Cerebro,Mussidae,Escleractinio,"Coral de tipo como un domo, superficie laberinto, superficie uniforme.","{""p1"": ""s"", ""p4"": ""colonial"", ""p6"": ""no"", ""p19"": ""masiva"", ""p30"": ""valles"", ""p31"": ""pronunciados"", ""p33"": ""dentados"", ""p35"": ""sin"", ""p42"": ""mayor_0_5"", ""p45"": ""toscas"", ""p47"": ""2_5""}"
isophyllia_sinuosa,Isophyllia sinuosa,Coral Cerebro,Mussidae,Escleractinio,Un coral crecimiento macizo que tiene superficie cerebroide y es superficie rugosa.,"{""p1"": ""s"", ""p4"": ""colonial"", ""p6"": ""no"", ""p19"": ""masiva"", ""p30"": ""valles"", ""p31"": ""pronunciados"", ""p33"": ""dentados"", ""p35"": ""sin"", ""p42"": ""mayor_0_5"", ""p45"": ""toscas"", ""p47"": ""2_5""}"
isophyllia_sinuosa,Isophyllia sinuosa,Coral Cerebro,Mussidae,Escleractinio,Forma: parece un balón. Textura: surcos profundos. Tono: marrón.,"{""p1"": ""s"", ""p4"": ""colonial"", ""p6"": ""no"", ""p19"": ""masiva"", ""p30"": ""valles"", ""p31"": ""pronunciados"", ""p33"": ""dentados"", ""p35"": ""sin"", ""p42"": ""mayor_0_5"", ""p45"": ""toscas"", ""p47"": ""2_5""}"
isophyllia_sinuosa,Isophyllia sinuosa,Coral Cerebro,Mussidae,Escleractinio,Coral masivo con valles de 2.5 cm de ancho. 8 escleroseptos por cm. Presenta color tierra y superficie irregular.,"{""p1"": ""s"", ""p4"": ""colonial"", ""p6"": ""no"", ""p19"": ""masiva"", ""p30"": ""valles"", ""p31"": ""pronunciados"", ""p33"": ""dentados"", ""p35"": ""sin"", ""p42"": ""mayor_0_5"", ""p45"": ""toscas"", ""p47"": ""2_5""}"
isophyllia_sinuosa,Isophyllia sinuosa,Coral Cerebro,Mussidae,Escleractinio,"Como colonias hemisféricas pero con forma de cerebro, superficie porosa, beige.","{""p1"": ""s"", ""p4"": ""colonial"", ""p6"": ""no"", ""p19"": ""masiva"", ""p30"": ""valles"", ""p31"": ""pronunciados"", ""p33"": ""dentados"", ""p35"": ""sin"", ""p42"": ""mayor_0_5"", ""p45"": ""toscas"", ""p47"": ""2_5""}"
isophyllia_sinuosa,Isophyllia sinuosa,Coral Cerebro,Mussidae,Escleractinio,Coral masivo con valles de 2.5 cm de ancho. 8 escleroseptos por cm. Presenta color marrón claro y textura áspera.,"{""p1"": ""s"", ""p4"": ""colonial"", ""p6"": ""no"", ""p19"": ""masiva"", ""p30"": ""valles"", ""p31"": ""pronunciados"", ""p33"": ""dentados"", ""p35"": ""sin"", ""p42"": ""mayor_0_5"", ""p45"": ""toscas"", ""p47"": ""2_5""}"
isophyllia_sinuosa,Isophyllia sinuosa,Coral Cerebro,Mussidae,Escleractinio,Un coral roca redonda que tiene valles profundos y es duro como roca.,"{""p1"": ""s"", ""p4"": ""colonial"", ""p6"": ""no"", ""p19"": ""masiva"", ""p30"": ""valles"", ""p31"": ""pronunciados"", ""p33"": ""dentados"", ""p35"": ""sin"", ""p42"": ""mayor_0_5"", ""p45"": ""toscas"", ""p47"": ""2_5""}"
isophyllia_sinuosa,Isophyllia sinuosa,Coral Cerebro,Mussidae,Escleractinio,"Estaba buceando y vi redondo con como un cerebro, color piedra.","{""p1"": ""s"", ""p4"": ""colonial"", ""p6"": ""no"", ""p19"": ""masiva"", ""p30"": ""valles"", ""p31"": ""pronunciados"", ""p33"": ""dentados"", ""p35"": ""sin"", ""p42"": ""mayor_0_5"", ""p45"": ""toscas"", ""p47"": ""2_5""}"
isophyllia_sinuosa,Isophyllia sinuosa,Coral Cerebro,Mussidae,Escleractinio,Forma: redonda. Textura: valles sinuosos. Tono: verdoso.,"{""p1"": ""s"", ""p4"": ""colonial"", ""p6"": ""no"", ""p19"": ""masiva"", ""p30"": ""valles"", ""p31"": ""pronunciados"", ""p33"": ""dentados"", ""p35"": ""sin"", ""p42"": ""mayor_0_5"", ""p45"": ""toscas"", ""p47"": ""2_5""}"
isophyllia_sinuosa,Isophyllia sinuosa,Coral Cerebro,Mussidae,Escleractinio,"Estaba buceando y vi como una pelota con forma de cerebro, color café claro.","{""p1"": ""s"", ""p4"": ""colonial"", ""p6"": ""no"", ""p19"": ""masiva"", ""p30"": ""valles"", ""p31"": ""pronunciados"", ""p33"": ""dentados"", ""p35"": ""sin"", ""p42"": ""mayor_0_5"", ""p45"": ""toscas"", ""p47"": ""2_5""}"
isophyllia_sinuosa,Isophyllia sinuosa,Coral Cerebro,Mussidae,Escleractinio,"esférica con pinta de valles y colinas, tono color marrón claro.","{""p1"": ""s"", ""p4"": ""colonial"", ""p6"": ""no"", ""p19"": ""masiva"", ""p30"": ""valles"", ""p31"": ""pronunciados"", ""p33"": ""dentados"", ""p35"": ""sin"", ""p42"": ""mayor_0_5"", ""p45"": ""toscas"", ""p47"": ""2_5""}"
isophyllia_sinuosa,Isophyllia sinuosa,Coral Cerebro,Mussidae,Escleractinio,Coral masivo con valles de 2.5 cm de ancho. 8 escleroseptos por cm. Presenta verdoso y esponjoso.,"{""p1"": ""s"", ""p4"": ""colonial"", ""p6"": ""no"", ""p19"": ""masiva"", ""p30"": ""valles"", ""p31"": ""pronunciados"", ""p33"": ""dentados"", ""p35"": ""sin"", ""p42"": ""mayor_0_5"", ""p45"": ""toscas"", ""p47"": ""2_5""}"
isophyllia_sinuosa,Isophyllia sinuosa,Coral Cerebro,Mussidae,Escleractinio,Coral masivo con valles de 2.5 cm de ancho. 8 escleroseptos por cm. Presenta gris y esponjoso.,"{""p1"": ""s"", ""p4"": ""colonial"", ""p6"": ""no"", ""p19"": ""masiva"", ""p30"": ""valles"", ""p31"": ""pronunciados"", ""p33"": ""dentados"", ""p35"": ""sin"", ""p42"": ""mayor_0_5"", ""p45"": ""toscas"", ""p47"": ""2_5""}"
isophyllia_sinuosa,Isophyllia sinuosa,Coral Cerebro,Mussidae,Escleractinio,Coral masivo con valles de 2.5 cm de ancho. 8 escleroseptos por cm. Presenta blanquecino y esqueleto calcáreo.,"{""p1"": ""s"", ""p4"": ""colonial"", ""p6"": ""no"", ""p19"": ""masiva"", ""p30"": ""valles"", ""p31"": ""pronunciados"", ""p33"": ""dentados"", ""p35"": ""sin"", ""p42"": ""mayor_0_5"", ""p45"": ""toscas"", ""p47"": ""2_5""}"
isophyllia_sinuosa,Isophyllia sinuosa,Coral Cerebro,Mussidae,Escleractinio,Coral masivo con valles de 2.5 cm de ancho. 8 escleroseptos por cm. Presenta beige y duro como roca.,"{""p1"": ""s"", ""p4"": ""colonial"", ""p6"": ""no"", ""p19"": ""masiva"", ""p30"": ""valles"", ""p31"": ""pronunciados"", ""p33"": ""dentados"", ""p35"": ""sin"", ""p42"": ""mayor_0_5"", ""p45"": ""toscas"", ""p47"": ""2_5""}"
isophyllia_sinuosa,Isophyllia sinuosa,Coral Cerebro,Mussidae,Escleractinio,Coral masivo con valles de 2.5 cm de ancho. 8 escleroseptos por cm. Presenta verdoso y rugoso.,"{""p1"": ""s"", ""p4"": ""colonial"", ""p6"": ""no"", ""p19"": ""masiva"", ""p30"": ""valles"", ""p31"": ""pronunciados"", ""p33"": ""dentados"", ""p35"": ""sin"", ""p42"": ""mayor_0_5"", ""p45"": ""toscas"", ""p47"": ""2_5""}"
isophyllia_sinuosa,Isophyllia sinuosa,Coral Cerebro,Mussidae,Escleractinio,"Especie como un domo, presenta valles sinuosos, tonalidad beige.","{""p1"": ""s"", ""p4"": ""colonial"", ""p6"": ""no"", ""p19"": ""masiva"", ""p30"": ""valles"", ""p31"": ""pronunciados"", ""p33"": ""dentados"", ""p35"": ""sin"", ""p42"": ""mayor_0_5"", ""p45"": ""toscas"", ""p47"": ""2_5""}"
isophyllia_sinuosa,Isophyllia sinuosa,Coral Cerebro,Mussidae,Escleractinio,"Es como estructura globosa, tiene forma de cerebro y es color amarillento.","{""p1"": ""s"", ""p4"": ""colonial"", ""p6"": ""no"", ""p19"": ""masiva"", ""p30"": ""valles"", ""p31"": ""pronunciados"", ""p33"": ""dentados"", ""p35"": ""sin"", ""p42"": ""mayor_0_5"", ""p45"": ""toscas"", ""p47"": ""2_5""}"
isophyllia_sinuosa,Isophyllia sinuosa,Coral Cerebro,Mussidae,Escleractinio,Coral masivo con valles de 2.5 cm de ancho. 8 escleroseptos por cm. Presenta color café claro y esponjoso.,"{""p1"": ""s"", ""p4"": ""colonial"", ""p6"": ""no"", ""p19"": ""masiva"", ""p30"": ""valles"", ""p31"": ""pronunciados"", ""p33"": ""dentados"", ""p35"": ""sin"", ""p42"": ""mayor_0_5"", ""p45"": ""toscas"", ""p47"": ""2_5""}"
isophyllia_sinuosa,Isophyllia sinuosa,Coral Cerebro,Mussidae,Escleractinio,"Observamos parece una piedra grande con forma de cerebro evidente, coloración tonalidad verdosa.","{""p1"": ""s"", ""p4"": ""colonial"", ""p6"": ""no"", ""p19"": ""masiva"", ""p30"": ""valles"", ""p31"": ""pronunciados"", ""p33"": ""dentados"", ""p35"": ""sin"", ""p42"": ""mayor_0_5"", ""p45"": ""toscas"", ""p47"": ""2_5""}"
isophyllia_sinuosa,Isophyllia sinuosa,Coral Cerebro,Mussidae,Escleractinio,"Coral de tipo colonias hemisféricas, superficie laberinto, superficie uniforme.","{""p1"": ""s"", ""p4"": ""colonial"", ""p6"": ""no"", ""p19"": ""masiva"", ""p30"": ""valles"", ""p31"": ""pronunciados"", ""p33"": ""dentados"", ""p35"": ""sin"", ""p42"": ""mayor_0_5"", ""p45"": ""toscas"", ""p47"": ""2_5""}"
isophyllia_sinuosa,Isophyllia sinuosa,Coral Cerebro,Mussidae,Escleractinio,Coral masivo con valles de 2.5 cm de ancho. 8 escleroseptos por cm.,"{""p1"": ""s"", ""p4"": ""colonial"", ""p6"": ""no"", ""p19"": ""masiva"", ""p30"": ""valles"", ""p31"": ""pronunciados"", ""p33"": ""dentados"", ""p35"": ""sin"", ""p42"": ""mayor_0_5"", ""p45"": ""toscas"", ""p47"": ""2_5""}"
isophyllia_sinuosa,Isophyllia sinuosa,Coral Cerebro,Mussidae,Escleractinio,"Es un coral roca redonda, poroso, con surcos sinuosos de color color grisáceo.","{""p1"": ""s"", ""p4"": ""colonial"", ""p6"": ""no"", ""p19"": ""masiva"", ""p30"": ""valles"", ""p31"": ""pronunciados"", ""p33"": ""dentados"", ""p35"": ""sin"", ""p42"": ""mayor_0_5"", ""p45"": ""toscas"", ""p47"": ""2_5""}"
isophyllia_sinuosa,Isophyllia sinuosa,Coral Cerebro,Mussidae,Escleractinio,Forma: bloque compacto. Textura: valles sinuosos. Tono: color amarillento.,"{""p1"": ""s"", ""p4"": ""colonial"", ""p6"": ""no"", ""p19"": ""masiva"", ""p30"": ""valles"", ""p31"": ""pronunciados"", ""p33"": ""dentados"", ""p35"": ""sin"", ""p42"": ""mayor_0_5"", ""p45"": ""toscas"", ""p47"": ""2_5""}"
isophyllia_sinuosa,Isophyllia sinuosa,Coral Cerebro,Mussidae,Escleractinio,Coral masivo con valles de 2.5 cm de ancho. 8 escleroseptos por cm. Presenta crema y superficie rugosa.,"{""p1"": ""s"", ""p4"": ""colonial"", ""p6"": ""no"", ""p19"": ""masiva"", ""p30"": ""valles"", ""p31"": ""pronunciados"", ""p33"": ""dentados"", ""p35"": ""sin"", ""p42"": ""mayor_0_5"", ""p45"": ""toscas"", ""p47"": ""2_5""}"
isophyllia_sinuosa,Isophyllia sinuosa,Coral Cerebro,Mussidae,Escleractinio,Forma: estructura globosa. Textura: surcos profundos. Tono: color café.,"{""p1"": ""s"", ""p4"": ""colonial"", ""p6"": ""no"", ""p19"": ""masiva"", ""p30"": ""valles"", ""p31"": ""pronunciados"", ""p33"": ""dentados"", ""p35"": ""sin"", ""p42"": ""mayor_0_5"", ""p45"": ""toscas"", ""p47"": ""2_5""}"
isophyllia_sinuosa,Isophyllia sinuosa,Coral Cerebro,Mussidae,Escleractinio,"Vi un coral roca coralina, tiene superficie cerebroide, parece color grisáceo.","{""p1"": ""s"", ""p4"": ""colonial"", ""p6"": ""no"", ""p19"": ""masiva"", ""p30"": ""valles"", ""p31"": ""pronunciados"", ""p33"": ""dentados"", ""p35"": ""sin"", ""p42"": ""mayor_0_5"", ""p45"": ""toscas"", ""p47"": ""2_5""}"
isophyllia_sinuosa,Isophyllia sinuosa,Coral Cerebro,Mussidae,Escleractinio,"Uno forma de domo que está rugoso, con laberinto.","{""p1"": ""s"", ""p4"": ""colonial"", ""p6"": ""no"", ""p19"": ""masiva"", ""p30"": ""valles"", ""p31"": ""pronunciados"", ""p33"": ""dentados"", ""p35"": ""sin"", ""p42"": ""mayor_0_5"", ""p45"": ""toscas"", ""p47"": ""2_5""}"
isophyllia_sinuosa,Isophyllia sinuosa,Coral Cerebro,Mussidae,Escleractinio,Coral masivo con valles de 2.5 cm de ancho. 8 escleroseptos por cm. Presenta color tierra y colonias densas.,"{""p1"": ""s"", ""p4"": ""colonial"", ""p6"": ""no"", ""p19"": ""masiva"", ""p30"": ""valles"", ""p31"": ""pronunciados"", ""p33"": ""dentados"", ""p35"": ""sin"", ""p42"": ""mayor_0_5"", ""p45"": ""toscas"", ""p47"": ""2_5""}"
isophyllastrea_rigida,Isophyllastrea rigida,Coral Estrella,Mussidae,Escleractinio,Coral masivo con copas de diámetro mayor de 1 cm. Presenta color arena y como una roca.,"{""p1"": ""s"", ""p4"": ""colonial"", ""p6"": ""no"", ""p19"": ""masiva"", ""p30"": ""copas"", ""p48"": ""mayor_1""}"
isophyllastrea_rigida,Isophyllastrea rigida,Coral Estrella,Mussidae,Escleractinio,Coral masivo con copas de diámetro mayor de 1 cm. Presenta café y como una roca.,"{""p1"": ""s"", ""p4"": ""colonial"", ""p6"": ""no"", ""p19"": ""masiva"", ""p30"": ""copas"", ""p48"": ""mayor_1""}"
isophyllastrea_rigida,Isophyllastrea rigida,Coral Estrella,Mussidae,Escleractinio,Coral masivo con copas de diámetro mayor de 1 cm. Presenta como arena y superficie lisa.,"{""p1"": ""s"", ""p4"": ""colonial"", ""p6"": ""no"", ""p19"": ""masiva"", ""p30"": ""copas"", ""p48"": ""mayor_1""}"
isophyllastrea_rigida,Isophyllastrea rigida,Coral Estrella,Mussidae,Escleractinio,Coral masivo con copas de diámetro mayor de 1 cm. Presenta beige y como una roca.,"{""p1"": ""s"", ""p4"": ""colonial"", ""p6"": ""no"", ""p19"": ""masiva"", ""p30"": ""copas"", ""p48"": ""mayor_1""}"
isophyllastrea_rigida,Isophyllastrea rigida,Coral Estrella,Mussidae,Escleractinio,"Como montículo rocoso pero con coralitos en forma de copa, áspero al tacto, blanquecino.","{""p1"": ""s"", ""p4"": ""colonial"", ""p6"": ""no"", ""p19"": ""masiva"", ""p30"": ""copas"", ""p48"": ""mayor_1""}"
isophyllastrea_rigida,Isophyllastrea rigida,Coral Estrella,Mussidae,Escleractinio,"Estaba buceando y vi estructura globosa con como panal, como arena.","{""p1"": ""s"", ""p4"": ""colonial"", ""p6"": ""no"", ""p19"": ""masiva"", ""p30"": ""copas"", ""p48"": ""mayor_1""}"
isophyllastrea_rigida,Isophyllastrea rigida,Coral Estrella,Mussidae,Escleractinio,"Vi un coral parece una piedra grande, tiene con huecos, parece color café.","{""p1"": ""s"", ""p4"": ""colonial"", ""p6"": ""no"", ""p19"": ""masiva"", ""p30"": ""copas"", ""p48"": ""mayor_1""}"
isophyllastrea_rigida,Isophyllastrea rigida,Coral Estrella,Mussidae,Escleractinio,"Estaba buceando y vi como una pelota con huequitos, color arena.","{""p1"": ""s"", ""p4"": ""colonial"", ""p6"": ""no"", ""p19"": ""masiva"", ""p30"": ""copas"", ""p48"": ""mayor_1""}"
isophyllastrea_rigida,Isophyllastrea rigida,Coral Estrella,Mussidae,Escleractinio,"Estaba buceando y vi esfera rocosa con hoyuelos, color café claro.","{""p1"": ""s"", ""p4"": ""colonial"", ""p6"": ""no"", ""p19"": ""masiva"", ""p30"": ""copas"", ""p48"": ""mayor_1""}"
isophyllastrea_rigida,Isophyllastrea rigida,Coral Estrella,Mussidae,Escleractinio,Coral masivo con copas de diámetro mayor de 1 cm. Presenta color café claro y esponjoso.,"{""p1"": ""s"", ""p4"": ""colonial"", ""p6"": ""no"", ""p19"": ""masiva"", ""p30"": ""copas"", ""p48"": ""mayor_1""}"
isophyllastrea_rigida,Isophyllastrea rigida,Coral Estrella,Mussidae,Escleractinio,"Uno montículo rocoso que está rugoso, con con agujeros.","{""p1"": ""s"", ""p4"": ""colonial"", ""p6"": ""no"", ""p19"": ""masiva"", ""p30"": ""copas"", ""p48"": ""mayor_1""}"
isophyllastrea_rigida,Isophyllastrea rigida,Coral Estrella,Mussidae,Escleractinio,"Es como parece una roca, tiene coralitos en forma de copa y es color piedra.","{""p1"": ""s"", ""p4"": ""colonial"", ""p6"": ""no"", ""p19"": ""masiva"", ""p30"": ""copas"", ""p48"": ""mayor_1""}"
isophyllastrea_rigida,Isophyllastrea rigida,Coral Estrella,Mussidae,Escleractinio,Coral masivo con copas de diámetro mayor de 1 cm. Presenta color marrón y superficie irregular.,"{""p1"": ""s"", ""p4"": ""colonial"", ""p6"": ""no"", ""p19"": ""masiva"", ""p30"": ""copas"", ""p48"": ""mayor_1""}"
isophyllastrea_rigida,Isophyllastrea rigida,Coral Estrella,Mussidae,Escleractinio,Coral masivo con copas de diámetro mayor de 1 cm. Presenta blanquecino y superficie irregular.,"{""p1"": ""s"", ""p4"": ""colonial"", ""p6"": ""no"", ""p19"": ""masiva"", ""p30"": ""copas"", ""p48"": ""mayor_1""}"
isophyllastrea_rigida,Isophyllastrea rigida,Coral Estrella,Mussidae,Escleractinio,"Colonia esférica con coralitos en forma de copa característica, color tierra.","{""p1"": ""s"", ""p4"": ""colonial"", ""p6"": ""no"", ""p19"": ""masiva"", ""p30"": ""copas"", ""p48"": ""mayor_1""}"
isophyllastrea_rigida,Isophyllastrea rigida,Coral Estrella,Mussidae,Escleractinio,Forma: parece una piedra grande. Textura: hoyitos. Tono: marrón.,"{""p1"": ""s"", ""p4"": ""colonial"", ""p6"": ""no"", ""p19"": ""masiva"", ""p30"": ""copas"", ""p48"": ""mayor_1""}"
isophyllastrea_rigida,Isophyllastrea rigida,Coral Estrella,Mussidae,Escleractinio,"Encontré esto: forma redonda, se ve huequitos, color crema.","{""p1"": ""s"", ""p4"": ""colonial"", ""p6"": ""no"", ""p19"": ""masiva"", ""p30"": ""copas"", ""p48"": ""mayor_1""}"
isophyllastrea_rigida,Isophyllastrea rigida,Coral Estrella,Mussidae,Escleractinio,"Colonia como un domo con con hoyitos pequeños característica, blanquecino.","{""p1"": ""s"", ""p4"": ""colonial"", ""p6"": ""no"", ""p19"": ""masiva"", ""p30"": ""copas"", ""p48"": ""mayor_1""}"
isophyllastrea_rigida,Isophyllastrea rigida,Coral Estrella,Mussidae,Escleractinio,"Es como forma redonda, tiene con poros y es café.","{""p1"": ""s"", ""p4"": ""colonial"", ""p6"": ""no"", ""p19"": ""masiva"", ""p30"": ""copas"", ""p48"": ""mayor_1""}"
isophyllastrea_rigida,Isophyllastrea rigida,Coral Estrella,Mussidae,Escleractinio,"roca redonda con pinta de como una esponja, tono color café claro.","{""p1"": ""s"", ""p4"": ""colonial"", ""p6"": ""no"", ""p19"": ""masiva"", ""p30"": ""copas"", ""p48"": ""mayor_1""}"
isophyllastrea_rigida,Isophyllastrea rigida,Coral Estrella,Mussidae,Escleractinio,Coral masivo con copas de diámetro mayor de 1 cm. Presenta color amarillento y duro como roca.,"{""p1"": ""s"", ""p4"": ""colonial"", ""p6"": ""no"", ""p19"": ""masiva"", ""p30"": ""copas"", ""p48"": ""mayor_1""}"
isophyllastrea_rigida,Isophyllastrea rigida,Coral Estrella,Mussidae,Escleractinio,Coral masivo con copas de diámetro mayor de 1 cm. Presenta color marrón claro y colonias densas.,"{""p1"": ""s"", ""p4"": ""colonial"", ""p6"": ""no"", ""p19"": ""masiva"", ""p30"": ""copas"", ""p48"": ""mayor_1""}"
isophyllastrea_rigida,Isophyllastrea rigida,Coral Estrella,Mussidae,Escleractinio,Forma: esfera rocosa. Textura: con agujeros. Tono: color grisáceo.,"{""p1"": ""s"", ""p4"": ""colonial"", ""p6"": ""no"", ""p19"": ""masiva"", ""p30"": ""copas"", ""p48"": ""mayor_1""}"
isophyllastrea_rigida,Isophyllastrea rigida,Coral Estrella,Mussidae,Escleractinio,Tipo: parece una roca. Superficie: pequeñas copas. Color: color café claro.,"{""p1"": ""s"", ""p4"": ""colonial"", ""p6"": ""no"", ""p19"": ""masiva"", ""p30"": ""copas"", ""p48"": ""mayor_1""}"
isophyllastrea_rigida,Isophyllastrea rigida,Coral Estrella,Mussidae,Escleractinio,"Parece esférica con con huecos, color arena.","{""p1"": ""s"", ""p4"": ""colonial"", ""p6"": ""no"", ""p19"": ""masiva"", ""p30"": ""copas"", ""p48"": ""mayor_1""}"
isophyllastrea_rigida,Isophyllastrea rigida,Coral Estrella,Mussidae,Escleractinio,"Estaba buceando y vi forma de roca con como una colmena, beige.","{""p1"": ""s"", ""p4"": ""colonial"", ""p6"": ""no"", ""p19"": ""masiva"", ""p30"": ""copas"", ""p48"": ""mayor_1""}"
isophyllastrea_rigida,Isophyllastrea rigida,Coral Estrella,Mussidae,Escleractinio,"Es como como una bola, tiene aberturas circulares y es beige.","{""p1"": ""s"", ""p4"": ""colonial"", ""p6"": ""no"", ""p19"": ""masiva"", ""p30"": ""copas"", ""p48"": ""mayor_1""}"
isophyllastrea_rigida,Isophyllastrea rigida,Coral Estrella,Mussidae,Escleractinio,"Es como estructura globosa, tiene agujeritos y es color café.","{""p1"": ""s"", ""p4"": ""colonial"", ""p6"": ""no"", ""p19"": ""masiva"", ""p30"": ""copas"", ""p48"": ""mayor_1""}"
isophyllastrea_rigida,Isophyllastrea rigida,Coral Estrella,Mussidae,Escleractinio,Tipo: forma de roca. Superficie: superficie con copas. Color: verdoso.,"{""p1"": ""s"", ""p4"": ""colonial"", ""p6"": ""no"", ""p19"": ""masiva"", ""p30"": ""copas"", ""p48"": ""mayor_1""}"
isophyllastrea_rigida,Isophyllastrea rigida,Coral Estrella,Mussidae,Escleractinio,"parece una piedra grande con pinta de poros de coralitos, tono blanquecino.","{""p1"": ""s"", ""p4"": ""colonial"", ""p6"": ""no"", ""p19"": ""masiva"", ""p30"": ""copas"", ""p48"": ""mayor_1""}"
isophyllastrea_rigida,Isophyllastrea rigida,Coral Estrella,Mussidae,Escleractinio,Tipo: forma redonda. Superficie: coralitos en forma de copa. Color: crema.,"{""p1"": ""s"", ""p4"": ""colonial"", ""p6"": ""no"", ""p19"": ""masiva"", ""p30"": ""copas"", ""p48"": ""mayor_1""}"
isophyllastrea_rigida,Isophyllastrea rigida,Coral Estrella,Mussidae,Escleractinio,"Uno forma de roca que está colonias densas, con aberturas circulares.","{""p1"": ""s"", ""p4"": ""colonial"", ""p6"": ""no"", ""p19"": ""masiva"", ""p30"": ""copas"", ""p48"": ""mayor_1""}"
isophyllastrea_rigida,Isophyllastrea rigida,Coral Estrella,Mussidae,Escleractinio,"Especie estructura globosa, presenta hoyuelos, tonalidad marrón.","{""p1"": ""s"", ""p4"": ""colonial"", ""p6"": ""no"", ""p19"": ""masiva"", ""p30"": ""copas"", ""p48"": ""mayor_1""}"
isophyllastrea_rigida,Isophyllastrea rigida,Coral Estrella,Mussidae,Escleractinio,"parece una piedra grande, como una colmena, gris.","{""p1"": ""s"", ""p4"": ""colonial"", ""p6"": ""no"", ""p19"": ""masiva"", ""p30"": ""copas"", ""p48"": ""mayor_1""}"
isophyllastrea_rigida,Isophyllastrea rigida,Coral Estrella,Mussidae,Escleractinio,"Colonia esférico con como poros característica, beige.","{""p1"": ""s"", ""p4"": ""colonial"", ""p6"": ""no"", ""p19"": ""masiva"", ""p30"": ""copas"", ""p48"": ""mayor_1""}"
isophyllastrea_rigida,Isophyllastrea rigida,Coral Estrella,Mussidae,Escleractinio,Coral masivo con copas de diámetro mayor de 1 cm. Presenta café y rugoso.,"{""p1"": ""s"", ""p4"": ""colonial"", ""p6"": ""no"", ""p19"": ""masiva"", ""p30"": ""copas"", ""p48"": ""mayor_1""}"
isophyllastrea_rigida,Isophyllastrea rigida,Coral Estrella,Mussidae,Escleractinio,Coral masivo con copas de diámetro mayor de 1 cm. Presenta color amarillento y superficie lisa.,"{""p1"": ""s"", ""p4"": ""colonial"", ""p6"": ""no"", ""p19"": ""masiva"", ""p30"": ""copas"", ""p48"": ""mayor_1""}"
isophyllastrea_rigida,Isophyllastrea rigida,Coral Estrella,Mussidae,Escleractinio,"Vi un coral redonda, tiene pequeños hoyos, parece color marrón claro.","{""p1"": ""s"", ""p4"": ""colonial"", ""p6"": ""no"", ""p19"": ""masiva"", ""p30"": ""copas"", ""p48"": ""mayor_1""}"
isophyllastrea_rigida,Isophyllastrea rigida,Coral Estrella,Mussidae,Escleractinio,"Coral de tipo forma de roca, superficie agujeritos, poroso.","{""p1"": ""s"", ""p4"": ""colonial"", ""p6"": ""no"", ""p19"": ""masiva"", ""p30"": ""copas"", ""p48"": ""mayor_1""}"
isophyllastrea_rigida,Isophyllastrea rigida,Coral Estrella,Mussidae,Escleractinio,Coral masivo con copas de diámetro mayor de 1 cm. Presenta café y esqueleto calcáreo.,"{""p1"": ""s"", ""p4"": ""colonial"", ""p6"": ""no"", ""p19"": ""masiva"", ""p30"": ""copas"", ""p48"": ""mayor_1""}"
isophyllastrea_rigida,Isophyllastrea rigida,Coral Estrella,Mussidae,Escleractinio,Forma: forma redonda. Textura: como poros. Tono: color amarillento.,"{""p1"": ""s"", ""p4"": ""colonial"", ""p6"": ""no"", ""p19"": ""masiva"", ""p30"": ""copas"", ""p48"": ""mayor_1""}"
isophyllastrea_rigida,Isophyllastrea rigida,Coral Estrella,Mussidae,Escleractinio,Tipo: forma de roca. Superficie: pequeñas copas. Color: color café claro.,"{""p1"": ""s"", ""p4"": ""colonial"", ""p6"": ""no"", ""p19"": ""masiva"", ""p30"": ""copas"", ""p48"": ""mayor_1""}"
isophyllastrea_rigida,Isophyllastrea rigida,Coral Estrella,Mussidae,Escleractinio,"Es como roca redonda, tiene superficie con copas y es color marrón claro.","{""p1"": ""s"", ""p4"": ""colonial"", ""p6"": ""no"", ""p19"": ""masiva"", ""p30"": ""copas"", ""p48"": ""mayor_1""}"
isophyllastrea_rigida,Isophyllastrea rigida,Coral Estrella,Mussidae,Escleractinio,Coral masivo con copas de diámetro mayor de 1 cm. Presenta como arena y como esponja.,"{""p1"": ""s"", ""p4"": ""colonial"", ""p6"": ""no"", ""p19"": ""masiva"", ""p30"": ""copas"", ""p48"": ""mayor_1""}"
isophyllastrea_rigida,Isophyllastrea rigida,Coral Estrella,Mussidae,Escleractinio,"Observamos estructura globosa con pequeñas celdas circulares evidente, coloración como arena.","{""p1"": ""s"", ""p4"": ""colonial"", ""p6"": ""no"", ""p19"": ""masiva"", ""p30"": ""copas"", ""p48"": ""mayor_1""}"
isophyllastrea_rigida,Isophyllastrea rigida,Coral Estrella,Mussidae,Escleractinio,Coral masivo con copas de diámetro mayor de 1 cm. Presenta como arena y rugoso.,"{""p1"": ""s"", ""p4"": ""colonial"", ""p6"": ""no"", ""p19"": ""masiva"", ""p30"": ""copas"", ""p48"": ""mayor_1""}"
isophyllastrea_rigida,Isophyllastrea rigida,Coral Estrella,Mussidae,Escleractinio,Coral masivo con copas de diámetro mayor de 1 cm. Presenta verdoso y textura áspera.,"{""p1"": ""s"", ""p4"": ""colonial"", ""p6"": ""no"", ""p19"": ""masiva"", ""p30"": ""copas"", ""p48"": ""mayor_1""}"
isophyllastrea_rigida,Isophyllastrea rigida,Coral Estrella,Mussidae,Escleractinio,"Estaba buceando y vi como un domo con con hoyitos pequeños, color marrón.","{""p1"": ""s"", ""p4"": ""colonial"", ""p6"": ""no"", ""p19"": ""masiva"", ""p30"": ""copas"", ""p48"": ""mayor_1""}"
isophyllastrea_rigida,Isophyllastrea rigida,Coral Estrella,Mussidae,Escleractinio,Coral masivo con copas de diámetro mayor de 1 cm.,"{""p1"": ""s"", ""p4"": ""colonial"", ""p6"": ""no"", ""p19"": ""masiva"", ""p30"": ""copas"", ""p48"": ""mayor_1""}"
isophyllastrea_rigida,Isophyllastrea rigida,Coral Estrella,Mussidae,Escleractinio,"como una pelota, agujeritos, blanquecino.","{""p1"": ""s"", ""p4"": ""colonial"", ""p6"": ""no"", ""p19"": ""masiva"", ""p30"": ""copas"", ""p48"": ""mayor_1""}"
isophyllastrea_rigida,Isophyllastrea rigida,Coral Estrella,Mussidae,Escleractinio,"esfera rocosa con pinta de pequeños hoyos, tono amarillento.","{""p1"": ""s"", ""p4"": ""colonial"", ""p6"": ""no"", ""p19"": ""masiva"", ""p30"": ""copas"", ""p48"": ""mayor_1""}"
mycetophyllia_aliciae,Mycetophyllia aliciae,Coral de Placas,Mussidae,Escleractinio,Coral masivo con valles y septos iguales o más gruesos que los interespacios. Presenta café y como una roca.,"{""p1"": ""s"", ""p4"": ""colonial"", ""p6"": ""no"", ""p19"": ""masiva"", ""p30"": ""valles"", ""p31"": ""pronunciados"", ""p33"": ""dentados"", ""p35"": ""con"", ""p36"": ""sencilla"", ""p39"": ""iguales""}"
mycetophyllia_aliciae,Mycetophyllia aliciae,Coral de Placas,Mussidae,Escleractinio,"Encontré esto: como un montículo, se ve surcos sinuosos, color crema.","{""p1"": ""s"", ""p4"": ""colonial"", ""p6"": ""no"", ""p19"": ""masiva"", ""p30"": ""valles"", ""p31"": ""pronunciados"", ""p33"": ""dentados"", ""p35"": ""con"", ""p36"": ""sencilla"", ""p39"": ""iguales""}"
mycetophyllia_aliciae,Mycetophyllia aliciae,Coral de Placas,Mussidae,Escleractinio,Coral masivo con valles y septos iguales o más gruesos que los interespacios.,"{""p1"": ""s"", ""p4"": ""colonial"", ""p6"": ""no"", ""p19"": ""masiva"", ""p30"": ""valles"", ""p31"": ""pronunciados"", ""p33"": ""dentados"", ""p35"": ""con"", ""p36"": ""sencilla"", ""p39"": ""iguales""}"
mycetophyllia_aliciae,Mycetophyllia aliciae,Coral de Placas,Mussidae,Escleractinio,"Uno como una bola que está como esponja, con surcos como cerebro.","{""p1"": ""s"", ""p4"": ""colonial"", ""p6"": ""no"", ""p19"": ""masiva"", ""p30"": ""valles"", ""p31"": ""pronunciados"", ""p33"": ""dentados"", ""p35"": ""con"", ""p36"": ""sencilla"", ""p39"": ""iguales""}"
mycetophyllia_aliciae,Mycetophyllia aliciae,Coral de Placas,Mussidae,Escleractinio,Coral masivo con valles y septos iguales o más gruesos que los interespacios. Presenta crema y duro como roca.,"{""p1"": ""s"", ""p4"": ""colonial"", ""p6"": ""no"", ""p19"": ""masiva"", ""p30"": ""valles"", ""p31"": ""pronunciados"", ""p33"": ""dentados"", ""p35"": ""con"", ""p36"": ""sencilla"", ""p39"": ""iguales""}"
mycetophyllia_aliciae,Mycetophyllia aliciae,Coral de Placas,Mussidae,Escleractinio,Un coral como una pelota que tiene como una nuez y es como esponja.,"{""p1"": ""s"", ""p4"": ""colonial"", ""p6"": ""no"", ""p19"": ""masiva"", ""p30"": ""valles"", ""p31"": ""pronunciados"", ""p33"": ""dentados"", ""p35"": ""con"", ""p36"": ""sencilla"", ""p39"": ""iguales""}"
mycetophyllia_aliciae,Mycetophyllia aliciae,Coral de Placas,Mussidae,Escleractinio,Coral masivo con valles y septos iguales o más gruesos que los interespacios. Presenta blanquecino y colonias densas.,"{""p1"": ""s"", ""p4"": ""colonial"", ""p6"": ""no"", ""p19"": ""masiva"", ""p30"": ""valles"", ""p31"": ""pronunciados"", ""p33"": ""dentados"", ""p35"": ""con"", ""p36"": ""sencilla"", ""p39"": ""iguales""}"
mycetophyllia_aliciae,Mycetophyllia aliciae,Coral de Placas,Mussidae,Escleractinio,"Estaba buceando y vi como un domo con parece un cerebro, café.","{""p1"": ""s"", ""p4"": ""colonial"", ""p6"": ""no"", ""p19"": ""masiva"", ""p30"": ""valles"", ""p31"": ""pronunciados"", ""p33"": ""dentados"", ""p35"": ""con"", ""p36"": ""sencilla"", ""p39"": ""iguales""}"
mycetophyllia_aliciae,Mycetophyllia aliciae,Coral de Placas,Mussidae,Escleractinio,"como una pelota, surcos, marrón.","{""p1"": ""s"", ""p4"": ""colonial"", ""p6"": ""no"", ""p19"": ""masiva"", ""p30"": ""valles"", ""p31"": ""pronunciados"", ""p33"": ""dentados"", ""p35"": ""con"", ""p36"": ""sencilla"", ""p39"": ""iguales""}"
mycetophyllia_aliciae,Mycetophyllia aliciae,Coral de Placas,Mussidae,Escleractinio,Un coral redonda que tiene surcos profundos y es rugoso.,"{""p1"": ""s"", ""p4"": ""colonial"", ""p6"": ""no"", ""p19"": ""masiva"", ""p30"": ""valles"", ""p31"": ""pronunciados"", ""p33"": ""dentados"", ""p35"": ""con"", ""p36"": ""sencilla"", ""p39"": ""iguales""}"
mycetophyllia_aliciae,Mycetophyllia aliciae,Coral de Placas,Mussidae,Escleractinio,"Coral de tipo forma redonda, superficie surcos sinuosos, duro como roca.","{""p1"": ""s"", ""p4"": ""colonial"", ""p6"": ""no"", ""p19"": ""masiva"", ""p30"": ""valles"", ""p31"": ""pronunciados"", ""p33"": ""dentados"", ""p35"": ""con"", ""p36"": ""sencilla"", ""p39"": ""iguales""}"
mycetophyllia_aliciae,Mycetophyllia aliciae,Coral de Placas,Mussidae,Escleractinio,Coral masivo con valles y septos iguales o más gruesos que los interespacios. Presenta crema y esqueleto calcáreo.,"{""p1"": ""s"", ""p4"": ""colonial"", ""p6"": ""no"", ""p19"": ""masiva"", ""p30"": ""valles"", ""p31"": ""pronunciados"", ""p33"": ""dentados"", ""p35"": ""con"", ""p36"": ""sencilla"", ""p39"": ""iguales""}"
mycetophyllia_aliciae,Mycetophyllia aliciae,Coral de Placas,Mussidae,Escleractinio,"Vi un coral redondo, tiene surcos como cerebro, parece amarillento.","{""p1"": ""s"", ""p4"": ""colonial"", ""p6"": ""no"", ""p19"": ""masiva"", ""p30"": ""valles"", ""p31"": ""pronunciados"", ""p33"": ""dentados"", ""p35"": ""con"", ""p36"": ""sencilla"", ""p39"": ""iguales""}"
mycetophyllia_aliciae,Mycetophyllia aliciae,Coral de Placas,Mussidae,Escleractinio,Un coral forma de roca que tiene meandros sinuosos y es superficie lisa.,"{""p1"": ""s"", ""p4"": ""colonial"", ""p6"": ""no"", ""p19"": ""masiva"", ""p30"": ""valles"", ""p31"": ""pronunciados"", ""p33"": ""dentados"", ""p35"": ""con"", ""p36"": ""sencilla"", ""p39"": ""iguales""}"
mycetophyllia_aliciae,Mycetophyllia aliciae,Coral de Placas,Mussidae,Escleractinio,"bloque compacto con pinta de surcos, tono color café.","{""p1"": ""s"", ""p4"": ""colonial"", ""p6"": ""no"", ""p19"": ""masiva"", ""p30"": ""valles"", ""p31"": ""pronunciados"", ""p33"": ""dentados"", ""p35"": ""con"", ""p36"": ""sencilla"", ""p39"": ""iguales""}"
mycetophyllia_aliciae,Mycetophyllia aliciae,Coral de Placas,Mussidae,Escleractinio,Coral masivo con valles y septos iguales o más gruesos que los interespacios. Presenta beige y liso.,"{""p1"": ""s"", ""p4"": ""colonial"", ""p6"": ""no"", ""p19"": ""masiva"", ""p30"": ""valles"", ""p31"": ""pronunciados"", ""p33"": ""dentados"", ""p35"": ""con"", ""p36"": ""sencilla"", ""p39"": ""iguales""}"
mycetophyllia_aliciae,Mycetophyllia aliciae,Coral de Placas,Mussidae,Escleractinio,Tipo: roca redonda. Superficie: forma de cerebro. Color: color café.,"{""p1"": ""s"", ""p4"": ""colonial"", ""p6"": ""no"", ""p19"": ""masiva"", ""p30"": ""valles"", ""p31"": ""pronunciados"", ""p33"": ""dentados"", ""p35"": ""con"", ""p36"": ""sencilla"", ""p39"": ""iguales""}"
mycetophyllia_aliciae,Mycetophyllia aliciae,Coral de Placas,Mussidae,Escleractinio,"Es como esférico, tiene valles y colinas y es marrón.","{""p1"": ""s"", ""p4"": ""colonial"", ""p6"": ""no"", ""p19"": ""masiva"", ""p30"": ""valles"", ""p31"": ""pronunciados"", ""p33"": ""dentados"", ""p35"": ""con"", ""p36"": ""sencilla"", ""p39"": ""iguales""}"
mycetophyllia_aliciae,Mycetophyllia aliciae,Coral de Placas,Mussidae,Escleractinio,Coral masivo con valles y septos iguales o más gruesos que los interespacios. Presenta color arena y rugoso.,"{""p1"": ""s"", ""p4"": ""colonial"", ""p6"": ""no"", ""p19"": ""masiva"", ""p30"": ""valles"", ""p31"": ""pronunciados"", ""p33"": ""dentados"", ""p35"": ""con"", ""p36"": ""sencilla"", ""p39"": ""iguales""}"
mycetophyllia_aliciae,Mycetophyllia aliciae,Coral de Placas,Mussidae,Escleractinio,"parece un balón con pinta de surcos sinuosos, tono crema.","{""p1"": ""s"", ""p4"": ""colonial"", ""p6"": ""no"", ""p19"": ""masiva"", ""p30"": ""valles"", ""p31"": ""pronunciados"", ""p33"": ""dentados"", ""p35"": ""con"", ""p36"": ""sencilla"", ""p39"": ""iguales""}"
mycetophyllia_aliciae,Mycetophyllia aliciae,Coral de Placas,Mussidae,Escleractinio,"bloque compacto con pinta de surcos profundos, tono color café claro.","{""p1"": ""s"", ""p4"": ""colonial"", ""p6"": ""no"", ""p19"": ""masiva"", ""p30"": ""valles"", ""p31"": ""pronunciados"", ""p33"": ""dentados"", ""p35"": ""con"", ""p36"": ""sencilla"", ""p39"": ""iguales""}"
mycetophyllia_aliciae,Mycetophyllia aliciae,Coral de Placas,Mussidae,Escleractinio,"Parece esfera rocosa con valles profundos, color piedra.","{""p1"": ""s"", ""p4"": ""colonial"", ""p6"": ""no"", ""p19"": ""masiva"", ""p30"": ""valles"", ""p31"": ""pronunciados"", ""p33"": ""dentados"", ""p35"": ""con"", ""p36"": ""sencilla"", ""p39"": ""iguales""}"
mycetophyllia_aliciae,Mycetophyllia aliciae,Coral de Placas,Mussidae,Escleractinio,"Especie roca redonda, presenta surcos sinuosos, tonalidad color marrón.","{""p1"": ""s"", ""p4"": ""colonial"", ""p6"": ""no"", ""p19"": ""masiva"", ""p30"": ""valles"", ""p31"": ""pronunciados"", ""p33"": ""dentados"", ""p35"": ""con"", ""p36"": ""sencilla"", ""p39"": ""iguales""}"
mycetophyllia_aliciae,Mycetophyllia aliciae,Coral de Placas,Mussidae,Escleractinio,"Estaba buceando y vi como un montículo con surcos como cerebro, color marrón.","{""p1"": ""s"", ""p4"": ""colonial"", ""p6"": ""no"", ""p19"": ""masiva"", ""p30"": ""valles"", ""p31"": ""pronunciados"", ""p33"": ""dentados"", ""p35"": ""con"", ""p36"": ""sencilla"", ""p39"": ""iguales""}"
mycetophyllia_aliciae,Mycetophyllia aliciae,Coral de Placas,Mussidae,Escleractinio,Coral masivo con valles y septos iguales o más gruesos que los interespacios. Presenta color tierra y superficie lisa.,"{""p1"": ""s"", ""p4"": ""colonial"", ""p6"": ""no"", ""p19"": ""masiva"", ""p30"": ""valles"", ""p31"": ""pronunciados"", ""p33"": ""dentados"", ""p35"": ""con"", ""p36"": ""sencilla"", ""p39"": ""iguales""}"
mycetophyllia_aliciae,Mycetophyllia aliciae,Coral de Placas,Mussidae,Escleractinio,"Es como bloque compacto, tiene como un cerebro y es color marrón.","{""p1"": ""s"", ""p4"": ""colonial"", ""p6"": ""no"", ""p19"": ""masiva"", ""p30"": ""valles"", ""p31"": ""pronunciados"", ""p33"": ""dentados"", ""p35"": ""con"", ""p36"": ""sencilla"", ""p39"": ""iguales""}"
mycetophyllia_aliciae,Mycetophyllia aliciae,Coral de Placas,Mussidae,Escleractinio,"Especie forma de domo, presenta forma de cerebro, tonalidad color grisáceo.","{""p1"": ""s"", ""p4"": ""colonial"", ""p6"": ""no"", ""p19"": ""masiva"", ""p30"": ""valles"", ""p31"": ""pronunciados"", ""p33"": ""dentados"", ""p35"": ""con"", ""p36"": ""sencilla"", ""p39"": ""iguales""}"
mycetophyllia_aliciae,Mycetophyllia aliciae,Coral de Placas,Mussidae,Escleractinio,Coral masivo con valles y septos iguales o más gruesos que los interespacios. Presenta color amarillento y duro como roca.,"{""p1"": ""s"", ""p4"": ""colonial"", ""p6"": ""no"", ""p19"": ""masiva"", ""p30"": ""valles"", ""p31"": ""pronunciados"", ""p33"": ""dentados"", ""p35"": ""con"", ""p36"": ""sencilla"", ""p39"": ""iguales""}"
mycetophyllia_aliciae,Mycetophyllia aliciae,Coral de Placas,Mussidae,Escleractinio,Coral masivo con valles y septos iguales o más gruesos que los interespacios. Presenta verdoso y como esponja.,"{""p1"": ""s"", ""p4"": ""colonial"", ""p6"": ""no"", ""p19"": ""masiva"", ""p30"": ""valles"", ""p31"": ""pronunciados"", ""p33"": ""dentados"", ""p35"": ""con"", ""p36"": ""sencilla"", ""p39"": ""iguales""}"
mycetophyllia_aliciae,Mycetophyllia aliciae,Coral de Placas,Mussidae,Escleractinio,Coral masivo con valles y septos iguales o más gruesos que los interespacios. Presenta color café y superficie irregular.,"{""p1"": ""s"", ""p4"": ""colonial"", ""p6"": ""no"", ""p19"": ""masiva"", ""p30"": ""valles"", ""p31"": ""pronunciados"", ""p33"": ""dentados"", ""p35"": ""con"", ""p36"": ""sencilla"", ""p39"": ""iguales""}"
mycetophyllia_aliciae,Mycetophyllia aliciae,Coral de Placas,Mussidae,Escleractinio,"Uno montículo rocoso que está textura áspera, con surcos profundos.","{""p1"": ""s"", ""p4"": ""colonial"", ""p6"": ""no"", ""p19"": ""masiva"", ""p30"": ""valles"", ""p31"": ""pronunciados"", ""p33"": ""dentados"", ""p35"": ""con"", ""p36"": ""sencilla"", ""p39"": ""iguales""}"
mycetophyllia_aliciae,Mycetophyllia aliciae,Coral de Placas,Mussidae,Escleractinio,"Estaba buceando y vi roca viva con valles profundos, color arena.","{""p1"": ""s"", ""p4"": ""colonial"", ""p6"": ""no"", ""p19"": ""masiva"", ""p30"": ""valles"", ""p31"": ""pronunciados"", ""p33"": ""dentados"", ""p35"": ""con"", ""p36"": ""sencilla"", ""p39"": ""iguales""}"
mycetophyllia_aliciae,Mycetophyllia aliciae,Coral de Placas,Mussidae,Escleractinio,Forma: esférica. Textura: surcos sinuosos. Tono: café.,"{""p1"": ""s"", ""p4"": ""colonial"", ""p6"": ""no"", ""p19"": ""masiva"", ""p30"": ""valles"", ""p31"": ""pronunciados"", ""p33"": ""dentados"", ""p35"": ""con"", ""p36"": ""sencilla"", ""p39"": ""iguales""}"
mycetophyllia_aliciae,Mycetophyllia aliciae,Coral de Placas,Mussidae,Escleractinio,"Observamos roca redonda con crestas y valles evidente, coloración amarillento.","{""p1"": ""s"", ""p4"": ""colonial"", ""p6"": ""no"", ""p19"": ""masiva"", ""p30"": ""valles"", ""p31"": ""pronunciados"", ""p33"": ""dentados"", ""p35"": ""con"", ""p36"": ""sencilla"", ""p39"": ""iguales""}"
mycetophyllia_aliciae,Mycetophyllia aliciae,Coral de Placas,Mussidae,Escleractinio,"esférico con pinta de canales, tono color amarillento.","{""p1"": ""s"", ""p4"": ""colonial"", ""p6"": ""no"", ""p19"": ""masiva"", ""p30"": ""valles"", ""p31"": ""pronunciados"", ""p33"": ""dentados"", ""p35"": ""con"", ""p36"": ""sencilla"", ""p39"": ""iguales""}"
mycetophyllia_aliciae,Mycetophyllia aliciae,Coral de Placas,Mussidae,Escleractinio,"Es como estructura globosa, tiene surcos profundos y es blanquecino.","{""p1"": ""s"", ""p4"": ""colonial"", ""p6"": ""no"", ""p19"": ""masiva"", ""p30"": ""valles"", ""p31"": ""pronunciados"", ""p33"": ""dentados"", ""p35"": ""con"", ""p36"": ""sencilla"", ""p39"": ""iguales""}"
mycetophyllia_aliciae,Mycetophyllia aliciae,Coral de Placas,Mussidae,Escleractinio,"Estaba buceando y vi estructura globosa con superficie cerebroide, marrón.","{""p1"": ""s"", ""p4"": ""colonial"", ""p6"": ""no"", ""p19"": ""masiva"", ""p30"": ""valles"", ""p31"": ""pronunciados"", ""p33"": ""dentados"", ""p35"": ""con"", ""p36"": ""sencilla"", ""p39"": ""iguales""}"
mycetophyllia_aliciae,Mycetophyllia aliciae,Coral de Placas,Mussidae,Escleractinio,"como una bola con pinta de valles sinuosos, tono color arena.","{""p1"": ""s"", ""p4"": ""colonial"", ""p6"": ""no"", ""p19"": ""masiva"", ""p30"": ""valles"", ""p31"": ""pronunciados"", ""p33"": ""dentados"", ""p35"": ""con"", ""p36"": ""sencilla"", ""p39"": ""iguales""}"
mycetophyllia_aliciae,Mycetophyllia aliciae,Coral de Placas,Mussidae,Escleractinio,Coral masivo con valles y septos iguales o más gruesos que los interespacios. Presenta color arena y poroso.,"{""p1"": ""s"", ""p4"": ""colonial"", ""p6"": ""no"", ""p19"": ""masiva"", ""p30"": ""valles"", ""p31"": ""pronunciados"", ""p33"": ""dentados"", ""p35"": ""con"", ""p36"": ""sencilla"", ""p39"": ""iguales""}"
mycetophyllia_aliciae,Mycetophyllia aliciae,Coral de Placas,Mussidae,Escleractinio,"Observamos esférico con valles profundos evidente, coloración marrón.","{""p1"": ""s"", ""p4"": ""colonial"", ""p6"": ""no"", ""p19"": ""masiva"", ""p30"": ""valles"", ""p31"": ""pronunciados"", ""p33"": ""dentados"", ""p35"": ""con"", ""p36"": ""sencilla"", ""p39"": ""iguales""}"
mycetophyllia_aliciae,Mycetophyllia aliciae,Coral de Placas,Mussidae,Escleractinio,Coral masivo con valles y septos iguales o más gruesos que los interespacios. Presenta como arena y superficie porosa.,"{""p1"": ""s"", ""p4"": ""colonial"", ""p6"": ""no"", ""p19"": ""masiva"", ""p30"": ""valles"", ""p31"": ""pronunciados"", ""p33"": ""dentados"", ""p35"": ""con"", ""p36"": ""sencilla"", ""p39"": ""iguales""}"
mycetophyllia_aliciae,Mycetophyllia aliciae,Coral de Placas,Mussidae,Escleractinio,"Especie parece una piedra grande, presenta valles profundos, tonalidad como arena.","{""p1"": ""s"", ""p4"": ""colonial"", ""p6"": ""no"", ""p19"": ""masiva"", ""p30"": ""valles"", ""p31"": ""pronunciados"", ""p33"": ""dentados"", ""p35"": ""con"", ""p36"": ""sencilla"", ""p39"": ""iguales""}"
mycetophyllia_aliciae,Mycetophyllia aliciae,Coral de Placas,Mussidae,Escleractinio,"Encontré esto: roca redonda, se ve canales, color color café claro.","{""p1"": ""s"", ""p4"": ""colonial"", ""p6"": ""no"", ""p19"": ""masiva"", ""p30"": ""valles"", ""p31"": ""pronunciados"", ""p33"": ""dentados"", ""p35"": ""con"", ""p36"": ""sencilla"", ""p39"": ""iguales""}"
mycetophyllia_aliciae,Mycetophyllia aliciae,Coral de Placas,Mussidae,Escleractinio,"Vi un coral crecimiento macizo, tiene parece un cerebro, parece beige.","{""p1"": ""s"", ""p4"": ""colonial"", ""p6"": ""no"", ""p19"": ""masiva"", ""p30"": ""valles"", ""p31"": ""pronunciados"", ""p33"": ""dentados"", ""p35"": ""con"", ""p36"": ""sencilla"", ""p39"": ""iguales""}"
mycetophyllia_aliciae,Mycetophyllia aliciae,Coral de Placas,Mussidae,Escleractinio,Coral masivo con valles y septos iguales o más gruesos que los interespacios. Presenta color amarillento y liso.,"{""p1"": ""s"", ""p4"": ""colonial"", ""p6"": ""no"", ""p19"": ""masiva"", ""p30"": ""valles"", ""p31"": ""pronunciados"", ""p33"": ""dentados"", ""p35"": ""con"", ""p36"": ""sencilla"", ""p39"": ""iguales""}"
mycetophyllia_aliciae,Mycetophyllia aliciae,Coral de Placas,Mussidae,Escleractinio,"Colonia coral masivo con forma de cerebro característica, blanquecino.","{""p1"": ""s"", ""p4"": ""colonial"", ""p6"": ""no"", ""p19"": ""masiva"", ""p30"": ""valles"", ""p31"": ""pronunciados"", ""p33"": ""dentados"", ""p35"": ""con"", ""p36"": ""sencilla"", ""p39"": ""iguales""}"
mycetophyllia_aliciae,Mycetophyllia aliciae,Coral de Placas,Mussidae,Escleractinio,Coral masivo con valles y septos iguales o más gruesos que los interespacios. Presenta gris y liso.,"{""p1"": ""s"", ""p4"": ""colonial"", ""p6"": ""no"", ""p19"": ""masiva"", ""p30"": ""valles"", ""p31"": ""pronunciados"", ""p33"": ""dentados"", ""p35"": ""con"", ""p36"": ""sencilla"", ""p39"": ""iguales""}"
mycetophyllia_aliciae,Mycetophyllia aliciae,Coral de Placas,Mussidae,Escleractinio,Coral masivo con valles y septos iguales o más gruesos que los interespacios. Presenta color café y como esponja.,"{""p1"": ""s"", ""p4"": ""colonial"", ""p6"": ""no"", ""p19"": ""masiva"", ""p30"": ""valles"", ""p31"": ""pronunciados"", ""p33"": ""dentados"", ""p35"": ""con"", ""p36"": ""sencilla"", ""p39"": ""iguales""}"
mycetophyllia_aliciae,Mycetophyllia aliciae,Coral de Placas,Mussidae,Escleractinio,"Encontré esto: roca coralina, se ve como una nuez, color color grisáceo.","{""p1"": ""s"", ""p4"": ""colonial"", ""p6"": ""no"", ""p19"": ""masiva"", ""p30"": ""valles"", ""p31"": ""pronunciados"", ""p33"": ""dentados"", ""p35"": ""con"", ""p36"": ""sencilla"", ""p39"": ""iguales""}"
mycetophyllia_aliciae,Mycetophyllia aliciae,Coral de Placas,Mussidae,Escleractinio,"Vi un coral parece un balón, tiene surcos sinuosos, parece tonalidad verdosa.","{""p1"": ""s"", ""p4"": ""colonial"", ""p6"": ""no"", ""p19"": ""masiva"", ""p30"": ""valles"", ""p31"": ""pronunciados"", ""p33"": ""dentados"", ""p35"": ""con"", ""p36"": ""sencilla"", ""p39"": ""iguales""}"
mycetophyllia_aliciae,Mycetophyllia aliciae,Coral de Placas,Mussidae,Escleractinio,"Coral de tipo redondo, superficie surcos, superficie rugosa.","{""p1"": ""s"", ""p4"": ""colonial"", ""p6"": ""no"", ""p19"": ""masiva"", ""p30"": ""valles"", ""p31"": ""pronunciados"", ""p33"": ""dentados"", ""p35"": ""con"", ""p36"": ""sencilla"", ""p39"": ""iguales""}"
mycetophyllia_ferox,Mycetophyllia ferox,Coral de Placas,Mussidae,Escleractinio,"Coral masivo con valles discontinuos, angostos y someros. Presenta marrón y duro como roca.","{""p1"": ""s"", ""p4"": ""colonial"", ""p6"": ""no"", ""p19"": ""masiva"", ""p30"": ""valles"", ""p31"": ""pronunciados"", ""p33"": ""dentados"", ""p35"": ""con"", ""p36"": ""sencilla"", ""p39"": ""delgados"", ""p40"": ""continuas"", ""p41"": ""discontinuos""}"
mycetophyllia_ferox,Mycetophyllia ferox,Coral de Placas,Mussidae,Escleractinio,"Coral masivo con valles discontinuos, angostos y someros. Presenta blanquecino y como esponja.","{""p1"": ""s"", ""p4"": ""colonial"", ""p6"": ""no"", ""p19"": ""masiva"", ""p30"": ""valles"", ""p31"": ""pronunciados"", ""p33"": ""dentados"", ""p35"": ""con"", ""p36"": ""sencilla"", ""p39"": ""delgados"", ""p40"": ""continuas"", ""p41"": ""discontinuos""}"
mycetophyllia_ferox,Mycetophyllia ferox,Coral de Placas,Mussidae,Escleractinio,"Como redonda pero con valles profundos, superficie irregular, tonalidad verdosa.","{""p1"": ""s"", ""p4"": ""colonial"", ""p6"": ""no"", ""p19"": ""masiva"", ""p30"": ""valles"", ""p31"": ""pronunciados"", ""p33"": ""dentados"", ""p35"": ""con"", ""p36"": ""sencilla"", ""p39"": ""delgados"", ""p40"": ""continuas"", ""p41"": ""discontinuos""}"
mycetophyllia_ferox,Mycetophyllia ferox,Coral de Placas,Mussidae,Escleractinio,"forma de domo, como una nuez, color café.","{""p1"": ""s"", ""p4"": ""colonial"", ""p6"": ""no"", ""p19"": ""masiva"", ""p30"": ""valles"", ""p31"": ""pronunciados"", ""p33"": ""dentados"", ""p35"": ""con"", ""p36"": ""sencilla"", ""p39"": ""delgados"", ""p40"": ""continuas"", ""p41"": ""discontinuos""}"
mycetophyllia_ferox,Mycetophyllia ferox,Coral de Placas,Mussidae,Escleractinio,Un coral bloque compacto que tiene surcos y es superficie porosa.,"{""p1"": ""s"", ""p4"": ""colonial"", ""p6"": ""no"", ""p19"": ""masiva"", ""p30"": ""valles"", ""p31"": ""pronunciados"", ""p33"": ""dentados"", ""p35"": ""con"", ""p36"": ""sencilla"", ""p39"": ""delgados"", ""p40"": ""continuas"", ""p41"": ""discontinuos""}"
mycetophyllia_ferox,Mycetophyllia ferox,Coral de Placas,Mussidae,Escleractinio,"Parece coral masivo con con surcos, café.","{""p1"": ""s"", ""p4"": ""colonial"", ""p6"": ""no"", ""p19"": ""masiva"", ""p30"": ""valles"", ""p31"": ""pronunciados"", ""p33"": ""dentados"", ""p35"": ""con"", ""p36"": ""sencilla"", ""p39"": ""delgados"", ""p40"": ""continuas"", ""p41"": ""discontinuos""}"
mycetophyllia_ferox,Mycetophyllia ferox,Coral de Placas,Mussidae,Escleractinio,"Coral masivo con valles discontinuos, angostos y someros. Presenta como arena y áspero al tacto.","{""p1"": ""s"", ""p4"": ""colonial"", ""p6"": ""no"", ""p19"": ""masiva"", ""p30"": ""valles"", ""p31"": ""pronunciados"", ""p33"": ""dentados"", ""p35"": ""con"", ""p36"": ""sencilla"", ""p39"": ""delgados"", ""p40"": ""continuas"", ""p41"": ""discontinuos""}"
mycetophyllia_ferox,Mycetophyllia ferox,Coral de Placas,Mussidae,Escleractinio,"Estaba buceando y vi como una pelota con con grietas, beige.","{""p1"": ""s"", ""p4"": ""colonial"", ""p6"": ""no"", ""p19"": ""masiva"", ""p30"": ""valles"", ""p31"": ""pronunciados"", ""p33"": ""dentados"", ""p35"": ""con"", ""p36"": ""sencilla"", ""p39"": ""delgados"", ""p40"": ""continuas"", ""p41"": ""discontinuos""}"
mycetophyllia_ferox,Mycetophyllia ferox,Coral de Placas,Mussidae,Escleractinio,"Como forma redonda pero con laberinto, superficie uniforme, color marrón.","{""p1"": ""s"", ""p4"": ""colonial"", ""p6"": ""no"", ""p19"": ""masiva"", ""p30"": ""valles"", ""p31"": ""pronunciados"", ""p33"": ""dentados"", ""p35"": ""con"", ""p36"": ""sencilla"", ""p39"": ""delgados"", ""p40"": ""continuas"", ""p41"": ""discontinuos""}"
mycetophyllia_ferox,Mycetophyllia ferox,Coral de Placas,Mussidae,Escleractinio,Tipo: forma de roca. Superficie: valles profundos. Color: color amarillento.,"{""p1"": ""s"", ""p4"": ""colonial"", ""p6"": ""no"", ""p19"": ""masiva"", ""p30"": ""valles"", ""p31"": ""pronunciados"", ""p33"": ""dentados"", ""p35"": ""con"", ""p36"": ""sencilla"", ""p39"": ""delgados"", ""p40"": ""continuas"", ""p41"": ""discontinuos""}"
mycetophyllia_ferox,Mycetophyllia ferox,Coral de Placas,Mussidae,Escleractinio,Forma: coral masivo. Textura: superficie cerebroide. Tono: blanquecino.,"{""p1"": ""s"", ""p4"": ""colonial"", ""p6"": ""no"", ""p19"": ""masiva"", ""p30"": ""valles"", ""p31"": ""pronunciados"", ""p33"": ""dentados"", ""p35"": ""con"", ""p36"": ""sencilla"", ""p39"": ""delgados"", ""p40"": ""continuas"", ""p41"": ""discontinuos""}"
mycetophyllia_ferox,Mycetophyllia ferox,Coral de Placas,Mussidae,Escleractinio,"Observamos redondo con surcos como cerebro evidente, coloración blanquecino.","{""p1"": ""s"", ""p4"": ""colonial"", ""p6"": ""no"", ""p19"": ""masiva"", ""p30"": ""valles"", ""p31"": ""pronunciados"", ""p33"": ""dentados"", ""p35"": ""con"", ""p36"": ""sencilla"", ""p39"": ""delgados"", ""p40"": ""continuas"", ""p41"": ""discontinuos""}"
mycetophyllia_ferox,Mycetophyllia ferox,Coral de Placas,Mussidae,Escleractinio,Un coral forma de roca que tiene como laberinto y es superficie porosa.,"{""p1"": ""s"", ""p4"": ""colonial"", ""p6"": ""no"", ""p19"": ""masiva"", ""p30"": ""valles"", ""p31"": ""pronunciados"", ""p33"": ""dentados"", ""p35"": ""con"", ""p36"": ""sencilla"", ""p39"": ""delgados"", ""p40"": ""continuas"", ""p41"": ""discontinuos""}"
mycetophyllia_ferox,Mycetophyllia ferox,Coral de Placas,Mussidae,Escleractinio,Un coral como un montículo que tiene parece un cerebro y es como una roca.,"{""p1"": ""s"", ""p4"": ""colonial"", ""p6"": ""no"", ""p19"": ""masiva"", ""p30"": ""valles"", ""p31"": ""pronunciados"", ""p33"": ""dentados"", ""p35"": ""con"", ""p36"": ""sencilla"", ""p39"": ""delgados"", ""p40"": ""continuas"", ""p41"": ""discontinuos""}"
mycetophyllia_ferox,Mycetophyllia ferox,Coral de Placas,Mussidae,Escleractinio,"Vi un coral esfera rocosa, tiene forma de cerebro, parece marrón.","{""p1"": ""s"", ""p4"": ""colonial"", ""p6"": ""no"", ""p19"": ""masiva"", ""p30"": ""valles"", ""p31"": ""pronunciados"", ""p33"": ""dentados"", ""p35"": ""con"", ""p36"": ""sencilla"", ""p39"": ""delgados"", ""p40"": ""continuas"", ""p41"": ""discontinuos""}"
mycetophyllia_ferox,Mycetophyllia ferox,Coral de Placas,Mussidae,Escleractinio,"bloque compacto, crestas y valles, color marrón.","{""p1"": ""s"", ""p4"": ""colonial"", ""p6"": ""no"", ""p19"": ""masiva"", ""p30"": ""valles"", ""p31"": ""pronunciados"", ""p33"": ""dentados"", ""p35"": ""con"", ""p36"": ""sencilla"", ""p39"": ""delgados"", ""p40"": ""continuas"", ""p41"": ""discontinuos""}"
mycetophyllia_ferox,Mycetophyllia ferox,Coral de Placas,Mussidae,Escleractinio,"Es un coral montículo rocoso, como una roca, con valles sinuosos de color crema.","{""p1"": ""s"", ""p4"": ""colonial"", ""p6"": ""no"", ""p19"": ""masiva"", ""p30"": ""valles"", ""p31"": ""pronunciados"", ""p33"": ""dentados"", ""p35"": ""con"", ""p36"": ""sencilla"", ""p39"": ""delgados"", ""p40"": ""continuas"", ""p41"": ""discontinuos""}"
mycetophyllia_ferox,Mycetophyllia ferox,Coral de Placas,Mussidae,Escleractinio,"Coral masivo con valles discontinuos, angostos y someros. Presenta café y superficie rugosa.","{""p1"": ""s"", ""p4"": ""colonial"", ""p6"": ""no"", ""p19"": ""masiva"", ""p30"": ""valles"", ""p31"": ""pronunciados"", ""p33"": ""dentados"", ""p35"": ""con"", ""p36"": ""sencilla"", ""p39"": ""delgados"", ""p40"": ""continuas"", ""p41"": ""discontinuos""}"
mycetophyllia_ferox,Mycetophyllia ferox,Coral de Placas,Mussidae,Escleractinio,"Como parece una piedra grande pero con canales, poroso, amarillento.","{""p1"": ""s"", ""p4"": ""colonial"", ""p6"": ""no"", ""p19"": ""masiva"", ""p30"": ""valles"", ""p31"": ""pronunciados"", ""p33"": ""dentados"", ""p35"": ""con"", ""p36"": ""sencilla"", ""p39"": ""delgados"", ""p40"": ""continuas"", ""p41"": ""discontinuos""}"
mycetophyllia_ferox,Mycetophyllia ferox,Coral de Placas,Mussidae,Escleractinio,Forma: coral masivo. Textura: con grietas. Tono: color arena.,"{""p1"": ""s"", ""p4"": ""colonial"", ""p6"": ""no"", ""p19"": ""masiva"", ""p30"": ""valles"", ""p31"": ""pronunciados"", ""p33"": ""dentados"", ""p35"": ""con"", ""p36"": ""sencilla"", ""p39"": ""delgados"", ""p40"": ""continuas"", ""p41"": ""discontinuos""}"
mycetophyllia_ferox,Mycetophyllia ferox,Coral de Placas,Mussidae,Escleractinio,Un coral esférica que tiene como un cerebro y es esqueleto calcáreo.,"{""p1"": ""s"", ""p4"": ""colonial"", ""p6"": ""no"", ""p19"": ""masiva"", ""p30"": ""valles"", ""p31"": ""pronunciados"", ""p33"": ""dentados"", ""p35"": ""con"", ""p36"": ""sencilla"", ""p39"": ""delgados"", ""p40"": ""continuas"", ""p41"": ""discontinuos""}"
mycetophyllia_ferox,Mycetophyllia ferox,Coral de Placas,Mussidae,Escleractinio,"Es un coral redondo, superficie rugosa, con con surcos de color crema.","{""p1"": ""s"", ""p4"": ""colonial"", ""p6"": ""no"", ""p19"": ""masiva"", ""p30"": ""valles"", ""p31"": ""pronunciados"", ""p33"": ""dentados"", ""p35"": ""con"", ""p36"": ""sencilla"", ""p39"": ""delgados"", ""p40"": ""continuas"", ""p41"": ""discontinuos""}"
mycetophyllia_ferox,Mycetophyllia ferox,Coral de Placas,Mussidae,Escleractinio,"Coral masivo con valles discontinuos, angostos y someros. Presenta color arena y como esponja.","{""p1"": ""s"", ""p4"": ""colonial"", ""p6"": ""no"", ""p19"": ""masiva"", ""p30"": ""valles"", ""p31"": ""pronunciados"", ""p33"": ""dentados"", ""p35"": ""con"", ""p36"": ""sencilla"", ""p39"": ""delgados"", ""p40"": ""continuas"", ""p41"": ""discontinuos""}"
mycetophyllia_ferox,Mycetophyllia ferox,Coral de Placas,Mussidae,Escleractinio,"Como montículo rocoso pero con como laberinto, poroso, color tierra.","{""p1"": ""s"", ""p4"": ""colonial"", ""p6"": ""no"", ""p19"": ""masiva"", ""p30"": ""valles"", ""p31"": ""pronunciados"", ""p33"": ""dentados"", ""p35"": ""con"", ""p36"": ""sencilla"", ""p39"": ""delgados"", ""p40"": ""continuas"", ""p41"": ""discontinuos""}"
mycetophyllia_ferox,Mycetophyllia ferox,Coral de Placas,Mussidae,Escleractinio,Tipo: roca coralina. Superficie: surcos sinuosos. Color: café.,"{""p1"": ""s"", ""p4"": ""colonial"", ""p6"": ""no"", ""p19"": ""masiva"", ""p30"": ""valles"", ""p31"": ""pronunciados"", ""p33"": ""dentados"", ""p35"": ""con"", ""p36"": ""sencilla"", ""p39"": ""delgados"", ""p40"": ""continuas"", ""p41"": ""discontinuos""}"
mycetophyllia_ferox,Mycetophyllia ferox,Coral de Placas,Mussidae,Escleractinio,"Parece parece un balón con como un cerebro, color marrón claro.","{""p1"": ""s"", ""p4"": ""colonial"", ""p6"": ""no"", ""p19"": ""masiva"", ""p30"": ""valles"", ""p31"": ""pronunciados"", ""p33"": ""dentados"", ""p35"": ""con"", ""p36"": ""sencilla"", ""p39"": ""delgados"", ""p40"": ""continuas"", ""p41"": ""discontinuos""}"
mycetophyllia_ferox,Mycetophyllia ferox,Coral de Placas,Mussidae,Escleractinio,"Coral de tipo esfera rocosa, superficie parece un cerebro, áspero al tacto.","{""p1"": ""s"", ""p4"": ""colonial"", ""p6"": ""no"", ""p19"": ""masiva"", ""p30"": ""valles"", ""p31"": ""pronunciados"", ""p33"": ""dentados"", ""p35"": ""con"", ""p36"": ""sencilla"", ""p39"": ""delgados"", ""p40"": ""continuas"", ""p41"": ""discontinuos""}"
mycetophyllia_ferox,Mycetophyllia ferox,Coral de Placas,Mussidae,Escleractinio,"Coral masivo con valles discontinuos, angostos y someros. Presenta color café claro y esponjoso.","{""p1"": ""s"", ""p4"": ""colonial"", ""p6"": ""no"", ""p19"": ""masiva"", ""p30"": ""valles"", ""p31"": ""pronunciados"", ""p33"": ""dentados"", ""p35"": ""con"", ""p36"": ""sencilla"", ""p39"": ""delgados"", ""p40"": ""continuas"", ""p41"": ""discontinuos""}"
mycetophyllia_ferox,Mycetophyllia ferox,Coral de Placas,Mussidae,Escleractinio,"Coral masivo con valles discontinuos, angostos y someros. Presenta amarillento y esqueleto calcáreo.","{""p1"": ""s"", ""p4"": ""colonial"", ""p6"": ""no"", ""p19"": ""masiva"", ""p30"": ""valles"", ""p31"": ""pronunciados"", ""p33"": ""dentados"", ""p35"": ""con"", ""p36"": ""sencilla"", ""p39"": ""delgados"", ""p40"": ""continuas"", ""p41"": ""discontinuos""}"
mycetophyllia_ferox,Mycetophyllia ferox,Coral de Placas,Mussidae,Escleractinio,"Coral masivo con valles discontinuos, angostos y someros. Presenta blanquecino y rugoso.","{""p1"": ""s"", ""p4"": ""colonial"", ""p6"": ""no"", ""p19"": ""masiva"", ""p30"": ""valles"", ""p31"": ""pronunciados"", ""p33"": ""dentados"", ""p35"": ""con"", ""p36"": ""sencilla"", ""p39"": ""delgados"", ""p40"": ""continuas"", ""p41"": ""discontinuos""}"
mycetophyllia_ferox,Mycetophyllia ferox,Coral de Placas,Mussidae,Escleractinio,"Coral de tipo colonias hemisféricas, superficie como un cerebro, textura áspera.","{""p1"": ""s"", ""p4"": ""colonial"", ""p6"": ""no"", ""p19"": ""masiva"", ""p30"": ""valles"", ""p31"": ""pronunciados"", ""p33"": ""dentados"", ""p35"": ""con"", ""p36"": ""sencilla"", ""p39"": ""delgados"", ""p40"": ""continuas"", ""p41"": ""discontinuos""}"
mycetophyllia_ferox,Mycetophyllia ferox,Coral de Placas,Mussidae,Escleractinio,"Estaba buceando y vi roca redonda con con surcos, color amarillento.","{""p1"": ""s"", ""p4"": ""colonial"", ""p6"": ""no"", ""p19"": ""masiva"", ""p30"": ""valles"", ""p31"": ""pronunciados"", ""p33"": ""dentados"", ""p35"": ""con"", ""p36"": ""sencilla"", ""p39"": ""delgados"", ""p40"": ""continuas"", ""p41"": ""discontinuos""}"
mycetophyllia_ferox,Mycetophyllia ferox,Coral de Placas,Mussidae,Escleractinio,"Es como roca redonda, tiene valles profundos y es café.","{""p1"": ""s"", ""p4"": ""colonial"", ""p6"": ""no"", ""p19"": ""masiva"", ""p30"": ""valles"", ""p31"": ""pronunciados"", ""p33"": ""dentados"", ""p35"": ""con"", ""p36"": ""sencilla"", ""p39"": ""delgados"", ""p40"": ""continuas"", ""p41"": ""discontinuos""}"
mycetophyllia_ferox,Mycetophyllia ferox,Coral de Placas,Mussidae,Escleractinio,Un coral coral masivo que tiene surcos sinuosos y es textura áspera.,"{""p1"": ""s"", ""p4"": ""colonial"", ""p6"": ""no"", ""p19"": ""masiva"", ""p30"": ""valles"", ""p31"": ""pronunciados"", ""p33"": ""dentados"", ""p35"": ""con"", ""p36"": ""sencilla"", ""p39"": ""delgados"", ""p40"": ""continuas"", ""p41"": ""discontinuos""}"
mycetophyllia_ferox,Mycetophyllia ferox,Coral de Placas,Mussidae,Escleractinio,"Especie como una pelota, presenta como un cerebro, tonalidad color arena.","{""p1"": ""s"", ""p4"": ""colonial"", ""p6"": ""no"", ""p19"": ""masiva"", ""p30"": ""valles"", ""p31"": ""pronunciados"", ""p33"": ""dentados"", ""p35"": ""con"", ""p36"": ""sencilla"", ""p39"": ""delgados"", ""p40"": ""continuas"", ""p41"": ""discontinuos""}"
mycetophyllia_ferox,Mycetophyllia ferox,Coral de Placas,Mussidae,Escleractinio,"Colonia parece un balón con como laberinto característica, beige.","{""p1"": ""s"", ""p4"": ""colonial"", ""p6"": ""no"", ""p19"": ""masiva"", ""p30"": ""valles"", ""p31"": ""pronunciados"", ""p33"": ""dentados"", ""p35"": ""con"", ""p36"": ""sencilla"", ""p39"": ""delgados"", ""p40"": ""continuas"", ""p41"": ""discontinuos""}"
mycetophyllia_ferox,Mycetophyllia ferox,Coral de Placas,Mussidae,Escleractinio,Tipo: roca redonda. Superficie: parece un cerebro. Color: color marrón claro.,"{""p1"": ""s"", ""p4"": ""colonial"", ""p6"": ""no"", ""p19"": ""masiva"", ""p30"": ""valles"", ""p31"": ""pronunciados"", ""p33"": ""dentados"", ""p35"": ""con"", ""p36"": ""sencilla"", ""p39"": ""delgados"", ""p40"": ""continuas"", ""p41"": ""discontinuos""}"
mycetophyllia_ferox,Mycetophyllia ferox,Coral de Placas,Mussidae,Escleractinio,"Coral masivo con valles discontinuos, angostos y someros. Presenta tonalidad verdosa y como una roca.","{""p1"": ""s"", ""p4"": ""colonial"", ""p6"": ""no"", ""p19"": ""masiva"", ""p30"": ""valles"", ""p31"": ""pronunciados"", ""p33"": ""dentados"", ""p35"": ""con"", ""p36"": ""sencilla"", ""p39"": ""delgados"", ""p40"": ""continuas"", ""p41"": ""discontinuos""}"
mycetophyllia_ferox,Mycetophyllia ferox,Coral de Placas,Mussidae,Escleractinio,"Coral masivo con valles discontinuos, angostos y someros. Presenta crema y superficie rugosa.","{""p1"": ""s"", ""p4"": ""colonial"", ""p6"": ""no"", ""p19"": ""masiva"", ""p30"": ""valles"", ""p31"": ""pronunciados"", ""p33"": ""dentados"", ""p35"": ""con"", ""p36"": ""sencilla"", ""p39"": ""delgados"", ""p40"": ""continuas"", ""p41"": ""discontinuos""}"
mycetophyllia_ferox,Mycetophyllia ferox,Coral de Placas,Mussidae,Escleractinio,"Es como crecimiento macizo, tiene meandros sinuosos y es tonalidad verdosa.","{""p1"": ""s"", ""p4"": ""colonial"", ""p6"": ""no"", ""p19"": ""masiva"", ""p30"": ""valles"", ""p31"": ""pronunciados"", ""p33"": ""dentados"", ""p35"": ""con"", ""p36"": ""sencilla"", ""p39"": ""delgados"", ""p40"": ""continuas"", ""p41"": ""discontinuos""}"
mycetophyllia_ferox,Mycetophyllia ferox,Coral de Placas,Mussidae,Escleractinio,"Colonia parece un balón con se ve como un cerebro característica, color tierra.","{""p1"": ""s"", ""p4"": ""colonial"", ""p6"": ""no"", ""p19"": ""masiva"", ""p30"": ""valles"", ""p31"": ""pronunciados"", ""p33"": ""dentados"", ""p35"": ""con"", ""p36"": ""sencilla"", ""p39"": ""delgados"", ""p40"": ""continuas"", ""p41"": ""discontinuos""}"
mycetophyllia_ferox,Mycetophyllia ferox,Coral de Placas,Mussidae,Escleractinio,"Coral masivo con valles discontinuos, angostos y someros. Presenta color amarillento y superficie rugosa.","{""p1"": ""s"", ""p4"": ""colonial"", ""p6"": ""no"", ""p19"": ""masiva"", ""p30"": ""valles"", ""p31"": ""pronunciados"", ""p33"": ""dentados"", ""p35"": ""con"", ""p36"": ""sencilla"", ""p39"": ""delgados"", ""p40"": ""continuas"", ""p41"": ""discontinuos""}"
mycetophyllia_ferox,Mycetophyllia ferox,Coral de Placas,Mussidae,Escleractinio,Forma: parece una piedra grande. Textura: meandros sinuosos. Tono: color marrón.,"{""p1"": ""s"", ""p4"": ""colonial"", ""p6"": ""no"", ""p19"": ""masiva"", ""p30"": ""valles"", ""p31"": ""pronunciados"", ""p33"": ""dentados"", ""p35"": ""con"", ""p36"": ""sencilla"", ""p39"": ""delgados"", ""p40"": ""continuas"", ""p41"": ""discontinuos""}"
mycetophyllia_ferox,Mycetophyllia ferox,Coral de Placas,Mussidae,Escleractinio,"Coral masivo con valles discontinuos, angostos y someros. Presenta amarillento y superficie lisa.","{""p1"": ""s"", ""p4"": ""colonial"", ""p6"": ""no"", ""p19"": ""masiva"", ""p30"": ""valles"", ""p31"": ""pronunciados"", ""p33"": ""dentados"", ""p35"": ""con"", ""p36"": ""sencilla"", ""p39"": ""delgados"", ""p40"": ""continuas"", ""p41"": ""discontinuos""}"
mycetophyllia_ferox,Mycetophyllia ferox,Coral de Placas,Mussidae,Escleractinio,"Coral masivo con valles discontinuos, angostos y someros. Presenta color marrón claro y como una roca.","{""p1"": ""s"", ""p4"": ""colonial"", ""p6"": ""no"", ""p19"": ""masiva"", ""p30"": ""valles"", ""p31"": ""pronunciados"", ""p33"": ""dentados"", ""p35"": ""con"", ""p36"": ""sencilla"", ""p39"": ""delgados"", ""p40"": ""continuas"", ""p41"": ""discontinuos""}"
mycetophyllia_ferox,Mycetophyllia ferox,Coral de Placas,Mussidae,Escleractinio,"Coral masivo con valles discontinuos, angostos y someros. Presenta color tierra y duro como roca.","{""p1"": ""s"", ""p4"": ""colonial"", ""p6"": ""no"", ""p19"": ""masiva"", ""p30"": ""valles"", ""p31"": ""pronunciados"", ""p33"": ""dentados"", ""p35"": ""con"", ""p36"": ""sencilla"", ""p39"": ""delgados"", ""p40"": ""continuas"", ""p41"": ""discontinuos""}"
mycetophyllia_ferox,Mycetophyllia ferox,Coral de Placas,Mussidae,Escleractinio,"Coral masivo con valles discontinuos, angostos y someros.","{""p1"": ""s"", ""p4"": ""colonial"", ""p6"": ""no"", ""p19"": ""masiva"", ""p30"": ""valles"", ""p31"": ""pronunciados"", ""p33"": ""dentados"", ""p35"": ""con"", ""p36"": ""sencilla"", ""p39"": ""delgados"", ""p40"": ""continuas"", ""p41"": ""discontinuos""}"
mycetophyllia_ferox,Mycetophyllia ferox,Coral de Placas,Mussidae,Escleractinio,"Como coral masivo pero con como un cerebro, esponjoso, color marrón.","{""p1"": ""s"", ""p4"": ""colonial"", ""p6"": ""no"", ""p19"": ""masiva"", ""p30"": ""valles"", ""p31"": ""pronunciados"", ""p33"": ""dentados"", ""p35"": ""con"", ""p36"": ""sencilla"", ""p39"": ""delgados"", ""p40"": ""continuas"", ""p41"": ""discontinuos""}"
mycetophyllia_ferox,Mycetophyllia ferox,Coral de Placas,Mussidae,Escleractinio,"colonias hemisféricas con pinta de laberinto, tono color marrón.","{""p1"": ""s"", ""p4"": ""colonial"", ""p6"": ""no"", ""p19"": ""masiva"", ""p30"": ""valles"", ""p31"": ""pronunciados"", ""p33"": ""dentados"", ""p35"": ""con"", ""p36"": ""sencilla"", ""p39"": ""delgados"", ""p40"": ""continuas"", ""p41"": ""discontinuos""}"
mycetophyllia_ferox,Mycetophyllia ferox,Coral de Placas,Mussidae,Escleractinio,"Coral masivo con valles discontinuos, angostos y someros. Presenta color café claro y como una roca.","{""p1"": ""s"", ""p4"": ""colonial"", ""p6"": ""no"", ""p19"": ""masiva"", ""p30"": ""valles"", ""p31"": ""pronunciados"", ""p33"": ""dentados"", ""p35"": ""con"", ""p36"": ""sencilla"", ""p39"": ""delgados"", ""p40"": ""continuas"", ""p41"": ""discontinuos""}"
mycetophyllia_ferox,Mycetophyllia ferox,Coral de Placas,Mussidae,Escleractinio,"Como parece una roca pero con con canales, duro como roca, color marrón.","{""p1"": ""s"", ""p4"": ""colonial"", ""p6"": ""no"", ""p19"": ""masiva"", ""p30"": ""valles"", ""p31"": ""pronunciados"", ""p33"": ""dentados"", ""p35"": ""con"", ""p36"": ""sencilla"", ""p39"": ""delgados"", ""p40"": ""continuas"", ""p41"": ""discontinuos""}"
mycetophyllia_lamarckiana,Mycetophyllia lamarckiana,Coral de Placas,Mussidae,Escleractinio,"Coral de tipo como una bola, superficie canales, superficie rugosa.","{""p1"": ""s"", ""p4"": ""colonial"", ""p6"": ""no"", ""p19"": ""masiva"", ""p30"": ""valles"", ""p31"": ""pronunciados"", ""p33"": ""dentados"", ""p35"": ""con"", ""p36"": ""sencilla"", ""p39"": ""delgados"", ""p40"": ""radiales""}"
mycetophyllia_lamarckiana,Mycetophyllia lamarckiana,Coral de Placas,Mussidae,Escleractinio,"Uno roca viva que está esqueleto calcáreo, con laberinto.","{""p1"": ""s"", ""p4"": ""colonial"", ""p6"": ""no"", ""p19"": ""masiva"", ""p30"": ""valles"", ""p31"": ""pronunciados"", ""p33"": ""dentados"", ""p35"": ""con"", ""p36"": ""sencilla"", ""p39"": ""delgados"", ""p40"": ""radiales""}"
mycetophyllia_lamarckiana,Mycetophyllia lamarckiana,Coral de Placas,Mussidae,Escleractinio,"Encontré esto: roca viva, se ve laberinto, color gris.","{""p1"": ""s"", ""p4"": ""colonial"", ""p6"": ""no"", ""p19"": ""masiva"", ""p30"": ""valles"", ""p31"": ""pronunciados"", ""p33"": ""dentados"", ""p35"": ""con"", ""p36"": ""sencilla"", ""p39"": ""delgados"", ""p40"": ""radiales""}"
mycetophyllia_lamarckiana,Mycetophyllia lamarckiana,Coral de Placas,Mussidae,Escleractinio,"Estaba buceando y vi roca viva con parece un cerebro, verdoso.","{""p1"": ""s"", ""p4"": ""colonial"", ""p6"": ""no"", ""p19"": ""masiva"", ""p30"": ""valles"", ""p31"": ""pronunciados"", ""p33"": ""dentados"", ""p35"": ""con"", ""p36"": ""sencilla"", ""p39"": ""delgados"", ""p40"": ""radiales""}"
mycetophyllia_lamarckiana,Mycetophyllia lamarckiana,Coral de Placas,Mussidae,Escleractinio,Un coral esférica que tiene surcos sinuosos y es áspero al tacto.,"{""p1"": ""s"", ""p4"": ""colonial"", ""p6"": ""no"", ""p19"": ""masiva"", ""p30"": ""valles"", ""p31"": ""pronunciados"", ""p33"": ""dentados"", ""p35"": ""con"", ""p36"": ""sencilla"", ""p39"": ""delgados"", ""p40"": ""radiales""}"
mycetophyllia_lamarckiana,Mycetophyllia lamarckiana,Coral de Placas,Mussidae,Escleractinio,"Especie forma de domo, presenta laberinto, tonalidad crema.","{""p1"": ""s"", ""p4"": ""colonial"", ""p6"": ""no"", ""p19"": ""masiva"", ""p30"": ""valles"", ""p31"": ""pronunciados"", ""p33"": ""dentados"", ""p35"": ""con"", ""p36"": ""sencilla"", ""p39"": ""delgados"", ""p40"": ""radiales""}"
mycetophyllia_lamarckiana,Mycetophyllia lamarckiana,Coral de Placas,Mussidae,Escleractinio,"parece un balón con pinta de surcos profundos, tono color amarillento.","{""p1"": ""s"", ""p4"": ""colonial"", ""p6"": ""no"", ""p19"": ""masiva"", ""p30"": ""valles"", ""p31"": ""pronunciados"", ""p33"": ""dentados"", ""p35"": ""con"", ""p36"": ""sencilla"", ""p39"": ""delgados"", ""p40"": ""radiales""}"
mycetophyllia_lamarckiana,Mycetophyllia lamarckiana,Coral de Placas,Mussidae,Escleractinio,"Estaba buceando y vi redondo con con grietas, color marrón.","{""p1"": ""s"", ""p4"": ""colonial"", ""p6"": ""no"", ""p19"": ""masiva"", ""p30"": ""valles"", ""p31"": ""pronunciados"", ""p33"": ""dentados"", ""p35"": ""con"", ""p36"": ""sencilla"", ""p39"": ""delgados"", ""p40"": ""radiales""}"
mycetophyllia_lamarckiana,Mycetophyllia lamarckiana,Coral de Placas,Mussidae,Escleractinio,Coral masivo con colinas radiales ausentes en el centro. Presenta color tierra y superficie irregular.,"{""p1"": ""s"", ""p4"": ""colonial"", ""p6"": ""no"", ""p19"": ""masiva"", ""p30"": ""valles"", ""p31"": ""pronunciados"", ""p33"": ""dentados"", ""p35"": ""con"", ""p36"": ""sencilla"", ""p39"": ""delgados"", ""p40"": ""radiales""}"
mycetophyllia_lamarckiana,Mycetophyllia lamarckiana,Coral de Placas,Mussidae,Escleractinio,"Parece roca coralina con forma de cerebro, amarillento.","{""p1"": ""s"", ""p4"": ""colonial"", ""p6"": ""no"", ""p19"": ""masiva"", ""p30"": ""valles"", ""p31"": ""pronunciados"", ""p33"": ""dentados"", ""p35"": ""con"", ""p36"": ""sencilla"", ""p39"": ""delgados"", ""p40"": ""radiales""}"
mycetophyllia_lamarckiana,Mycetophyllia lamarckiana,Coral de Placas,Mussidae,Escleractinio,"Observamos bloque compacto con surcos sinuosos evidente, coloración blanquecino.","{""p1"": ""s"", ""p4"": ""colonial"", ""p6"": ""no"", ""p19"": ""masiva"", ""p30"": ""valles"", ""p31"": ""pronunciados"", ""p33"": ""dentados"", ""p35"": ""con"", ""p36"": ""sencilla"", ""p39"": ""delgados"", ""p40"": ""radiales""}"
mycetophyllia_lamarckiana,Mycetophyllia lamarckiana,Coral de Placas,Mussidae,Escleractinio,"Colonia forma redonda con valles profundos característica, color tierra.","{""p1"": ""s"", ""p4"": ""colonial"", ""p6"": ""no"", ""p19"": ""masiva"", ""p30"": ""valles"", ""p31"": ""pronunciados"", ""p33"": ""dentados"", ""p35"": ""con"", ""p36"": ""sencilla"", ""p39"": ""delgados"", ""p40"": ""radiales""}"
mycetophyllia_lamarckiana,Mycetophyllia lamarckiana,Coral de Placas,Mussidae,Escleractinio,Coral masivo con colinas radiales ausentes en el centro. Presenta verdoso y superficie lisa.,"{""p1"": ""s"", ""p4"": ""colonial"", ""p6"": ""no"", ""p19"": ""masiva"", ""p30"": ""valles"", ""p31"": ""pronunciados"", ""p33"": ""dentados"", ""p35"": ""con"", ""p36"": ""sencilla"", ""p39"": ""delgados"", ""p40"": ""radiales""}"
mycetophyllia_lamarckiana,Mycetophyllia lamarckiana,Coral de Placas,Mussidae,Escleractinio,Coral masivo con colinas radiales ausentes en el centro. Presenta color café claro y superficie porosa.,"{""p1"": ""s"", ""p4"": ""colonial"", ""p6"": ""no"", ""p19"": ""masiva"", ""p30"": ""valles"", ""p31"": ""pronunciados"", ""p33"": ""dentados"", ""p35"": ""con"", ""p36"": ""sencilla"", ""p39"": ""delgados"", ""p40"": ""radiales""}"
mycetophyllia_lamarckiana,Mycetophyllia lamarckiana,Coral de Placas,Mussidae,Escleractinio,"Parece crecimiento macizo con laberinto, beige.","{""p1"": ""s"", ""p4"": ""colonial"", ""p6"": ""no"", ""p19"": ""masiva"", ""p30"": ""valles"", ""p31"": ""pronunciados"", ""p33"": ""dentados"", ""p35"": ""con"", ""p36"": ""sencilla"", ""p39"": ""delgados"", ""p40"": ""radiales""}"
mycetophyllia_lamarckiana,Mycetophyllia lamarckiana,Coral de Placas,Mussidae,Escleractinio,"esférico con pinta de superficie cerebroide, tono color marrón.","{""p1"": ""s"", ""p4"": ""colonial"", ""p6"": ""no"", ""p19"": ""masiva"", ""p30"": ""valles"", ""p31"": ""pronunciados"", ""p33"": ""dentados"", ""p35"": ""con"", ""p36"": ""sencilla"", ""p39"": ""delgados"", ""p40"": ""radiales""}"
mycetophyllia_lamarckiana,Mycetophyllia lamarckiana,Coral de Placas,Mussidae,Escleractinio,"roca redonda con pinta de se ve como un cerebro, tono color tierra.","{""p1"": ""s"", ""p4"": ""colonial"", ""p6"": ""no"", ""p19"": ""masiva"", ""p30"": ""valles"", ""p31"": ""pronunciados"", ""p33"": ""dentados"", ""p35"": ""con"", ""p36"": ""sencilla"", ""p39"": ""delgados"", ""p40"": ""radiales""}"
mycetophyllia_lamarckiana,Mycetophyllia lamarckiana,Coral de Placas,Mussidae,Escleractinio,"como un domo con pinta de surcos profundos, tono tonalidad verdosa.","{""p1"": ""s"", ""p4"": ""colonial"", ""p6"": ""no"", ""p19"": ""masiva"", ""p30"": ""valles"", ""p31"": ""pronunciados"", ""p33"": ""dentados"", ""p35"": ""con"", ""p36"": ""sencilla"", ""p39"": ""delgados"", ""p40"": ""radiales""}"
mycetophyllia_lamarckiana,Mycetophyllia lamarckiana,Coral de Placas,Mussidae,Escleractinio,Coral masivo con colinas radiales ausentes en el centro. Presenta como arena y superficie porosa.,"{""p1"": ""s"", ""p4"": ""colonial"", ""p6"": ""no"", ""p19"": ""masiva"", ""p30"": ""valles"", ""p31"": ""pronunciados"", ""p33"": ""dentados"", ""p35"": ""con"", ""p36"": ""sencilla"", ""p39"": ""delgados"", ""p40"": ""radiales""}"
mycetophyllia_lamarckiana,Mycetophyllia lamarckiana,Coral de Placas,Mussidae,Escleractinio,Coral masivo con colinas radiales ausentes en el centro.,"{""p1"": ""s"", ""p4"": ""colonial"", ""p6"": ""no"", ""p19"": ""masiva"", ""p30"": ""valles"", ""p31"": ""pronunciados"", ""p33"": ""dentados"", ""p35"": ""con"", ""p36"": ""sencilla"", ""p39"": ""delgados"", ""p40"": ""radiales""}"
mycetophyllia_lamarckiana,Mycetophyllia lamarckiana,Coral de Placas,Mussidae,Escleractinio,"Uno redondo que está textura áspera, con laberinto.","{""p1"": ""s"", ""p4"": ""colonial"", ""p6"": ""no"", ""p19"": ""masiva"", ""p30"": ""valles"", ""p31"": ""pronunciados"", ""p33"": ""dentados"", ""p35"": ""con"", ""p36"": ""sencilla"", ""p39"": ""delgados"", ""p40"": ""radiales""}"
mycetophyllia_lamarckiana,Mycetophyllia lamarckiana,Coral de Placas,Mussidae,Escleractinio,"como un montículo con pinta de surcos, tono como arena.","{""p1"": ""s"", ""p4"": ""colonial"", ""p6"": ""no"", ""p19"": ""masiva"", ""p30"": ""valles"", ""p31"": ""pronunciados"", ""p33"": ""dentados"", ""p35"": ""con"", ""p36"": ""sencilla"", ""p39"": ""delgados"", ""p40"": ""radiales""}"
mycetophyllia_lamarckiana,Mycetophyllia lamarckiana,Coral de Placas,Mussidae,Escleractinio,"Como como una pelota pero con canales, liso, verdoso.","{""p1"": ""s"", ""p4"": ""colonial"", ""p6"": ""no"", ""p19"": ""masiva"", ""p30"": ""valles"", ""p31"": ""pronunciados"", ""p33"": ""dentados"", ""p35"": ""con"", ""p36"": ""sencilla"", ""p39"": ""delgados"", ""p40"": ""radiales""}"
mycetophyllia_lamarckiana,Mycetophyllia lamarckiana,Coral de Placas,Mussidae,Escleractinio,"Estaba buceando y vi crecimiento macizo con crestas y valles, color grisáceo.","{""p1"": ""s"", ""p4"": ""colonial"", ""p6"": ""no"", ""p19"": ""masiva"", ""p30"": ""valles"", ""p31"": ""pronunciados"", ""p33"": ""dentados"", ""p35"": ""con"", ""p36"": ""sencilla"", ""p39"": ""delgados"", ""p40"": ""radiales""}"
mycetophyllia_lamarckiana,Mycetophyllia lamarckiana,Coral de Placas,Mussidae,Escleractinio,Coral masivo con colinas radiales ausentes en el centro. Presenta blanquecino y esponjoso.,"{""p1"": ""s"", ""p4"": ""colonial"", ""p6"": ""no"", ""p19"": ""masiva"", ""p30"": ""valles"", ""p31"": ""pronunciados"", ""p33"": ""dentados"", ""p35"": ""con"", ""p36"": ""sencilla"", ""p39"": ""delgados"", ""p40"": ""radiales""}"
mycetophyllia_lamarckiana,Mycetophyllia lamarckiana,Coral de Placas,Mussidae,Escleractinio,Coral masivo con colinas radiales ausentes en el centro. Presenta verdoso y rugoso.,"{""p1"": ""s"", ""p4"": ""colonial"", ""p6"": ""no"", ""p19"": ""masiva"", ""p30"": ""valles"", ""p31"": ""pronunciados"", ""p33"": ""dentados"", ""p35"": ""con"", ""p36"": ""sencilla"", ""p39"": ""delgados"", ""p40"": ""radiales""}"
mycetophyllia_lamarckiana,Mycetophyllia lamarckiana,Coral de Placas,Mussidae,Escleractinio,Coral masivo con colinas radiales ausentes en el centro. Presenta marrón y áspero al tacto.,"{""p1"": ""s"", ""p4"": ""colonial"", ""p6"": ""no"", ""p19"": ""masiva"", ""p30"": ""valles"", ""p31"": ""pronunciados"", ""p33"": ""dentados"", ""p35"": ""con"", ""p36"": ""sencilla"", ""p39"": ""delgados"", ""p40"": ""radiales""}"
mycetophyllia_lamarckiana,Mycetophyllia lamarckiana,Coral de Placas,Mussidae,Escleractinio,"Colonia bloque compacto con surcos característica, gris.","{""p1"": ""s"", ""p4"": ""colonial"", ""p6"": ""no"", ""p19"": ""masiva"", ""p30"": ""valles"", ""p31"": ""pronunciados"", ""p33"": ""dentados"", ""p35"": ""con"", ""p36"": ""sencilla"", ""p39"": ""delgados"", ""p40"": ""radiales""}"
mycetophyllia_lamarckiana,Mycetophyllia lamarckiana,Coral de Placas,Mussidae,Escleractinio,"Especie como una bola, presenta surcos profundos, tonalidad blanquecino.","{""p1"": ""s"", ""p4"": ""colonial"", ""p6"": ""no"", ""p19"": ""masiva"", ""p30"": ""valles"", ""p31"": ""pronunciados"", ""p33"": ""dentados"", ""p35"": ""con"", ""p36"": ""sencilla"", ""p39"": ""delgados"", ""p40"": ""radiales""}"
mycetophyllia_lamarckiana,Mycetophyllia lamarckiana,Coral de Placas,Mussidae,Escleractinio,"Es como esfera rocosa, tiene surcos como cerebro y es crema.","{""p1"": ""s"", ""p4"": ""colonial"", ""p6"": ""no"", ""p19"": ""masiva"", ""p30"": ""valles"", ""p31"": ""pronunciados"", ""p33"": ""dentados"", ""p35"": ""con"", ""p36"": ""sencilla"", ""p39"": ""delgados"", ""p40"": ""radiales""}"
mycetophyllia_lamarckiana,Mycetophyllia lamarckiana,Coral de Placas,Mussidae,Escleractinio,"Uno estructura globosa que está esponjoso, con con canales.","{""p1"": ""s"", ""p4"": ""colonial"", ""p6"": ""no"", ""p19"": ""masiva"", ""p30"": ""valles"", ""p31"": ""pronunciados"", ""p33"": ""dentados"", ""p35"": ""con"", ""p36"": ""sencilla"", ""p39"": ""delgados"", ""p40"": ""radiales""}"
mycetophyllia_lamarckiana,Mycetophyllia lamarckiana,Coral de Placas,Mussidae,Escleractinio,"Encontré esto: parece un balón, se ve surcos como cerebro, color blanquecino.","{""p1"": ""s"", ""p4"": ""colonial"", ""p6"": ""no"", ""p19"": ""masiva"", ""p30"": ""valles"", ""p31"": ""pronunciados"", ""p33"": ""dentados"", ""p35"": ""con"", ""p36"": ""sencilla"", ""p39"": ""delgados"", ""p40"": ""radiales""}"
mycetophyllia_lamarckiana,Mycetophyllia lamarckiana,Coral de Placas,Mussidae,Escleractinio,"Coral de tipo esférico, superficie meandros sinuosos, áspero al tacto.","{""p1"": ""s"", ""p4"": ""colonial"", ""p6"": ""no"", ""p19"": ""masiva"", ""p30"": ""valles"", ""p31"": ""pronunciados"", ""p33"": ""dentados"", ""p35"": ""con"", ""p36"": ""sencilla"", ""p39"": ""delgados"", ""p40"": ""radiales""}"
mycetophyllia_lamarckiana,Mycetophyllia lamarckiana,Coral de Placas,Mussidae,Escleractinio,"Vi un coral coral masivo, tiene valles sinuosos, parece café.","{""p1"": ""s"", ""p4"": ""colonial"", ""p6"": ""no"", ""p19"": ""masiva"", ""p30"": ""valles"", ""p31"": ""pronunciados"", ""p33"": ""dentados"", ""p35"": ""con"", ""p36"": ""sencilla"", ""p39"": ""delgados"", ""p40"": ""radiales""}"
mycetophyllia_lamarckiana,Mycetophyllia lamarckiana,Coral de Placas,Mussidae,Escleractinio,Un coral forma redonda que tiene como laberinto y es superficie uniforme.,"{""p1"": ""s"", ""p4"": ""colonial"", ""p6"": ""no"", ""p19"": ""masiva"", ""p30"": ""valles"", ""p31"": ""pronunciados"", ""p33"": ""dentados"", ""p35"": ""con"", ""p36"": ""sencilla"", ""p39"": ""delgados"", ""p40"": ""radiales""}"
mycetophyllia_lamarckiana,Mycetophyllia lamarckiana,Coral de Placas,Mussidae,Escleractinio,"Es como parece un balón, tiene meandros sinuosos y es café.","{""p1"": ""s"", ""p4"": ""colonial"", ""p6"": ""no"", ""p19"": ""masiva"", ""p30"": ""valles"", ""p31"": ""pronunciados"", ""p33"": ""dentados"", ""p35"": ""con"", ""p36"": ""sencilla"", ""p39"": ""delgados"", ""p40"": ""radiales""}"
mycetophyllia_lamarckiana,Mycetophyllia lamarckiana,Coral de Placas,Mussidae,Escleractinio,Coral masivo con colinas radiales ausentes en el centro. Presenta gris y superficie irregular.,"{""p1"": ""s"", ""p4"": ""colonial"", ""p6"": ""no"", ""p19"": ""masiva"", ""p30"": ""valles"", ""p31"": ""pronunciados"", ""p33"": ""dentados"", ""p35"": ""con"", ""p36"": ""sencilla"", ""p39"": ""delgados"", ""p40"": ""radiales""}"
mycetophyllia_lamarckiana,Mycetophyllia lamarckiana,Coral de Placas,Mussidae,Escleractinio,Coral masivo con colinas radiales ausentes en el centro. Presenta beige y textura áspera.,"{""p1"": ""s"", ""p4"": ""colonial"", ""p6"": ""no"", ""p19"": ""masiva"", ""p30"": ""valles"", ""p31"": ""pronunciados"", ""p33"": ""dentados"", ""p35"": ""con"", ""p36"": ""sencilla"", ""p39"": ""delgados"", ""p40"": ""radiales""}"
mycetophyllia_lamarckiana,Mycetophyllia lamarckiana,Coral de Placas,Mussidae,Escleractinio,Coral masivo con colinas radiales ausentes en el centro. Presenta crema y poroso.,"{""p1"": ""s"", ""p4"": ""colonial"", ""p6"": ""no"", ""p19"": ""masiva"", ""p30"": ""valles"", ""p31"": ""pronunciados"", ""p33"": ""dentados"", ""p35"": ""con"", ""p36"": ""sencilla"", ""p39"": ""delgados"", ""p40"": ""radiales""}"
mycetophyllia_lamarckiana,Mycetophyllia lamarckiana,Coral de Placas,Mussidae,Escleractinio,Coral masivo con colinas radiales ausentes en el centro. Presenta color tierra y superficie lisa.,"{""p1"": ""s"", ""p4"": ""colonial"", ""p6"": ""no"", ""p19"": ""masiva"", ""p30"": ""valles"", ""p31"": ""pronunciados"", ""p33"": ""dentados"", ""p35"": ""con"", ""p36"": ""sencilla"", ""p39"": ""delgados"", ""p40"": ""radiales""}"
mycetophyllia_lamarckiana,Mycetophyllia lamarckiana,Coral de Placas,Mussidae,Escleractinio,"Coral de tipo montículo rocoso, superficie surcos sinuosos, esqueleto calcáreo.","{""p1"": ""s"", ""p4"": ""colonial"", ""p6"": ""no"", ""p19"": ""masiva"", ""p30"": ""valles"", ""p31"": ""pronunciados"", ""p33"": ""dentados"", ""p35"": ""con"", ""p36"": ""sencilla"", ""p39"": ""delgados"", ""p40"": ""radiales""}"
mycetophyllia_lamarckiana,Mycetophyllia lamarckiana,Coral de Placas,Mussidae,Escleractinio,"Especie redonda, presenta como laberinto, tonalidad color tierra.","{""p1"": ""s"", ""p4"": ""colonial"", ""p6"": ""no"", ""p19"": ""masiva"", ""p30"": ""valles"", ""p31"": ""pronunciados"", ""p33"": ""dentados"", ""p35"": ""con"", ""p36"": ""sencilla"", ""p39"": ""delgados"", ""p40"": ""radiales""}"
mycetophyllia_lamarckiana,Mycetophyllia lamarckiana,Coral de Placas,Mussidae,Escleractinio,"Es como como una bola, tiene con canales y es color amarillento.","{""p1"": ""s"", ""p4"": ""colonial"", ""p6"": ""no"", ""p19"": ""masiva"", ""p30"": ""valles"", ""p31"": ""pronunciados"", ""p33"": ""dentados"", ""p35"": ""con"", ""p36"": ""sencilla"", ""p39"": ""delgados"", ""p40"": ""radiales""}"
mycetophyllia_lamarckiana,Mycetophyllia lamarckiana,Coral de Placas,Mussidae,Escleractinio,Coral masivo con colinas radiales ausentes en el centro. Presenta como arena y poroso.,"{""p1"": ""s"", ""p4"": ""colonial"", ""p6"": ""no"", ""p19"": ""masiva"", ""p30"": ""valles"", ""p31"": ""pronunciados"", ""p33"": ""dentados"", ""p35"": ""con"", ""p36"": ""sencilla"", ""p39"": ""delgados"", ""p40"": ""radiales""}"
mycetophyllia_lamarckiana,Mycetophyllia lamarckiana,Coral de Placas,Mussidae,Escleractinio,Un coral bloque compacto que tiene canales y es superficie lisa.,"{""p1"": ""s"", ""p4"": ""colonial"", ""p6"": ""no"", ""p19"": ""masiva"", ""p30"": ""valles"", ""p31"": ""pronunciados"", ""p33"": ""dentados"", ""p35"": ""con"", ""p36"": ""sencilla"", ""p39"": ""delgados"", ""p40"": ""radiales""}"
mycetophyllia_lamarckiana,Mycetophyllia lamarckiana,Coral de Placas,Mussidae,Escleractinio,"Es como como un domo, tiene surcos como cerebro y es amarillento.","{""p1"": ""s"", ""p4"": ""colonial"", ""p6"": ""no"", ""p19"": ""masiva"", ""p30"": ""valles"", ""p31"": ""pronunciados"", ""p33"": ""dentados"", ""p35"": ""con"", ""p36"": ""sencilla"", ""p39"": ""delgados"", ""p40"": ""radiales""}"
mycetophyllia_lamarckiana,Mycetophyllia lamarckiana,Coral de Placas,Mussidae,Escleractinio,Tipo: como un domo. Superficie: crestas y valles. Color: verdoso.,"{""p1"": ""s"", ""p4"": ""colonial"", ""p6"": ""no"", ""p19"": ""masiva"", ""p30"": ""valles"", ""p31"": ""pronunciados"", ""p33"": ""dentados"", ""p35"": ""con"", ""p36"": ""sencilla"", ""p39"": ""delgados"", ""p40"": ""radiales""}"
mycetophyllia_lamarckiana,Mycetophyllia lamarckiana,Coral de Placas,Mussidae,Escleractinio,"como un domo con pinta de se ve como un cerebro, tono gris.","{""p1"": ""s"", ""p4"": ""colonial"", ""p6"": ""no"", ""p19"": ""masiva"", ""p30"": ""valles"", ""p31"": ""pronunciados"", ""p33"": ""dentados"", ""p35"": ""con"", ""p36"": ""sencilla"", ""p39"": ""delgados"", ""p40"": ""radiales""}"
mycetophyllia_lamarckiana,Mycetophyllia lamarckiana,Coral de Placas,Mussidae,Escleractinio,Coral masivo con colinas radiales ausentes en el centro. Presenta como arena y como esponja.,"{""p1"": ""s"", ""p4"": ""colonial"", ""p6"": ""no"", ""p19"": ""masiva"", ""p30"": ""valles"", ""p31"": ""pronunciados"", ""p33"": ""dentados"", ""p35"": ""con"", ""p36"": ""sencilla"", ""p39"": ""delgados"", ""p40"": ""radiales""}"
mycetophyllia_lamarckiana,Mycetophyllia lamarckiana,Coral de Placas,Mussidae,Escleractinio,Coral masivo con colinas radiales ausentes en el centro. Presenta café y como esponja.,"{""p1"": ""s"", ""p4"": ""colonial"", ""p6"": ""no"", ""p19"": ""masiva"", ""p30"": ""valles"", ""p31"": ""pronunciados"", ""p33"": ""dentados"", ""p35"": ""con"", ""p36"": ""sencilla"", ""p39"": ""delgados"", ""p40"": ""radiales""}"
orbicella_annularis,Orbicella annularis,Coral Montaña,Faviidae,Escleractinio,Un coral forma de domo que tiene aberturas circulares y es superficie lisa.,"{""p1"": ""s"", ""p4"": ""colonial"", ""p6"": ""no"", ""p19"": ""masiva"", ""p30"": ""copas"", ""p48"": ""menor_1"", ""p49"": ""compacto"", ""p53"": ""no"", ""p55"": ""separadas"", ""p57"": ""menor_6"", ""p58"": ""circulares"", ""p60"": ""2_2_5"", ""p61"": ""plocoide"", ""p62"": ""lisa"", ""p63"": ""columnar""}"
orbicella_annularis,Orbicella annularis,Coral Montaña,Faviidae,Escleractinio,Coral masivo columnar con coralitos separados. Superficie lisa. Tejido vivo en la parte superior. Presenta color café y esqueleto calcáreo.,"{""p1"": ""s"", ""p4"": ""colonial"", ""p6"": ""no"", ""p19"": ""masiva"", ""p30"": ""copas"", ""p48"": ""menor_1"", ""p49"": ""compacto"", ""p53"": ""no"", ""p55"": ""separadas"", ""p57"": ""menor_6"", ""p58"": ""circulares"", ""p60"": ""2_2_5"", ""p61"": ""plocoide"", ""p62"": ""lisa"", ""p63"": ""columnar""}"
orbicella_annularis,Orbicella annularis,Coral Montaña,Faviidae,Escleractinio,"Observamos estructura globosa con aberturas circulares evidente, coloración marrón.","{""p1"": ""s"", ""p4"": ""colonial"", ""p6"": ""no"", ""p19"": ""masiva"", ""p30"": ""copas"", ""p48"": ""menor_1"", ""p49"": ""compacto"", ""p53"": ""no"", ""p55"": ""separadas"", ""p57"": ""menor_6"", ""p58"": ""circulares"", ""p60"": ""2_2_5"", ""p61"": ""plocoide"", ""p62"": ""lisa"", ""p63"": ""columnar""}"
orbicella_annularis,Orbicella annularis,Coral Montaña,Faviidae,Escleractinio,Coral masivo columnar con coralitos separados. Superficie lisa. Tejido vivo en la parte superior. Presenta gris y superficie irregular.,"{""p1"": ""s"", ""p4"": ""colonial"", ""p6"": ""no"", ""p19"": ""masiva"", ""p30"": ""copas"", ""p48"": ""menor_1"", ""p49"": ""compacto"", ""p53"": ""no"", ""p55"": ""separadas"", ""p57"": ""menor_6"", ""p58"": ""circulares"", ""p60"": ""2_2_5"", ""p61"": ""plocoide"", ""p62"": ""lisa"", ""p63"": ""columnar""}"
orbicella_annularis,Orbicella annularis,Coral Montaña,Faviidae,Escleractinio,"Uno como un montículo que está textura áspera, con agujeritos.","{""p1"": ""s"", ""p4"": ""colonial"", ""p6"": ""no"", ""p19"": ""masiva"", ""p30"": ""copas"", ""p48"": ""menor_1"", ""p49"": ""compacto"", ""p53"": ""no"", ""p55"": ""separadas"", ""p57"": ""menor_6"", ""p58"": ""circulares"", ""p60"": ""2_2_5"", ""p61"": ""plocoide"", ""p62"": ""lisa"", ""p63"": ""columnar""}"
orbicella_annularis,Orbicella annularis,Coral Montaña,Faviidae,Escleractinio,Coral masivo columnar con coralitos separados. Superficie lisa. Tejido vivo en la parte superior. Presenta color tierra y liso.,"{""p1"": ""s"", ""p4"": ""colonial"", ""p6"": ""no"", ""p19"": ""masiva"", ""p30"": ""copas"", ""p48"": ""menor_1"", ""p49"": ""compacto"", ""p53"": ""no"", ""p55"": ""separadas"", ""p57"": ""menor_6"", ""p58"": ""circulares"", ""p60"": ""2_2_5"", ""p61"": ""plocoide"", ""p62"": ""lisa"", ""p63"": ""columnar""}"
orbicella_annularis,Orbicella annularis,Coral Montaña,Faviidae,Escleractinio,"Es como parece una roca, tiene con hoyitos pequeños y es blanquecino.","{""p1"": ""s"", ""p4"": ""colonial"", ""p6"": ""no"", ""p19"": ""masiva"", ""p30"": ""copas"", ""p48"": ""menor_1"", ""p49"": ""compacto"", ""p53"": ""no"", ""p55"": ""separadas"", ""p57"": ""menor_6"", ""p58"": ""circulares"", ""p60"": ""2_2_5"", ""p61"": ""plocoide"", ""p62"": ""lisa"", ""p63"": ""columnar""}"
orbicella_annularis,Orbicella annularis,Coral Montaña,Faviidae,Escleractinio,Coral masivo columnar con coralitos separados. Superficie lisa. Tejido vivo en la parte superior. Presenta verdoso y como esponja.,"{""p1"": ""s"", ""p4"": ""colonial"", ""p6"": ""no"", ""p19"": ""masiva"", ""p30"": ""copas"", ""p48"": ""menor_1"", ""p49"": ""compacto"", ""p53"": ""no"", ""p55"": ""separadas"", ""p57"": ""menor_6"", ""p58"": ""circulares"", ""p60"": ""2_2_5"", ""p61"": ""plocoide"", ""p62"": ""lisa"", ""p63"": ""columnar""}"
orbicella_annularis,Orbicella annularis,Coral Montaña,Faviidae,Escleractinio,"Observamos roca viva con como poros evidente, coloración tonalidad verdosa.","{""p1"": ""s"", ""p4"": ""colonial"", ""p6"": ""no"", ""p19"": ""masiva"", ""p30"": ""copas"", ""p48"": ""menor_1"", ""p49"": ""compacto"", ""p53"": ""no"", ""p55"": ""separadas"", ""p57"": ""menor_6"", ""p58"": ""circulares"", ""p60"": ""2_2_5"", ""p61"": ""plocoide"", ""p62"": ""lisa"", ""p63"": ""columnar""}"
orbicella_annularis,Orbicella annularis,Coral Montaña,Faviidae,Escleractinio,"Como forma de roca pero con hoyitos, como una roca, color marrón.","{""p1"": ""s"", ""p4"": ""colonial"", ""p6"": ""no"", ""p19"": ""masiva"", ""p30"": ""copas"", ""p48"": ""menor_1"", ""p49"": ""compacto"", ""p53"": ""no"", ""p55"": ""separadas"", ""p57"": ""menor_6"", ""p58"": ""circulares"", ""p60"": ""2_2_5"", ""p61"": ""plocoide"", ""p62"": ""lisa"", ""p63"": ""columnar""}"
orbicella_annularis,Orbicella annularis,Coral Montaña,Faviidae,Escleractinio,"Parece como una pelota con con hoyitos pequeños, color grisáceo.","{""p1"": ""s"", ""p4"": ""colonial"", ""p6"": ""no"", ""p19"": ""masiva"", ""p30"": ""copas"", ""p48"": ""menor_1"", ""p49"": ""compacto"", ""p53"": ""no"", ""p55"": ""separadas"", ""p57"": ""menor_6"", ""p58"": ""circulares"", ""p60"": ""2_2_5"", ""p61"": ""plocoide"", ""p62"": ""lisa"", ""p63"": ""columnar""}"
orbicella_annularis,Orbicella annularis,Coral Montaña,Faviidae,Escleractinio,"Encontré esto: redondo, se ve con huecos, color marrón.","{""p1"": ""s"", ""p4"": ""colonial"", ""p6"": ""no"", ""p19"": ""masiva"", ""p30"": ""copas"", ""p48"": ""menor_1"", ""p49"": ""compacto"", ""p53"": ""no"", ""p55"": ""separadas"", ""p57"": ""menor_6"", ""p58"": ""circulares"", ""p60"": ""2_2_5"", ""p61"": ""plocoide"", ""p62"": ""lisa"", ""p63"": ""columnar""}"
orbicella_annularis,Orbicella annularis,Coral Montaña,Faviidae,Escleractinio,"Especie crecimiento macizo, presenta huequitos, tonalidad café.","{""p1"": ""s"", ""p4"": ""colonial"", ""p6"": ""no"", ""p19"": ""masiva"", ""p30"": ""copas"", ""p48"": ""menor_1"", ""p49"": ""compacto"", ""p53"": ""no"", ""p55"": ""separadas"", ""p57"": ""menor_6"", ""p58"": ""circulares"", ""p60"": ""2_2_5"", ""p61"": ""plocoide"", ""p62"": ""lisa"", ""p63"": ""columnar""}"
orbicella_annularis,Orbicella annularis,Coral Montaña,Faviidae,Escleractinio,"Colonia crecimiento macizo con pequeñas celdas circulares característica, marrón.","{""p1"": ""s"", ""p4"": ""colonial"", ""p6"": ""no"", ""p19"": ""masiva"", ""p30"": ""copas"", ""p48"": ""menor_1"", ""p49"": ""compacto"", ""p53"": ""no"", ""p55"": ""separadas"", ""p57"": ""menor_6"", ""p58"": ""circulares"", ""p60"": ""2_2_5"", ""p61"": ""plocoide"", ""p62"": ""lisa"", ""p63"": ""columnar""}"
orbicella_annularis,Orbicella annularis,Coral Montaña,Faviidae,Escleractinio,"como un montículo, con hoyitos pequeños, color piedra.","{""p1"": ""s"", ""p4"": ""colonial"", ""p6"": ""no"", ""p19"": ""masiva"", ""p30"": ""copas"", ""p48"": ""menor_1"", ""p49"": ""compacto"", ""p53"": ""no"", ""p55"": ""separadas"", ""p57"": ""menor_6"", ""p58"": ""circulares"", ""p60"": ""2_2_5"", ""p61"": ""plocoide"", ""p62"": ""lisa"", ""p63"": ""columnar""}"
orbicella_annularis,Orbicella annularis,Coral Montaña,Faviidae,Escleractinio,"Uno como una bola que está poroso, con huequitos.","{""p1"": ""s"", ""p4"": ""colonial"", ""p6"": ""no"", ""p19"": ""masiva"", ""p30"": ""copas"", ""p48"": ""menor_1"", ""p49"": ""compacto"", ""p53"": ""no"", ""p55"": ""separadas"", ""p57"": ""menor_6"", ""p58"": ""circulares"", ""p60"": ""2_2_5"", ""p61"": ""plocoide"", ""p62"": ""lisa"", ""p63"": ""columnar""}"
orbicella_annularis,Orbicella annularis,Coral Montaña,Faviidae,Escleractinio,Coral masivo columnar con coralitos separados. Superficie lisa. Tejido vivo en la parte superior. Presenta blanquecino y rugoso.,"{""p1"": ""s"", ""p4"": ""colonial"", ""p6"": ""no"", ""p19"": ""masiva"", ""p30"": ""copas"", ""p48"": ""menor_1"", ""p49"": ""compacto"", ""p53"": ""no"", ""p55"": ""separadas"", ""p57"": ""menor_6"", ""p58"": ""circulares"", ""p60"": ""2_2_5"", ""p61"": ""plocoide"", ""p62"": ""lisa"", ""p63"": ""columnar""}"
orbicella_annularis,Orbicella annularis,Coral Montaña,Faviidae,Escleractinio,Coral masivo columnar con coralitos separados. Superficie lisa. Tejido vivo en la parte superior. Presenta color amarillento y superficie lisa.,"{""p1"": ""s"", ""p4"": ""colonial"", ""p6"": ""no"", ""p19"": ""masiva"", ""p30"": ""copas"", ""p48"": ""menor_1"", ""p49"": ""compacto"", ""p53"": ""no"", ""p55"": ""separadas"", ""p57"": ""menor_6"", ""p58"": ""circulares"", ""p60"": ""2_2_5"", ""p61"": ""plocoide"", ""p62"": ""lisa"", ""p63"": ""columnar""}"
orbicella_annularis,Orbicella annularis,Coral Montaña,Faviidae,Escleractinio,Tipo: forma de roca. Superficie: pequeñas celdas circulares. Color: como arena.,"{""p1"": ""s"", ""p4"": ""colonial"", ""p6"": ""no"", ""p19"": ""masiva"", ""p30"": ""copas"", ""p48"": ""menor_1"", ""p49"": ""compacto"", ""p53"": ""no"", ""p55"": ""separadas"", ""p57"": ""menor_6"", ""p58"": ""circulares"", ""p60"": ""2_2_5"", ""p61"": ""plocoide"", ""p62"": ""lisa"", ""p63"": ""columnar""}"
orbicella_annularis,Orbicella annularis,Coral Montaña,Faviidae,Escleractinio,"Es como parece una roca, tiene con poros y es color marrón claro.","{""p1"": ""s"", ""p4"": ""colonial"", ""p6"": ""no"", ""p19"": ""masiva"", ""p30"": ""copas"", ""p48"": ""menor_1"", ""p49"": ""compacto"", ""p53"": ""no"", ""p55"": ""separadas"", ""p57"": ""menor_6"", ""p58"": ""circulares"", ""p60"": ""2_2_5"", ""p61"": ""plocoide"", ""p62"": ""lisa"", ""p63"": ""columnar""}"
orbicella_annularis,Orbicella annularis,Coral Montaña,Faviidae,Escleractinio,Coral masivo columnar con coralitos separados. Superficie lisa. Tejido vivo en la parte superior. Presenta color piedra y superficie rugosa.,"{""p1"": ""s"", ""p4"": ""colonial"", ""p6"": ""no"", ""p19"": ""masiva"", ""p30"": ""copas"", ""p48"": ""menor_1"", ""p49"": ""compacto"", ""p53"": ""no"", ""p55"": ""separadas"", ""p57"": ""menor_6"", ""p58"": ""circulares"", ""p60"": ""2_2_5"", ""p61"": ""plocoide"", ""p62"": ""lisa"", ""p63"": ""columnar""}"
orbicella_annularis,Orbicella annularis,Coral Montaña,Faviidae,Escleractinio,Coral masivo columnar con coralitos separados. Superficie lisa. Tejido vivo en la parte superior. Presenta beige y superficie rugosa.,"{""p1"": ""s"", ""p4"": ""colonial"", ""p6"": ""no"", ""p19"": ""masiva"", ""p30"": ""copas"", ""p48"": ""menor_1"", ""p49"": ""compacto"", ""p53"": ""no"", ""p55"": ""separadas"", ""p57"": ""menor_6"", ""p58"": ""circulares"", ""p60"": ""2_2_5"", ""p61"": ""plocoide"", ""p62"": ""lisa"", ""p63"": ""columnar""}"
orbicella_annularis,Orbicella annularis,Coral Montaña,Faviidae,Escleractinio,Coral masivo columnar con coralitos separados. Superficie lisa. Tejido vivo en la parte superior. Presenta color marrón claro y superficie porosa.,"{""p1"": ""s"", ""p4"": ""colonial"", ""p6"": ""no"", ""p19"": ""masiva"", ""p30"": ""copas"", ""p48"": ""menor_1"", ""p49"": ""compacto"", ""p53"": ""no"", ""p55"": ""separadas"", ""p57"": ""menor_6"", ""p58"": ""circulares"", ""p60"": ""2_2_5"", ""p61"": ""plocoide"", ""p62"": ""lisa"", ""p63"": ""columnar""}"
orbicella_annularis,Orbicella annularis,Coral Montaña,Faviidae,Escleractinio,"Estaba buceando y vi esférico con con hoyitos pequeños, café.","{""p1"": ""s"", ""p4"": ""colonial"", ""p6"": ""no"", ""p19"": ""masiva"", ""p30"": ""copas"", ""p48"": ""menor_1"", ""p49"": ""compacto"", ""p53"": ""no"", ""p55"": ""separadas"", ""p57"": ""menor_6"", ""p58"": ""circulares"", ""p60"": ""2_2_5"", ""p61"": ""plocoide"", ""p62"": ""lisa"", ""p63"": ""columnar""}"
orbicella_annularis,Orbicella annularis,Coral Montaña,Faviidae,Escleractinio,"Estaba buceando y vi crecimiento macizo con hoyitos, color marrón claro.","{""p1"": ""s"", ""p4"": ""colonial"", ""p6"": ""no"", ""p19"": ""masiva"", ""p30"": ""copas"", ""p48"": ""menor_1"", ""p49"": ""compacto"", ""p53"": ""no"", ""p55"": ""separadas"", ""p57"": ""menor_6"", ""p58"": ""circulares"", ""p60"": ""2_2_5"", ""p61"": ""plocoide"", ""p62"": ""lisa"", ""p63"": ""columnar""}"
orbicella_annularis,Orbicella annularis,Coral Montaña,Faviidae,Escleractinio,"Estaba buceando y vi colonias hemisféricas con pequeñas copas, gris.","{""p1"": ""s"", ""p4"": ""colonial"", ""p6"": ""no"", ""p19"": ""masiva"", ""p30"": ""copas"", ""p48"": ""menor_1"", ""p49"": ""compacto"", ""p53"": ""no"", ""p55"": ""separadas"", ""p57"": ""menor_6"", ""p58"": ""circulares"", ""p60"": ""2_2_5"", ""p61"": ""plocoide"", ""p62"": ""lisa"", ""p63"": ""columnar""}"
orbicella_annularis,Orbicella annularis,Coral Montaña,Faviidae,Escleractinio,"Como esférica pero con con huecos, rugoso, como arena.","{""p1"": ""s"", ""p4"": ""colonial"", ""p6"": ""no"", ""p19"": ""masiva"", ""p30"": ""copas"", ""p48"": ""menor_1"", ""p49"": ""compacto"", ""p53"": ""no"", ""p55"": ""separadas"", ""p57"": ""menor_6"", ""p58"": ""circulares"", ""p60"": ""2_2_5"", ""p61"": ""plocoide"", ""p62"": ""lisa"", ""p63"": ""columnar""}"
orbicella_annularis,Orbicella annularis,Coral Montaña,Faviidae,Escleractinio,Coral masivo columnar con coralitos separados. Superficie lisa. Tejido vivo en la parte superior. Presenta color café claro y duro como roca.,"{""p1"": ""s"", ""p4"": ""colonial"", ""p6"": ""no"", ""p19"": ""masiva"", ""p30"": ""copas"", ""p48"": ""menor_1"", ""p49"": ""compacto"", ""p53"": ""no"", ""p55"": ""separadas"", ""p57"": ""menor_6"", ""p58"": ""circulares"", ""p60"": ""2_2_5"", ""p61"": ""plocoide"", ""p62"": ""lisa"", ""p63"": ""columnar""}"
orbicella_annularis,Orbicella annularis,Coral Montaña,Faviidae,Escleractinio,Coral masivo columnar con coralitos separados. Superficie lisa. Tejido vivo en la parte superior. Presenta color tierra y textura áspera.,"{""p1"": ""s"", ""p4"": ""colonial"", ""p6"": ""no"", ""p19"": ""masiva"", ""p30"": ""copas"", ""p48"": ""menor_1"", ""p49"": ""compacto"", ""p53"": ""no"", ""p55"": ""separadas"", ""p57"": ""menor_6"", ""p58"": ""circulares"", ""p60"": ""2_2_5"", ""p61"": ""plocoide"", ""p62"": ""lisa"", ""p63"": ""columnar""}"
orbicella_annularis,Orbicella annularis,Coral Montaña,Faviidae,Escleractinio,"Observamos esfera rocosa con pequeños hoyos evidente, coloración color arena.","{""p1"": ""s"", ""p4"": ""colonial"", ""p6"": ""no"", ""p19"": ""masiva"", ""p30"": ""copas"", ""p48"": ""menor_1"", ""p49"": ""compacto"", ""p53"": ""no"", ""p55"": ""separadas"", ""p57"": ""menor_6"", ""p58"": ""circulares"", ""p60"": ""2_2_5"", ""p61"": ""plocoide"", ""p62"": ""lisa"", ""p63"": ""columnar""}"
orbicella_annularis,Orbicella annularis,Coral Montaña,Faviidae,Escleractinio,Coral masivo columnar con coralitos separados. Superficie lisa. Tejido vivo en la parte superior. Presenta crema y colonias densas.,"{""p1"": ""s"", ""p4"": ""colonial"", ""p6"": ""no"", ""p19"": ""masiva"", ""p30"": ""copas"", ""p48"": ""menor_1"", ""p49"": ""compacto"", ""p53"": ""no"", ""p55"": ""separadas"", ""p57"": ""menor_6"", ""p58"": ""circulares"", ""p60"": ""2_2_5"", ""p61"": ""plocoide"", ""p62"": ""lisa"", ""p63"": ""columnar""}"
orbicella_annularis,Orbicella annularis,Coral Montaña,Faviidae,Escleractinio,Coral masivo columnar con coralitos separados. Superficie lisa. Tejido vivo en la parte superior. Presenta color grisáceo y como una roca.,"{""p1"": ""s"", ""p4"": ""colonial"", ""p6"": ""no"", ""p19"": ""masiva"", ""p30"": ""copas"", ""p48"": ""menor_1"", ""p49"": ""compacto"", ""p53"": ""no"", ""p55"": ""separadas"", ""p57"": ""menor_6"", ""p58"": ""circulares"", ""p60"": ""2_2_5"", ""p61"": ""plocoide"", ""p62"": ""lisa"", ""p63"": ""columnar""}"
orbicella_annularis,Orbicella annularis,Coral Montaña,Faviidae,Escleractinio,Coral masivo columnar con coralitos separados. Superficie lisa. Tejido vivo en la parte superior. Presenta amarillento y superficie uniforme.,"{""p1"": ""s"", ""p4"": ""colonial"", ""p6"": ""no"", ""p19"": ""masiva"", ""p30"": ""copas"", ""p48"": ""menor_1"", ""p49"": ""compacto"", ""p53"": ""no"", ""p55"": ""separadas"", ""p57"": ""menor_6"", ""p58"": ""circulares"", ""p60"": ""2_2_5"", ""p61"": ""plocoide"", ""p62"": ""lisa"", ""p63"": ""columnar""}"
orbicella_annularis,Orbicella annularis,Coral Montaña,Faviidae,Escleractinio,"Como como un montículo pero con aberturas circulares, colonias densas, blanquecino.","{""p1"": ""s"", ""p4"": ""colonial"", ""p6"": ""no"", ""p19"": ""masiva"", ""p30"": ""copas"", ""p48"": ""menor_1"", ""p49"": ""compacto"", ""p53"": ""no"", ""p55"": ""separadas"", ""p57"": ""menor_6"", ""p58"": ""circulares"", ""p60"": ""2_2_5"", ""p61"": ""plocoide"", ""p62"": ""lisa"", ""p63"": ""columnar""}"
orbicella_annularis,Orbicella annularis,Coral Montaña,Faviidae,Escleractinio,"parece una roca con pinta de con poros, tono color grisáceo.","{""p1"": ""s"", ""p4"": ""colonial"", ""p6"": ""no"", ""p19"": ""masiva"", ""p30"": ""copas"", ""p48"": ""menor_1"", ""p49"": ""compacto"", ""p53"": ""no"", ""p55"": ""separadas"", ""p57"": ""menor_6"", ""p58"": ""circulares"", ""p60"": ""2_2_5"", ""p61"": ""plocoide"", ""p62"": ""lisa"", ""p63"": ""columnar""}"
orbicella_annularis,Orbicella annularis,Coral Montaña,Faviidae,Escleractinio,"como un montículo, hoyuelos, color piedra.","{""p1"": ""s"", ""p4"": ""colonial"", ""p6"": ""no"", ""p19"": ""masiva"", ""p30"": ""copas"", ""p48"": ""menor_1"", ""p49"": ""compacto"", ""p53"": ""no"", ""p55"": ""separadas"", ""p57"": ""menor_6"", ""p58"": ""circulares"", ""p60"": ""2_2_5"", ""p61"": ""plocoide"", ""p62"": ""lisa"", ""p63"": ""columnar""}"
orbicella_annularis,Orbicella annularis,Coral Montaña,Faviidae,Escleractinio,"Encontré esto: roca viva, se ve superficie con copas, color como arena.","{""p1"": ""s"", ""p4"": ""colonial"", ""p6"": ""no"", ""p19"": ""masiva"", ""p30"": ""copas"", ""p48"": ""menor_1"", ""p49"": ""compacto"", ""p53"": ""no"", ""p55"": ""separadas"", ""p57"": ""menor_6"", ""p58"": ""circulares"", ""p60"": ""2_2_5"", ""p61"": ""plocoide"", ""p62"": ""lisa"", ""p63"": ""columnar""}"
orbicella_annularis,Orbicella annularis,Coral Montaña,Faviidae,Escleractinio,"como una pelota, como una colmena, marrón.","{""p1"": ""s"", ""p4"": ""colonial"", ""p6"": ""no"", ""p19"": ""masiva"", ""p30"": ""copas"", ""p48"": ""menor_1"", ""p49"": ""compacto"", ""p53"": ""no"", ""p55"": ""separadas"", ""p57"": ""menor_6"", ""p58"": ""circulares"", ""p60"": ""2_2_5"", ""p61"": ""plocoide"", ""p62"": ""lisa"", ""p63"": ""columnar""}"
orbicella_annularis,Orbicella annularis,Coral Montaña,Faviidae,Escleractinio,Coral masivo columnar con coralitos separados. Superficie lisa. Tejido vivo en la parte superior.,"{""p1"": ""s"", ""p4"": ""colonial"", ""p6"": ""no"", ""p19"": ""masiva"", ""p30"": ""copas"", ""p48"": ""menor_1"", ""p49"": ""compacto"", ""p53"": ""no"", ""p55"": ""separadas"", ""p57"": ""menor_6"", ""p58"": ""circulares"", ""p60"": ""2_2_5"", ""p61"": ""plocoide"", ""p62"": ""lisa"", ""p63"": ""columnar""}"
orbicella_annularis,Orbicella annularis,Coral Montaña,Faviidae,Escleractinio,Tipo: como una bola. Superficie: con hoyitos pequeños. Color: amarillento.,"{""p1"": ""s"", ""p4"": ""colonial"", ""p6"": ""no"", ""p19"": ""masiva"", ""p30"": ""copas"", ""p48"": ""menor_1"", ""p49"": ""compacto"", ""p53"": ""no"", ""p55"": ""separadas"", ""p57"": ""menor_6"", ""p58"": ""circulares"", ""p60"": ""2_2_5"", ""p61"": ""plocoide"", ""p62"": ""lisa"", ""p63"": ""columnar""}"
orbicella_annularis,Orbicella annularis,Coral Montaña,Faviidae,Escleractinio,Forma: como un domo. Textura: con poros. Tono: color café.,"{""p1"": ""s"", ""p4"": ""colonial"", ""p6"": ""no"", ""p19"": ""masiva"", ""p30"": ""copas"", ""p48"": ""menor_1"", ""p49"": ""compacto"", ""p53"": ""no"", ""p55"": ""separadas"", ""p57"": ""menor_6"", ""p58"": ""circulares"", ""p60"": ""2_2_5"", ""p61"": ""plocoide"", ""p62"": ""lisa"", ""p63"": ""columnar""}"
orbicella_annularis,Orbicella annularis,Coral Montaña,Faviidae,Escleractinio,"Uno esférico que está superficie uniforme, con hoyitos.","{""p1"": ""s"", ""p4"": ""colonial"", ""p6"": ""no"", ""p19"": ""masiva"", ""p30"": ""copas"", ""p48"": ""menor_1"", ""p49"": ""compacto"", ""p53"": ""no"", ""p55"": ""separadas"", ""p57"": ""menor_6"", ""p58"": ""circulares"", ""p60"": ""2_2_5"", ""p61"": ""plocoide"", ""p62"": ""lisa"", ""p63"": ""columnar""}"
orbicella_annularis,Orbicella annularis,Coral Montaña,Faviidae,Escleractinio,Tipo: como un montículo. Superficie: agujeritos. Color: color amarillento.,"{""p1"": ""s"", ""p4"": ""colonial"", ""p6"": ""no"", ""p19"": ""masiva"", ""p30"": ""copas"", ""p48"": ""menor_1"", ""p49"": ""compacto"", ""p53"": ""no"", ""p55"": ""separadas"", ""p57"": ""menor_6"", ""p58"": ""circulares"", ""p60"": ""2_2_5"", ""p61"": ""plocoide"", ""p62"": ""lisa"", ""p63"": ""columnar""}"
orbicella_annularis,Orbicella annularis,Coral Montaña,Faviidae,Escleractinio,"Especie roca viva, presenta como panal, tonalidad color piedra.","{""p1"": ""s"", ""p4"": ""colonial"", ""p6"": ""no"", ""p19"": ""masiva"", ""p30"": ""copas"", ""p48"": ""menor_1"", ""p49"": ""compacto"", ""p53"": ""no"", ""p55"": ""separadas"", ""p57"": ""menor_6"", ""p58"": ""circulares"", ""p60"": ""2_2_5"", ""p61"": ""plocoide"", ""p62"": ""lisa"", ""p63"": ""columnar""}"
orbicella_annularis,Orbicella annularis,Coral Montaña,Faviidae,Escleractinio,Coral masivo columnar con coralitos separados. Superficie lisa. Tejido vivo en la parte superior. Presenta color amarillento y superficie rugosa.,"{""p1"": ""s"", ""p4"": ""colonial"", ""p6"": ""no"", ""p19"": ""masiva"", ""p30"": ""copas"", ""p48"": ""menor_1"", ""p49"": ""compacto"", ""p53"": ""no"", ""p55"": ""separadas"", ""p57"": ""menor_6"", ""p58"": ""circulares"", ""p60"": ""2_2_5"", ""p61"": ""plocoide"", ""p62"": ""lisa"", ""p63"": ""columnar""}"
orbicella_annularis,Orbicella annularis,Coral Montaña,Faviidae,Escleractinio,Forma: redondo. Textura: como una colmena. Tono: color arena.,"{""p1"": ""s"", ""p4"": ""colonial"", ""p6"": ""no"", ""p19"": ""masiva"", ""p30"": ""copas"", ""p48"": ""menor_1"", ""p49"": ""compacto"", ""p53"": ""no"", ""p55"": ""separadas"", ""p57"": ""menor_6"", ""p58"": ""circulares"", ""p60"": ""2_2_5"", ""p61"": ""plocoide"", ""p62"": ""lisa"", ""p63"": ""columnar""}"
orbicella_annularis,Orbicella annularis,Coral Montaña,Faviidae,Escleractinio,"parece una roca con pinta de con poros, tono como arena.","{""p1"": ""s"", ""p4"": ""colonial"", ""p6"": ""no"", ""p19"": ""masiva"", ""p30"": ""copas"", ""p48"": ""menor_1"", ""p49"": ""compacto"", ""p53"": ""no"", ""p55"": ""separadas"", ""p57"": ""menor_6"", ""p58"": ""circulares"", ""p60"": ""2_2_5"", ""p61"": ""plocoide"", ""p62"": ""lisa"", ""p63"": ""columnar""}"
orbicella_annularis,Orbicella annularis,Coral Montaña,Faviidae,Escleractinio,"Especie parece una piedra grande, presenta pequeñas copas, tonalidad color arena.","{""p1"": ""s"", ""p4"": ""colonial"", ""p6"": ""no"", ""p19"": ""masiva"", ""p30"": ""copas"", ""p48"": ""menor_1"", ""p49"": ""compacto"", ""p53"": ""no"", ""p55"": ""separadas"", ""p57"": ""menor_6"", ""p58"": ""circulares"", ""p60"": ""2_2_5"", ""p61"": ""plocoide"", ""p62"": ""lisa"", ""p63"": ""columnar""}"
orbicella_annularis,Orbicella annularis,Coral Montaña,Faviidae,Escleractinio,"Es como redondo, tiene huequitos y es café.","{""p1"": ""s"", ""p4"": ""colonial"", ""p6"": ""no"", ""p19"": ""masiva"", ""p30"": ""copas"", ""p48"": ""menor_1"", ""p49"": ""compacto"", ""p53"": ""no"", ""p55"": ""separadas"", ""p57"": ""menor_6"", ""p58"": ""circulares"", ""p60"": ""2_2_5"", ""p61"": ""plocoide"", ""p62"": ""lisa"", ""p63"": ""columnar""}"
orbicella_annularis,Orbicella annularis,Coral Montaña,Faviidae,Escleractinio,Forma: crecimiento macizo. Textura: como panal. Tono: tonalidad verdosa.,"{""p1"": ""s"", ""p4"": ""colonial"", ""p6"": ""no"", ""p19"": ""masiva"", ""p30"": ""copas"", ""p48"": ""menor_1"", ""p49"": ""compacto"", ""p53"": ""no"", ""p55"": ""separadas"", ""p57"": ""menor_6"", ""p58"": ""circulares"", ""p60"": ""2_2_5"", ""p61"": ""plocoide"", ""p62"": ""lisa"", ""p63"": ""columnar""}"
orbicella_annularis,Orbicella annularis,Coral Montaña,Faviidae,Escleractinio,Forma: roca viva. Textura: superficie con copas. Tono: crema.,"{""p1"": ""s"", ""p4"": ""colonial"", ""p6"": ""no"", ""p19"": ""masiva"", ""p30"": ""copas"", ""p48"": ""menor_1"", ""p49"": ""compacto"", ""p53"": ""no"", ""p55"": ""separadas"", ""p57"": ""menor_6"", ""p58"": ""circulares"", ""p60"": ""2_2_5"", ""p61"": ""plocoide"", ""p62"": ""lisa"", ""p63"": ""columnar""}"
orbicella_faveolata,Orbicella faveolata,Coral Montaña,Faviidae,Escleractinio,"Como redonda pero con agujeritos, duro como roca, color tierra.","{""p1"": ""s"", ""p4"": ""colonial"", ""p6"": ""no"", ""p19"": ""masiva"", ""p30"": ""copas"", ""p48"": ""menor_1"", ""p49"": ""compacto"", ""p53"": ""no"", ""p55"": ""separadas"", ""p57"": ""menor_6"", ""p58"": ""circulares"", ""p60"": ""2_2_5"", ""p61"": ""plocoide"", ""p62"": ""lisa"", ""p63"": ""costroso_hemisferico""}"
orbicella_faveolata,Orbicella faveolata,Coral Montaña,Faviidae,Escleractinio,"Observamos colonias hemisféricas con superficie con copas evidente, coloración gris.","{""p1"": ""s"", ""p4"": ""colonial"", ""p6"": ""no"", ""p19"": ""masiva"", ""p30"": ""copas"", ""p48"": ""menor_1"", ""p49"": ""compacto"", ""p53"": ""no"", ""p55"": ""separadas"", ""p57"": ""menor_6"", ""p58"": ""circulares"", ""p60"": ""2_2_5"", ""p61"": ""plocoide"", ""p62"": ""lisa"", ""p63"": ""costroso_hemisferico""}"
orbicella_faveolata,Orbicella faveolata,Coral Montaña,Faviidae,Escleractinio,Coral masivo hemisférico con coralitos separados. Superficie lisa. Presenta beige y liso.,"{""p1"": ""s"", ""p4"": ""colonial"", ""p6"": ""no"", ""p19"": ""masiva"", ""p30"": ""copas"", ""p48"": ""menor_1"", ""p49"": ""compacto"", ""p53"": ""no"", ""p55"": ""separadas"", ""p57"": ""menor_6"", ""p58"": ""circulares"", ""p60"": ""2_2_5"", ""p61"": ""plocoide"", ""p62"": ""lisa"", ""p63"": ""costroso_hemisferico""}"
orbicella_faveolata,Orbicella faveolata,Coral Montaña,Faviidae,Escleractinio,Forma: crecimiento macizo. Textura: pequeñas copas. Tono: color tierra.,"{""p1"": ""s"", ""p4"": ""colonial"", ""p6"": ""no"", ""p19"": ""masiva"", ""p30"": ""copas"", ""p48"": ""menor_1"", ""p49"": ""compacto"", ""p53"": ""no"", ""p55"": ""separadas"", ""p57"": ""menor_6"", ""p58"": ""circulares"", ""p60"": ""2_2_5"", ""p61"": ""plocoide"", ""p62"": ""lisa"", ""p63"": ""costroso_hemisferico""}"
orbicella_faveolata,Orbicella faveolata,Coral Montaña,Faviidae,Escleractinio,"Como colonias hemisféricas pero con aberturas circulares, áspero al tacto, color piedra.","{""p1"": ""s"", ""p4"": ""colonial"", ""p6"": ""no"", ""p19"": ""masiva"", ""p30"": ""copas"", ""p48"": ""menor_1"", ""p49"": ""compacto"", ""p53"": ""no"", ""p55"": ""separadas"", ""p57"": ""menor_6"", ""p58"": ""circulares"", ""p60"": ""2_2_5"", ""p61"": ""plocoide"", ""p62"": ""lisa"", ""p63"": ""costroso_hemisferico""}"
orbicella_faveolata,Orbicella faveolata,Coral Montaña,Faviidae,Escleractinio,"esférica, aberturas circulares, color grisáceo.","{""p1"": ""s"", ""p4"": ""colonial"", ""p6"": ""no"", ""p19"": ""masiva"", ""p30"": ""copas"", ""p48"": ""menor_1"", ""p49"": ""compacto"", ""p53"": ""no"", ""p55"": ""separadas"", ""p57"": ""menor_6"", ""p58"": ""circulares"", ""p60"": ""2_2_5"", ""p61"": ""plocoide"", ""p62"": ""lisa"", ""p63"": ""costroso_hemisferico""}"
orbicella_faveolata,Orbicella faveolata,Coral Montaña,Faviidae,Escleractinio,Tipo: parece una roca. Superficie: pequeños hoyos. Color: beige.,"{""p1"": ""s"", ""p4"": ""colonial"", ""p6"": ""no"", ""p19"": ""masiva"", ""p30"": ""copas"", ""p48"": ""menor_1"", ""p49"": ""compacto"", ""p53"": ""no"", ""p55"": ""separadas"", ""p57"": ""menor_6"", ""p58"": ""circulares"", ""p60"": ""2_2_5"", ""p61"": ""plocoide"", ""p62"": ""lisa"", ""p63"": ""costroso_hemisferico""}"
orbicella_faveolata,Orbicella faveolata,Coral Montaña,Faviidae,Escleractinio,"Parece estructura globosa con puntitos, color marrón.","{""p1"": ""s"", ""p4"": ""colonial"", ""p6"": ""no"", ""p19"": ""masiva"", ""p30"": ""copas"", ""p48"": ""menor_1"", ""p49"": ""compacto"", ""p53"": ""no"", ""p55"": ""separadas"", ""p57"": ""menor_6"", ""p58"": ""circulares"", ""p60"": ""2_2_5"", ""p61"": ""plocoide"", ""p62"": ""lisa"", ""p63"": ""costroso_hemisferico""}"
orbicella_faveolata,Orbicella faveolata,Coral Montaña,Faviidae,Escleractinio,"Uno como una pelota que está superficie porosa, con coralitos en forma de copa.","{""p1"": ""s"", ""p4"": ""colonial"", ""p6"": ""no"", ""p19"": ""masiva"", ""p30"": ""copas"", ""p48"": ""menor_1"", ""p49"": ""compacto"", ""p53"": ""no"", ""p55"": ""separadas"", ""p57"": ""menor_6"", ""p58"": ""circulares"", ""p60"": ""2_2_5"", ""p61"": ""plocoide"", ""p62"": ""lisa"", ""p63"": ""costroso_hemisferico""}"
orbicella_faveolata,Orbicella faveolata,Coral Montaña,Faviidae,Escleractinio,"Es como parece una roca, tiene pequeños hoyos y es crema.","{""p1"": ""s"", ""p4"": ""colonial"", ""p6"": ""no"", ""p19"": ""masiva"", ""p30"": ""copas"", ""p48"": ""menor_1"", ""p49"": ""compacto"", ""p53"": ""no"", ""p55"": ""separadas"", ""p57"": ""menor_6"", ""p58"": ""circulares"", ""p60"": ""2_2_5"", ""p61"": ""plocoide"", ""p62"": ""lisa"", ""p63"": ""costroso_hemisferico""}"
orbicella_faveolata,Orbicella faveolata,Coral Montaña,Faviidae,Escleractinio,Coral masivo hemisférico con coralitos separados. Superficie lisa. Presenta marrón y superficie uniforme.,"{""p1"": ""s"", ""p4"": ""colonial"", ""p6"": ""no"", ""p19"": ""masiva"", ""p30"": ""copas"", ""p48"": ""menor_1"", ""p49"": ""compacto"", ""p53"": ""no"", ""p55"": ""separadas"", ""p57"": ""menor_6"", ""p58"": ""circulares"", ""p60"": ""2_2_5"", ""p61"": ""plocoide"", ""p62"": ""lisa"", ""p63"": ""costroso_hemisferico""}"
orbicella_faveolata,Orbicella faveolata,Coral Montaña,Faviidae,Escleractinio,Coral masivo hemisférico con coralitos separados. Superficie lisa. Presenta crema y superficie irregular.,"{""p1"": ""s"", ""p4"": ""colonial"", ""p6"": ""no"", ""p19"": ""masiva"", ""p30"": ""copas"", ""p48"": ""menor_1"", ""p49"": ""compacto"", ""p53"": ""no"", ""p55"": ""separadas"", ""p57"": ""menor_6"", ""p58"": ""circulares"", ""p60"": ""2_2_5"", ""p61"": ""plocoide"", ""p62"": ""lisa"", ""p63"": ""costroso_hemisferico""}"
orbicella_faveolata,Orbicella faveolata,Coral Montaña,Faviidae,Escleractinio,"Especie forma de domo, presenta con huecos, tonalidad color piedra.","{""p1"": ""s"", ""p4"": ""colonial"", ""p6"": ""no"", ""p19"": ""masiva"", ""p30"": ""copas"", ""p48"": ""menor_1"", ""p49"": ""compacto"", ""p53"": ""no"", ""p55"": ""separadas"", ""p57"": ""menor_6"", ""p58"": ""circulares"", ""p60"": ""2_2_5"", ""p61"": ""plocoide"", ""p62"": ""lisa"", ""p63"": ""costroso_hemisferico""}"
orbicella_faveolata,Orbicella faveolata,Coral Montaña,Faviidae,Escleractinio,"como una bola, con agujeros, beige.","{""p1"": ""s"", ""p4"": ""colonial"", ""p6"": ""no"", ""p19"": ""masiva"", ""p30"": ""copas"", ""p48"": ""menor_1"", ""p49"": ""compacto"", ""p53"": ""no"", ""p55"": ""separadas"", ""p57"": ""menor_6"", ""p58"": ""circulares"", ""p60"": ""2_2_5"", ""p61"": ""plocoide"", ""p62"": ""lisa"", ""p63"": ""costroso_hemisferico""}"
orbicella_faveolata,Orbicella faveolata,Coral Montaña,Faviidae,Escleractinio,"Vi un coral forma de roca, tiene agujeritos, parece color café.","{""p1"": ""s"", ""p4"": ""colonial"", ""p6"": ""no"", ""p19"": ""masiva"", ""p30"": ""copas"", ""p48"": ""menor_1"", ""p49"": ""compacto"", ""p53"": ""no"", ""p55"": ""separadas"", ""p57"": ""menor_6"", ""p58"": ""circulares"", ""p60"": ""2_2_5"", ""p61"": ""plocoide"", ""p62"": ""lisa"", ""p63"": ""costroso_hemisferico""}"
orbicella_faveolata,Orbicella faveolata,Coral Montaña,Faviidae,Escleractinio,"roca coralina con pinta de con poros, tono como arena.","{""p1"": ""s"", ""p4"": ""colonial"", ""p6"": ""no"", ""p19"": ""masiva"", ""p30"": ""copas"", ""p48"": ""menor_1"", ""p49"": ""compacto"", ""p53"": ""no"", ""p55"": ""separadas"", ""p57"": ""menor_6"", ""p58"": ""circulares"", ""p60"": ""2_2_5"", ""p61"": ""plocoide"", ""p62"": ""lisa"", ""p63"": ""costroso_hemisferico""}"
orbicella_faveolata,Orbicella faveolata,Coral Montaña,Faviidae,Escleractinio,Forma: como un montículo. Textura: como poros. Tono: color marrón claro.,"{""p1"": ""s"", ""p4"": ""colonial"", ""p6"": ""no"", ""p19"": ""masiva"", ""p30"": ""copas"", ""p48"": ""menor_1"", ""p49"": ""compacto"", ""p53"": ""no"", ""p55"": ""separadas"", ""p57"": ""menor_6"", ""p58"": ""circulares"", ""p60"": ""2_2_5"", ""p61"": ""plocoide"", ""p62"": ""lisa"", ""p63"": ""costroso_hemisferico""}"
orbicella_faveolata,Orbicella faveolata,Coral Montaña,Faviidae,Escleractinio,Coral masivo hemisférico con coralitos separados. Superficie lisa. Presenta verdoso y colonias densas.,"{""p1"": ""s"", ""p4"": ""colonial"", ""p6"": ""no"", ""p19"": ""masiva"", ""p30"": ""copas"", ""p48"": ""menor_1"", ""p49"": ""compacto"", ""p53"": ""no"", ""p55"": ""separadas"", ""p57"": ""menor_6"", ""p58"": ""circulares"", ""p60"": ""2_2_5"", ""p61"": ""plocoide"", ""p62"": ""lisa"", ""p63"": ""costroso_hemisferico""}"
orbicella_faveolata,Orbicella faveolata,Coral Montaña,Faviidae,Escleractinio,"Observamos redonda con como poros evidente, coloración amarillento.","{""p1"": ""s"", ""p4"": ""colonial"", ""p6"": ""no"", ""p19"": ""masiva"", ""p30"": ""copas"", ""p48"": ""menor_1"", ""p49"": ""compacto"", ""p53"": ""no"", ""p55"": ""separadas"", ""p57"": ""menor_6"", ""p58"": ""circulares"", ""p60"": ""2_2_5"", ""p61"": ""plocoide"", ""p62"": ""lisa"", ""p63"": ""costroso_hemisferico""}"
orbicella_faveolata,Orbicella faveolata,Coral Montaña,Faviidae,Escleractinio,Coral masivo hemisférico con coralitos separados. Superficie lisa. Presenta color marrón claro y rugoso.,"{""p1"": ""s"", ""p4"": ""colonial"", ""p6"": ""no"", ""p19"": ""masiva"", ""p30"": ""copas"", ""p48"": ""menor_1"", ""p49"": ""compacto"", ""p53"": ""no"", ""p55"": ""separadas"", ""p57"": ""menor_6"", ""p58"": ""circulares"", ""p60"": ""2_2_5"", ""p61"": ""plocoide"", ""p62"": ""lisa"", ""p63"": ""costroso_hemisferico""}"
orbicella_faveolata,Orbicella faveolata,Coral Montaña,Faviidae,Escleractinio,"crecimiento macizo con pinta de con agujeros, tono café.","{""p1"": ""s"", ""p4"": ""colonial"", ""p6"": ""no"", ""p19"": ""masiva"", ""p30"": ""copas"", ""p48"": ""menor_1"", ""p49"": ""compacto"", ""p53"": ""no"", ""p55"": ""separadas"", ""p57"": ""menor_6"", ""p58"": ""circulares"", ""p60"": ""2_2_5"", ""p61"": ""plocoide"", ""p62"": ""lisa"", ""p63"": ""costroso_hemisferico""}"
orbicella_faveolata,Orbicella faveolata,Coral Montaña,Faviidae,Escleractinio,"Parece redonda con agujeritos, color arena.","{""p1"": ""s"", ""p4"": ""colonial"", ""p6"": ""no"", ""p19"": ""masiva"", ""p30"": ""copas"", ""p48"": ""menor_1"", ""p49"": ""compacto"", ""p53"": ""no"", ""p55"": ""separadas"", ""p57"": ""menor_6"", ""p58"": ""circulares"", ""p60"": ""2_2_5"", ""p61"": ""plocoide"", ""p62"": ""lisa"", ""p63"": ""costroso_hemisferico""}"
orbicella_faveolata,Orbicella faveolata,Coral Montaña,Faviidae,Escleractinio,"Colonia como una bola con coralitos en forma de copa característica, color marrón.","{""p1"": ""s"", ""p4"": ""colonial"", ""p6"": ""no"", ""p19"": ""masiva"", ""p30"": ""copas"", ""p48"": ""menor_1"", ""p49"": ""compacto"", ""p53"": ""no"", ""p55"": ""separadas"", ""p57"": ""menor_6"", ""p58"": ""circulares"", ""p60"": ""2_2_5"", ""p61"": ""plocoide"", ""p62"": ""lisa"", ""p63"": ""costroso_hemisferico""}"
orbicella_faveolata,Orbicella faveolata,Coral Montaña,Faviidae,Escleractinio,"Encontré esto: redondo, se ve como poros, color gris.","{""p1"": ""s"", ""p4"": ""colonial"", ""p6"": ""no"", ""p19"": ""masiva"", ""p30"": ""copas"", ""p48"": ""menor_1"", ""p49"": ""compacto"", ""p53"": ""no"", ""p55"": ""separadas"", ""p57"": ""menor_6"", ""p58"": ""circulares"", ""p60"": ""2_2_5"", ""p61"": ""plocoide"", ""p62"": ""lisa"", ""p63"": ""costroso_hemisferico""}"
orbicella_faveolata,Orbicella faveolata,Coral Montaña,Faviidae,Escleractinio,Coral masivo hemisférico con coralitos separados. Superficie lisa. Presenta color piedra y duro como roca.,"{""p1"": ""s"", ""p4"": ""colonial"", ""p6"": ""no"", ""p19"": ""masiva"", ""p30"": ""copas"", ""p48"": ""menor_1"", ""p49"": ""compacto"", ""p53"": ""no"", ""p55"": ""separadas"", ""p57"": ""menor_6"", ""p58"": ""circulares"", ""p60"": ""2_2_5"", ""p61"": ""plocoide"", ""p62"": ""lisa"", ""p63"": ""costroso_hemisferico""}"
orbicella_faveolata,Orbicella faveolata,Coral Montaña,Faviidae,Escleractinio,"Como parece una piedra grande pero con poros de coralitos, poroso, amarillento.","{""p1"": ""s"", ""p4"": ""colonial"", ""p6"": ""no"", ""p19"": ""masiva"", ""p30"": ""copas"", ""p48"": ""menor_1"", ""p49"": ""compacto"", ""p53"": ""no"", ""p55"": ""separadas"", ""p57"": ""menor_6"", ""p58"": ""circulares"", ""p60"": ""2_2_5"", ""p61"": ""plocoide"", ""p62"": ""lisa"", ""p63"": ""costroso_hemisferico""}"
orbicella_faveolata,Orbicella faveolata,Coral Montaña,Faviidae,Escleractinio,Coral masivo hemisférico con coralitos separados. Superficie lisa. Presenta color amarillento y superficie porosa.,"{""p1"": ""s"", ""p4"": ""colonial"", ""p6"": ""no"", ""p19"": ""masiva"", ""p30"": ""copas"", ""p48"": ""menor_1"", ""p49"": ""compacto"", ""p53"": ""no"", ""p55"": ""separadas"", ""p57"": ""menor_6"", ""p58"": ""circulares"", ""p60"": ""2_2_5"", ""p61"": ""plocoide"", ""p62"": ""lisa"", ""p63"": ""costroso_hemisferico""}"
orbicella_faveolata,Orbicella faveolata,Coral Montaña,Faviidae,Escleractinio,Coral masivo hemisférico con coralitos separados. Superficie lisa. Presenta blanquecino y como una roca.,"{""p1"": ""s"", ""p4"": ""colonial"", ""p6"": ""no"", ""p19"": ""masiva"", ""p30"": ""copas"", ""p48"": ""menor_1"", ""p49"": ""compacto"", ""p53"": ""no"", ""p55"": ""separadas"", ""p57"": ""menor_6"", ""p58"": ""circulares"", ""p60"": ""2_2_5"", ""p61"": ""plocoide"", ""p62"": ""lisa"", ""p63"": ""costroso_hemisferico""}"
orbicella_faveolata,Orbicella faveolata,Coral Montaña,Faviidae,Escleractinio,Coral masivo hemisférico con coralitos separados. Superficie lisa. Presenta gris y textura áspera.,"{""p1"": ""s"", ""p4"": ""colonial"", ""p6"": ""no"", ""p19"": ""masiva"", ""p30"": ""copas"", ""p48"": ""menor_1"", ""p49"": ""compacto"", ""p53"": ""no"", ""p55"": ""separadas"", ""p57"": ""menor_6"", ""p58"": ""circulares"", ""p60"": ""2_2_5"", ""p61"": ""plocoide"", ""p62"": ""lisa"", ""p63"": ""costroso_hemisferico""}"
orbicella_faveolata,Orbicella faveolata,Coral Montaña,Faviidae,Escleractinio,"Como roca redonda pero con pequeños hoyos, duro como roca, gris.","{""p1"": ""s"", ""p4"": ""colonial"", ""p6"": ""no"", ""p19"": ""masiva"", ""p30"": ""copas"", ""p48"": ""menor_1"", ""p49"": ""compacto"", ""p53"": ""no"", ""p55"": ""separadas"", ""p57"": ""menor_6"", ""p58"": ""circulares"", ""p60"": ""2_2_5"", ""p61"": ""plocoide"", ""p62"": ""lisa"", ""p63"": ""costroso_hemisferico""}"
orbicella_faveolata,Orbicella faveolata,Coral Montaña,Faviidae,Escleractinio,"Coral de tipo como un montículo, superficie poros de coralitos, superficie uniforme.","{""p1"": ""s"", ""p4"": ""colonial"", ""p6"": ""no"", ""p19"": ""masiva"", ""p30"": ""copas"", ""p48"": ""menor_1"", ""p49"": ""compacto"", ""p53"": ""no"", ""p55"": ""separadas"", ""p57"": ""menor_6"", ""p58"": ""circulares"", ""p60"": ""2_2_5"", ""p61"": ""plocoide"", ""p62"": ""lisa"", ""p63"": ""costroso_hemisferico""}"
orbicella_faveolata,Orbicella faveolata,Coral Montaña,Faviidae,Escleractinio,Forma: esférico. Textura: coralitos en forma de copa. Tono: blanquecino.,"{""p1"": ""s"", ""p4"": ""colonial"", ""p6"": ""no"", ""p19"": ""masiva"", ""p30"": ""copas"", ""p48"": ""menor_1"", ""p49"": ""compacto"", ""p53"": ""no"", ""p55"": ""separadas"", ""p57"": ""menor_6"", ""p58"": ""circulares"", ""p60"": ""2_2_5"", ""p61"": ""plocoide"", ""p62"": ""lisa"", ""p63"": ""costroso_hemisferico""}"
orbicella_faveolata,Orbicella faveolata,Coral Montaña,Faviidae,Escleractinio,"Encontré esto: redondo, se ve con hoyitos pequeños, color como arena.","{""p1"": ""s"", ""p4"": ""colonial"", ""p6"": ""no"", ""p19"": ""masiva"", ""p30"": ""copas"", ""p48"": ""menor_1"", ""p49"": ""compacto"", ""p53"": ""no"", ""p55"": ""separadas"", ""p57"": ""menor_6"", ""p58"": ""circulares"", ""p60"": ""2_2_5"", ""p61"": ""plocoide"", ""p62"": ""lisa"", ""p63"": ""costroso_hemisferico""}"
orbicella_faveolata,Orbicella faveolata,Coral Montaña,Faviidae,Escleractinio,"Es un coral roca viva, superficie lisa, con como poros de color beige.","{""p1"": ""s"", ""p4"": ""colonial"", ""p6"": ""no"", ""p19"": ""masiva"", ""p30"": ""copas"", ""p48"": ""menor_1"", ""p49"": ""compacto"", ""p53"": ""no"", ""p55"": ""separadas"", ""p57"": ""menor_6"", ""p58"": ""circulares"", ""p60"": ""2_2_5"", ""p61"": ""plocoide"", ""p62"": ""lisa"", ""p63"": ""costroso_hemisferico""}"
orbicella_faveolata,Orbicella faveolata,Coral Montaña,Faviidae,Escleractinio,"Uno roca viva que está superficie rugosa, con hoyitos.","{""p1"": ""s"", ""p4"": ""colonial"", ""p6"": ""no"", ""p19"": ""masiva"", ""p30"": ""copas"", ""p48"": ""menor_1"", ""p49"": ""compacto"", ""p53"": ""no"", ""p55"": ""separadas"", ""p57"": ""menor_6"", ""p58"": ""circulares"", ""p60"": ""2_2_5"", ""p61"": ""plocoide"", ""p62"": ""lisa"", ""p63"": ""costroso_hemisferico""}"
orbicella_faveolata,Orbicella faveolata,Coral Montaña,Faviidae,Escleractinio,Coral masivo hemisférico con coralitos separados. Superficie lisa. Presenta color grisáceo y superficie uniforme.,"{""p1"": ""s"", ""p4"": ""colonial"", ""p6"": ""no"", ""p19"": ""masiva"", ""p30"": ""copas"", ""p48"": ""menor_1"", ""p49"": ""compacto"", ""p53"": ""no"", ""p55"": ""separadas"", ""p57"": ""menor_6"", ""p58"": ""circulares"", ""p60"": ""2_2_5"", ""p61"": ""plocoide"", ""p62"": ""lisa"", ""p63"": ""costroso_hemisferico""}"
orbicella_faveolata,Orbicella faveolata,Coral Montaña,Faviidae,Escleractinio,Coral masivo hemisférico con coralitos separados. Superficie lisa. Presenta color piedra y superficie uniforme.,"{""p1"": ""s"", ""p4"": ""colonial"", ""p6"": ""no"", ""p19"": ""masiva"", ""p30"": ""copas"", ""p48"": ""menor_1"", ""p49"": ""compacto"", ""p53"": ""no"", ""p55"": ""separadas"", ""p57"": ""menor_6"", ""p58"": ""circulares"", ""p60"": ""2_2_5"", ""p61"": ""plocoide"", ""p62"": ""lisa"", ""p63"": ""costroso_hemisferico""}"
orbicella_faveolata,Orbicella faveolata,Coral Montaña,Faviidae,Escleractinio,Coral masivo hemisférico con coralitos separados. Superficie lisa. Presenta marrón y esqueleto calcáreo.,"{""p1"": ""s"", ""p4"": ""colonial"", ""p6"": ""no"", ""p19"": ""masiva"", ""p30"": ""copas"", ""p48"": ""menor_1"", ""p49"": ""compacto"", ""p53"": ""no"", ""p55"": ""separadas"", ""p57"": ""menor_6"", ""p58"": ""circulares"", ""p60"": ""2_2_5"", ""p61"": ""plocoide"", ""p62"": ""lisa"", ""p63"": ""costroso_hemisferico""}"
orbicella_faveolata,Orbicella faveolata,Coral Montaña,Faviidae,Escleractinio,Forma: forma de roca. Textura: huequitos. Tono: café.,"{""p1"": ""s"", ""p4"": ""colonial"", ""p6"": ""no"", ""p19"": ""masiva"", ""p30"": ""copas"", ""p48"": ""menor_1"", ""p49"": ""compacto"", ""p53"": ""no"", ""p55"": ""separadas"", ""p57"": ""menor_6"", ""p58"": ""circulares"", ""p60"": ""2_2_5"", ""p61"": ""plocoide"", ""p62"": ""lisa"", ""p63"": ""costroso_hemisferico""}"
orbicella_faveolata,Orbicella faveolata,Coral Montaña,Faviidae,Escleractinio,Coral masivo hemisférico con coralitos separados. Superficie lisa. Presenta color arena y colonias densas.,"{""p1"": ""s"", ""p4"": ""colonial"", ""p6"": ""no"", ""p19"": ""masiva"", ""p30"": ""copas"", ""p48"": ""menor_1"", ""p49"": ""compacto"", ""p53"": ""no"", ""p55"": ""separadas"", ""p57"": ""menor_6"", ""p58"": ""circulares"", ""p60"": ""2_2_5"", ""p61"": ""plocoide"", ""p62"": ""lisa"", ""p63"": ""costroso_hemisferico""}"
orbicella_faveolata,Orbicella faveolata,Coral Montaña,Faviidae,Escleractinio,Forma: esfera rocosa. Textura: superficie con copas. Tono: tonalidad verdosa.,"{""p1"": ""s"", ""p4"": ""colonial"", ""p6"": ""no"", ""p19"": ""masiva"", ""p30"": ""copas"", ""p48"": ""menor_1"", ""p49"": ""compacto"", ""p53"": ""no"", ""p55"": ""separadas"", ""p57"": ""menor_6"", ""p58"": ""circulares"", ""p60"": ""2_2_5"", ""p61"": ""plocoide"", ""p62"": ""lisa"", ""p63"": ""costroso_hemisferico""}"
orbicella_faveolata,Orbicella faveolata,Coral Montaña,Faviidae,Escleractinio,Coral masivo hemisférico con coralitos separados. Superficie lisa.,"{""p1"": ""s"", ""p4"": ""colonial"", ""p6"": ""no"", ""p19"": ""masiva"", ""p30"": ""copas"", ""p48"": ""menor_1"", ""p49"": ""compacto"", ""p53"": ""no"", ""p55"": ""separadas"", ""p57"": ""menor_6"", ""p58"": ""circulares"", ""p60"": ""2_2_5"", ""p61"": ""plocoide"", ""p62"": ""lisa"", ""p63"": ""costroso_hemisferico""}"
orbicella_faveolata,Orbicella faveolata,Coral Montaña,Faviidae,Escleractinio,Coral masivo hemisférico con coralitos separados. Superficie lisa. Presenta blanquecino y áspero al tacto.,"{""p1"": ""s"", ""p4"": ""colonial"", ""p6"": ""no"", ""p19"": ""masiva"", ""p30"": ""copas"", ""p48"": ""menor_1"", ""p49"": ""compacto"", ""p53"": ""no"", ""p55"": ""separadas"", ""p57"": ""menor_6"", ""p58"": ""circulares"", ""p60"": ""2_2_5"", ""p61"": ""plocoide"", ""p62"": ""lisa"", ""p63"": ""costroso_hemisferico""}"
orbicella_faveolata,Orbicella faveolata,Coral Montaña,Faviidae,Escleractinio,"Es un coral montículo rocoso, superficie irregular, con poros de coralitos de color como arena.","{""p1"": ""s"", ""p4"": ""colonial"", ""p6"": ""no"", ""p19"": ""masiva"", ""p30"": ""copas"", ""p48"": ""menor_1"", ""p49"": ""compacto"", ""p53"": ""no"", ""p55"": ""separadas"", ""p57"": ""menor_6"", ""p58"": ""circulares"", ""p60"": ""2_2_5"", ""p61"": ""plocoide"", ""p62"": ""lisa"", ""p63"": ""costroso_hemisferico""}"
orbicella_faveolata,Orbicella faveolata,Coral Montaña,Faviidae,Escleractinio,"Encontré esto: parece una piedra grande, se ve hoyuelos, color blanquecino.","{""p1"": ""s"", ""p4"": ""colonial"", ""p6"": ""no"", ""p19"": ""masiva"", ""p30"": ""copas"", ""p48"": ""menor_1"", ""p49"": ""compacto"", ""p53"": ""no"", ""p55"": ""separadas"", ""p57"": ""menor_6"", ""p58"": ""circulares"", ""p60"": ""2_2_5"", ""p61"": ""plocoide"", ""p62"": ""lisa"", ""p63"": ""costroso_hemisferico""}"
orbicella_faveolata,Orbicella faveolata,Coral Montaña,Faviidae,Escleractinio,Coral masivo hemisférico con coralitos separados. Superficie lisa. Presenta beige y superficie uniforme.,"{""p1"": ""s"", ""p4"": ""colonial"", ""p6"": ""no"", ""p19"": ""masiva"", ""p30"": ""copas"", ""p48"": ""menor_1"", ""p49"": ""compacto"", ""p53"": ""no"", ""p55"": ""separadas"", ""p57"": ""menor_6"", ""p58"": ""circulares"", ""p60"": ""2_2_5"", ""p61"": ""plocoide"", ""p62"": ""lisa"", ""p63"": ""costroso_hemisferico""}"
orbicella_faveolata,Orbicella faveolata,Coral Montaña,Faviidae,Escleractinio,"Como roca redonda pero con hoyuelos, colonias densas, color café.","{""p1"": ""s"", ""p4"": ""colonial"", ""p6"": ""no"", ""p19"": ""masiva"", ""p30"": ""copas"", ""p48"": ""menor_1"", ""p49"": ""compacto"", ""p53"": ""no"", ""p55"": ""separadas"", ""p57"": ""menor_6"", ""p58"": ""circulares"", ""p60"": ""2_2_5"", ""p61"": ""plocoide"", ""p62"": ""lisa"", ""p63"": ""costroso_hemisferico""}"
orbicella_faveolata,Orbicella faveolata,Coral Montaña,Faviidae,Escleractinio,"Especie crecimiento macizo, presenta agujeritos, tonalidad crema.","{""p1"": ""s"", ""p4"": ""colonial"", ""p6"": ""no"", ""p19"": ""masiva"", ""p30"": ""copas"", ""p48"": ""menor_1"", ""p49"": ""compacto"", ""p53"": ""no"", ""p55"": ""separadas"", ""p57"": ""menor_6"", ""p58"": ""circulares"", ""p60"": ""2_2_5"", ""p61"": ""plocoide"", ""p62"": ""lisa"", ""p63"": ""costroso_hemisferico""}"
orbicella_faveolata,Orbicella faveolata,Coral Montaña,Faviidae,Escleractinio,"Encontré esto: esfera rocosa, se ve como una colmena, color gris.","{""p1"": ""s"", ""p4"": ""colonial"", ""p6"": ""no"", ""p19"": ""masiva"", ""p30"": ""copas"", ""p48"": ""menor_1"", ""p49"": ""compacto"", ""p53"": ""no"", ""p55"": ""separadas"", ""p57"": ""menor_6"", ""p58"": ""circulares"", ""p60"": ""2_2_5"", ""p61"": ""plocoide"", ""p62"": ""lisa"", ""p63"": ""costroso_hemisferico""}"
orbicella_faveolata,Orbicella faveolata,Coral Montaña,Faviidae,Escleractinio,"redondo, aberturas circulares, color amarillento.","{""p1"": ""s"", ""p4"": ""colonial"", ""p6"": ""no"", ""p19"": ""masiva"", ""p30"": ""copas"", ""p48"": ""menor_1"", ""p49"": ""compacto"", ""p53"": ""no"", ""p55"": ""separadas"", ""p57"": ""menor_6"", ""p58"": ""circulares"", ""p60"": ""2_2_5"", ""p61"": ""plocoide"", ""p62"": ""lisa"", ""p63"": ""costroso_hemisferico""}"
orbicella_faveolata,Orbicella faveolata,Coral Montaña,Faviidae,Escleractinio,Un coral forma redonda que tiene como panal y es poroso.,"{""p1"": ""s"", ""p4"": ""colonial"", ""p6"": ""no"", ""p19"": ""masiva"", ""p30"": ""copas"", ""p48"": ""menor_1"", ""p49"": ""compacto"", ""p53"": ""no"", ""p55"": ""separadas"", ""p57"": ""menor_6"", ""p58"": ""circulares"", ""p60"": ""2_2_5"", ""p61"": ""plocoide"", ""p62"": ""lisa"", ""p63"": ""costroso_hemisferico""}"
orbicella_franksi,Orbicella franksi,Coral Montaña,Faviidae,Escleractinio,"Colonia esférica con como una esponja característica, marrón.","{""p1"": ""s"", ""p4"": ""colonial"", ""p6"": ""no"", ""p19"": ""masiva"", ""p30"": ""copas"", ""p48"": ""menor_1"", ""p49"": ""compacto"", ""p53"": ""no"", ""p55"": ""separadas"", ""p57"": ""menor_6"", ""p58"": ""circulares"", ""p60"": ""2_2_5"", ""p61"": ""plocoide"", ""p62"": ""desigual""}"
orbicella_franksi,Orbicella franksi,Coral Montaña,Faviidae,Escleractinio,Tipo: roca coralina. Superficie: como una colmena. Color: marrón.,"{""p1"": ""s"", ""p4"": ""colonial"", ""p6"": ""no"", ""p19"": ""masiva"", ""p30"": ""copas"", ""p48"": ""menor_1"", ""p49"": ""compacto"", ""p53"": ""no"", ""p55"": ""separadas"", ""p57"": ""menor_6"", ""p58"": ""circulares"", ""p60"": ""2_2_5"", ""p61"": ""plocoide"", ""p62"": ""desigual""}"
orbicella_franksi,Orbicella franksi,Coral Montaña,Faviidae,Escleractinio,"parece una piedra grande, huequitos, color tierra.","{""p1"": ""s"", ""p4"": ""colonial"", ""p6"": ""no"", ""p19"": ""masiva"", ""p30"": ""copas"", ""p48"": ""menor_1"", ""p49"": ""compacto"", ""p53"": ""no"", ""p55"": ""separadas"", ""p57"": ""menor_6"", ""p58"": ""circulares"", ""p60"": ""2_2_5"", ""p61"": ""plocoide"", ""p62"": ""desigual""}"
orbicella_franksi,Orbicella franksi,Coral Montaña,Faviidae,Escleractinio,Coral masivo con coralitos separados. Superficie desigual con coralitos irregulares. Presenta color marrón y textura áspera.,"{""p1"": ""s"", ""p4"": ""colonial"", ""p6"": ""no"", ""p19"": ""masiva"", ""p30"": ""copas"", ""p48"": ""menor_1"", ""p49"": ""compacto"", ""p53"": ""no"", ""p55"": ""separadas"", ""p57"": ""menor_6"", ""p58"": ""circulares"", ""p60"": ""2_2_5"", ""p61"": ""plocoide"", ""p62"": ""desigual""}"
orbicella_franksi,Orbicella franksi,Coral Montaña,Faviidae,Escleractinio,Coral masivo con coralitos separados. Superficie desigual con coralitos irregulares. Presenta color piedra y poroso.,"{""p1"": ""s"", ""p4"": ""colonial"", ""p6"": ""no"", ""p19"": ""masiva"", ""p30"": ""copas"", ""p48"": ""menor_1"", ""p49"": ""compacto"", ""p53"": ""no"", ""p55"": ""separadas"", ""p57"": ""menor_6"", ""p58"": ""circulares"", ""p60"": ""2_2_5"", ""p61"": ""plocoide"", ""p62"": ""desigual""}"
orbicella_franksi,Orbicella franksi,Coral Montaña,Faviidae,Escleractinio,"Es un coral parece una piedra grande, esqueleto calcáreo, con pequeñas celdas circulares de color gris.","{""p1"": ""s"", ""p4"": ""colonial"", ""p6"": ""no"", ""p19"": ""masiva"", ""p30"": ""copas"", ""p48"": ""menor_1"", ""p49"": ""compacto"", ""p53"": ""no"", ""p55"": ""separadas"", ""p57"": ""menor_6"", ""p58"": ""circulares"", ""p60"": ""2_2_5"", ""p61"": ""plocoide"", ""p62"": ""desigual""}"
orbicella_franksi,Orbicella franksi,Coral Montaña,Faviidae,Escleractinio,"Uno esférico que está superficie uniforme, con pequeñas celdas circulares.","{""p1"": ""s"", ""p4"": ""colonial"", ""p6"": ""no"", ""p19"": ""masiva"", ""p30"": ""copas"", ""p48"": ""menor_1"", ""p49"": ""compacto"", ""p53"": ""no"", ""p55"": ""separadas"", ""p57"": ""menor_6"", ""p58"": ""circulares"", ""p60"": ""2_2_5"", ""p61"": ""plocoide"", ""p62"": ""desigual""}"
orbicella_franksi,Orbicella franksi,Coral Montaña,Faviidae,Escleractinio,"Observamos como un domo con como poros evidente, coloración tonalidad verdosa.","{""p1"": ""s"", ""p4"": ""colonial"", ""p6"": ""no"", ""p19"": ""masiva"", ""p30"": ""copas"", ""p48"": ""menor_1"", ""p49"": ""compacto"", ""p53"": ""no"", ""p55"": ""separadas"", ""p57"": ""menor_6"", ""p58"": ""circulares"", ""p60"": ""2_2_5"", ""p61"": ""plocoide"", ""p62"": ""desigual""}"
orbicella_franksi,Orbicella franksi,Coral Montaña,Faviidae,Escleractinio,"Especie roca coralina, presenta puntitos, tonalidad marrón.","{""p1"": ""s"", ""p4"": ""colonial"", ""p6"": ""no"", ""p19"": ""masiva"", ""p30"": ""copas"", ""p48"": ""menor_1"", ""p49"": ""compacto"", ""p53"": ""no"", ""p55"": ""separadas"", ""p57"": ""menor_6"", ""p58"": ""circulares"", ""p60"": ""2_2_5"", ""p61"": ""plocoide"", ""p62"": ""desigual""}"
orbicella_franksi,Orbicella franksi,Coral Montaña,Faviidae,Escleractinio,"Es como roca viva, tiene con poros y es gris.","{""p1"": ""s"", ""p4"": ""colonial"", ""p6"": ""no"", ""p19"": ""masiva"", ""p30"": ""copas"", ""p48"": ""menor_1"", ""p49"": ""compacto"", ""p53"": ""no"", ""p55"": ""separadas"", ""p57"": ""menor_6"", ""p58"": ""circulares"", ""p60"": ""2_2_5"", ""p61"": ""plocoide"", ""p62"": ""desigual""}"
orbicella_franksi,Orbicella franksi,Coral Montaña,Faviidae,Escleractinio,Coral masivo con coralitos separados. Superficie desigual con coralitos irregulares. Presenta color café y duro como roca.,"{""p1"": ""s"", ""p4"": ""colonial"", ""p6"": ""no"", ""p19"": ""masiva"", ""p30"": ""copas"", ""p48"": ""menor_1"", ""p49"": ""compacto"", ""p53"": ""no"", ""p55"": ""separadas"", ""p57"": ""menor_6"", ""p58"": ""circulares"", ""p60"": ""2_2_5"", ""p61"": ""plocoide"", ""p62"": ""desigual""}"
orbicella_franksi,Orbicella franksi,Coral Montaña,Faviidae,Escleractinio,"Es un coral como un montículo, superficie porosa, con puntitos de color verdoso.","{""p1"": ""s"", ""p4"": ""colonial"", ""p6"": ""no"", ""p19"": ""masiva"", ""p30"": ""copas"", ""p48"": ""menor_1"", ""p49"": ""compacto"", ""p53"": ""no"", ""p55"": ""separadas"", ""p57"": ""menor_6"", ""p58"": ""circulares"", ""p60"": ""2_2_5"", ""p61"": ""plocoide"", ""p62"": ""desigual""}"
orbicella_franksi,Orbicella franksi,Coral Montaña,Faviidae,Escleractinio,Coral masivo con coralitos separados. Superficie desigual con coralitos irregulares. Presenta color café y esqueleto calcáreo.,"{""p1"": ""s"", ""p4"": ""colonial"", ""p6"": ""no"", ""p19"": ""masiva"", ""p30"": ""copas"", ""p48"": ""menor_1"", ""p49"": ""compacto"", ""p53"": ""no"", ""p55"": ""separadas"", ""p57"": ""menor_6"", ""p58"": ""circulares"", ""p60"": ""2_2_5"", ""p61"": ""plocoide"", ""p62"": ""desigual""}"
orbicella_franksi,Orbicella franksi,Coral Montaña,Faviidae,Escleractinio,"Es un coral como una pelota, superficie porosa, con hoyuelos de color café.","{""p1"": ""s"", ""p4"": ""colonial"", ""p6"": ""no"", ""p19"": ""masiva"", ""p30"": ""copas"", ""p48"": ""menor_1"", ""p49"": ""compacto"", ""p53"": ""no"", ""p55"": ""separadas"", ""p57"": ""menor_6"", ""p58"": ""circulares"", ""p60"": ""2_2_5"", ""p61"": ""plocoide"", ""p62"": ""desigual""}"
orbicella_franksi,Orbicella franksi,Coral Montaña,Faviidae,Escleractinio,"Coral de tipo roca redonda, superficie como panal, como esponja.","{""p1"": ""s"", ""p4"": ""colonial"", ""p6"": ""no"", ""p19"": ""masiva"", ""p30"": ""copas"", ""p48"": ""menor_1"", ""p49"": ""compacto"", ""p53"": ""no"", ""p55"": ""separadas"", ""p57"": ""menor_6"", ""p58"": ""circulares"", ""p60"": ""2_2_5"", ""p61"": ""plocoide"", ""p62"": ""desigual""}"
orbicella_franksi,Orbicella franksi,Coral Montaña,Faviidae,Escleractinio,Coral masivo con coralitos separados. Superficie desigual con coralitos irregulares. Presenta color marrón claro y esqueleto calcáreo.,"{""p1"": ""s"", ""p4"": ""colonial"", ""p6"": ""no"", ""p19"": ""masiva"", ""p30"": ""copas"", ""p48"": ""menor_1"", ""p49"": ""compacto"", ""p53"": ""no"", ""p55"": ""separadas"", ""p57"": ""menor_6"", ""p58"": ""circulares"", ""p60"": ""2_2_5"", ""p61"": ""plocoide"", ""p62"": ""desigual""}"
orbicella_franksi,Orbicella franksi,Coral Montaña,Faviidae,Escleractinio,"Estaba buceando y vi roca viva con aberturas circulares, color café.","{""p1"": ""s"", ""p4"": ""colonial"", ""p6"": ""no"", ""p19"": ""masiva"", ""p30"": ""copas"", ""p48"": ""menor_1"", ""p49"": ""compacto"", ""p53"": ""no"", ""p55"": ""separadas"", ""p57"": ""menor_6"", ""p58"": ""circulares"", ""p60"": ""2_2_5"", ""p61"": ""plocoide"", ""p62"": ""desigual""}"
orbicella_franksi,Orbicella franksi,Coral Montaña,Faviidae,Escleractinio,Coral masivo con coralitos separados. Superficie desigual con coralitos irregulares. Presenta color grisáceo y superficie porosa.,"{""p1"": ""s"", ""p4"": ""colonial"", ""p6"": ""no"", ""p19"": ""masiva"", ""p30"": ""copas"", ""p48"": ""menor_1"", ""p49"": ""compacto"", ""p53"": ""no"", ""p55"": ""separadas"", ""p57"": ""menor_6"", ""p58"": ""circulares"", ""p60"": ""2_2_5"", ""p61"": ""plocoide"", ""p62"": ""desigual""}"
orbicella_franksi,Orbicella franksi,Coral Montaña,Faviidae,Escleractinio,Coral masivo con coralitos separados. Superficie desigual con coralitos irregulares. Presenta verdoso y superficie rugosa.,"{""p1"": ""s"", ""p4"": ""colonial"", ""p6"": ""no"", ""p19"": ""masiva"", ""p30"": ""copas"", ""p48"": ""menor_1"", ""p49"": ""compacto"", ""p53"": ""no"", ""p55"": ""separadas"", ""p57"": ""menor_6"", ""p58"": ""circulares"", ""p60"": ""2_2_5"", ""p61"": ""plocoide"", ""p62"": ""desigual""}"
orbicella_franksi,Orbicella franksi,Coral Montaña,Faviidae,Escleractinio,"Estaba buceando y vi como un domo con huequitos, color marrón.","{""p1"": ""s"", ""p4"": ""colonial"", ""p6"": ""no"", ""p19"": ""masiva"", ""p30"": ""copas"", ""p48"": ""menor_1"", ""p49"": ""compacto"", ""p53"": ""no"", ""p55"": ""separadas"", ""p57"": ""menor_6"", ""p58"": ""circulares"", ""p60"": ""2_2_5"", ""p61"": ""plocoide"", ""p62"": ""desigual""}"
orbicella_franksi,Orbicella franksi,Coral Montaña,Faviidae,Escleractinio,Un coral forma redonda que tiene como panal y es como una roca.,"{""p1"": ""s"", ""p4"": ""colonial"", ""p6"": ""no"", ""p19"": ""masiva"", ""p30"": ""copas"", ""p48"": ""menor_1"", ""p49"": ""compacto"", ""p53"": ""no"", ""p55"": ""separadas"", ""p57"": ""menor_6"", ""p58"": ""circulares"", ""p60"": ""2_2_5"", ""p61"": ""plocoide"", ""p62"": ""desigual""}"
orbicella_franksi,Orbicella franksi,Coral Montaña,Faviidae,Escleractinio,Coral masivo con coralitos separados. Superficie desigual con coralitos irregulares. Presenta como arena y rugoso.,"{""p1"": ""s"", ""p4"": ""colonial"", ""p6"": ""no"", ""p19"": ""masiva"", ""p30"": ""copas"", ""p48"": ""menor_1"", ""p49"": ""compacto"", ""p53"": ""no"", ""p55"": ""separadas"", ""p57"": ""menor_6"", ""p58"": ""circulares"", ""p60"": ""2_2_5"", ""p61"": ""plocoide"", ""p62"": ""desigual""}"
orbicella_franksi,Orbicella franksi,Coral Montaña,Faviidae,Escleractinio,"Estaba buceando y vi como una pelota con huequitos, gris.","{""p1"": ""s"", ""p4"": ""colonial"", ""p6"": ""no"", ""p19"": ""masiva"", ""p30"": ""copas"", ""p48"": ""menor_1"", ""p49"": ""compacto"", ""p53"": ""no"", ""p55"": ""separadas"", ""p57"": ""menor_6"", ""p58"": ""circulares"", ""p60"": ""2_2_5"", ""p61"": ""plocoide"", ""p62"": ""desigual""}"
orbicella_franksi,Orbicella franksi,Coral Montaña,Faviidae,Escleractinio,"Es un coral como una pelota, duro como roca, con pequeñas celdas circulares de color color amarillento.","{""p1"": ""s"", ""p4"": ""colonial"", ""p6"": ""no"", ""p19"": ""masiva"", ""p30"": ""copas"", ""p48"": ""menor_1"", ""p49"": ""compacto"", ""p53"": ""no"", ""p55"": ""separadas"", ""p57"": ""menor_6"", ""p58"": ""circulares"", ""p60"": ""2_2_5"", ""p61"": ""plocoide"", ""p62"": ""desigual""}"
orbicella_franksi,Orbicella franksi,Coral Montaña,Faviidae,Escleractinio,Coral masivo con coralitos separados. Superficie desigual con coralitos irregulares. Presenta tonalidad verdosa y textura áspera.,"{""p1"": ""s"", ""p4"": ""colonial"", ""p6"": ""no"", ""p19"": ""masiva"", ""p30"": ""copas"", ""p48"": ""menor_1"", ""p49"": ""compacto"", ""p53"": ""no"", ""p55"": ""separadas"", ""p57"": ""menor_6"", ""p58"": ""circulares"", ""p60"": ""2_2_5"", ""p61"": ""plocoide"", ""p62"": ""desigual""}"
orbicella_franksi,Orbicella franksi,Coral Montaña,Faviidae,Escleractinio,Coral masivo con coralitos separados. Superficie desigual con coralitos irregulares. Presenta color tierra y rugoso.,"{""p1"": ""s"", ""p4"": ""colonial"", ""p6"": ""no"", ""p19"": ""masiva"", ""p30"": ""copas"", ""p48"": ""menor_1"", ""p49"": ""compacto"", ""p53"": ""no"", ""p55"": ""separadas"", ""p57"": ""menor_6"", ""p58"": ""circulares"", ""p60"": ""2_2_5"", ""p61"": ""plocoide"", ""p62"": ""desigual""}"
orbicella_franksi,Orbicella franksi,Coral Montaña,Faviidae,Escleractinio,"Es un coral esférica, liso, con hoyuelos de color color marrón.","{""p1"": ""s"", ""p4"": ""colonial"", ""p6"": ""no"", ""p19"": ""masiva"", ""p30"": ""copas"", ""p48"": ""menor_1"", ""p49"": ""compacto"", ""p53"": ""no"", ""p55"": ""separadas"", ""p57"": ""menor_6"", ""p58"": ""circulares"", ""p60"": ""2_2_5"", ""p61"": ""plocoide"", ""p62"": ""desigual""}"
orbicella_franksi,Orbicella franksi,Coral Montaña,Faviidae,Escleractinio,Un coral roca redonda que tiene con huecos y es superficie rugosa.,"{""p1"": ""s"", ""p4"": ""colonial"", ""p6"": ""no"", ""p19"": ""masiva"", ""p30"": ""copas"", ""p48"": ""menor_1"", ""p49"": ""compacto"", ""p53"": ""no"", ""p55"": ""separadas"", ""p57"": ""menor_6"", ""p58"": ""circulares"", ""p60"": ""2_2_5"", ""p61"": ""plocoide"", ""p62"": ""desigual""}"
orbicella_franksi,Orbicella franksi,Coral Montaña,Faviidae,Escleractinio,"como un domo, con poros, café.","{""p1"": ""s"", ""p4"": ""colonial"", ""p6"": ""no"", ""p19"": ""masiva"", ""p30"": ""copas"", ""p48"": ""menor_1"", ""p49"": ""compacto"", ""p53"": ""no"", ""p55"": ""separadas"", ""p57"": ""menor_6"", ""p58"": ""circulares"", ""p60"": ""2_2_5"", ""p61"": ""plocoide"", ""p62"": ""desigual""}"
orbicella_franksi,Orbicella franksi,Coral Montaña,Faviidae,Escleractinio,Coral masivo con coralitos separados. Superficie desigual con coralitos irregulares. Presenta crema y liso.,"{""p1"": ""s"", ""p4"": ""colonial"", ""p6"": ""no"", ""p19"": ""masiva"", ""p30"": ""copas"", ""p48"": ""menor_1"", ""p49"": ""compacto"", ""p53"": ""no"", ""p55"": ""separadas"", ""p57"": ""menor_6"", ""p58"": ""circulares"", ""p60"": ""2_2_5"", ""p61"": ""plocoide"", ""p62"": ""desigual""}"
orbicella_franksi,Orbicella franksi,Coral Montaña,Faviidae,Escleractinio,Coral masivo con coralitos separados. Superficie desigual con coralitos irregulares. Presenta color amarillento y superficie rugosa.,"{""p1"": ""s"", ""p4"": ""colonial"", ""p6"": ""no"", ""p19"": ""masiva"", ""p30"": ""copas"", ""p48"": ""menor_1"", ""p49"": ""compacto"", ""p53"": ""no"", ""p55"": ""separadas"", ""p57"": ""menor_6"", ""p58"": ""circulares"", ""p60"": ""2_2_5"", ""p61"": ""plocoide"", ""p62"": ""desigual""}"
orbicella_franksi,Orbicella franksi,Coral Montaña,Faviidae,Escleractinio,"Como esférica pero con aberturas circulares, liso, beige.","{""p1"": ""s"", ""p4"": ""colonial"", ""p6"": ""no"", ""p19"": ""masiva"", ""p30"": ""copas"", ""p48"": ""menor_1"", ""p49"": ""compacto"", ""p53"": ""no"", ""p55"": ""separadas"", ""p57"": ""menor_6"", ""p58"": ""circulares"", ""p60"": ""2_2_5"", ""p61"": ""plocoide"", ""p62"": ""desigual""}"
orbicella_franksi,Orbicella franksi,Coral Montaña,Faviidae,Escleractinio,"Vi un coral como un domo, tiene como poros, parece color arena.","{""p1"": ""s"", ""p4"": ""colonial"", ""p6"": ""no"", ""p19"": ""masiva"", ""p30"": ""copas"", ""p48"": ""menor_1"", ""p49"": ""compacto"", ""p53"": ""no"", ""p55"": ""separadas"", ""p57"": ""menor_6"", ""p58"": ""circulares"", ""p60"": ""2_2_5"", ""p61"": ""plocoide"", ""p62"": ""desigual""}"
orbicella_franksi,Orbicella franksi,Coral Montaña,Faviidae,Escleractinio,"parece una roca con pinta de superficie con copas, tono color grisáceo.","{""p1"": ""s"", ""p4"": ""colonial"", ""p6"": ""no"", ""p19"": ""masiva"", ""p30"": ""copas"", ""p48"": ""menor_1"", ""p49"": ""compacto"", ""p53"": ""no"", ""p55"": ""separadas"", ""p57"": ""menor_6"", ""p58"": ""circulares"", ""p60"": ""2_2_5"", ""p61"": ""plocoide"", ""p62"": ""desigual""}"
orbicella_franksi,Orbicella franksi,Coral Montaña,Faviidae,Escleractinio,"Parece roca redonda con pequeñas celdas circulares, color piedra.","{""p1"": ""s"", ""p4"": ""colonial"", ""p6"": ""no"", ""p19"": ""masiva"", ""p30"": ""copas"", ""p48"": ""menor_1"", ""p49"": ""compacto"", ""p53"": ""no"", ""p55"": ""separadas"", ""p57"": ""menor_6"", ""p58"": ""circulares"", ""p60"": ""2_2_5"", ""p61"": ""plocoide"", ""p62"": ""desigual""}"
orbicella_franksi,Orbicella franksi,Coral Montaña,Faviidae,Escleractinio,"Colonia redonda con pequeños hoyos característica, color café claro.","{""p1"": ""s"", ""p4"": ""colonial"", ""p6"": ""no"", ""p19"": ""masiva"", ""p30"": ""copas"", ""p48"": ""menor_1"", ""p49"": ""compacto"", ""p53"": ""no"", ""p55"": ""separadas"", ""p57"": ""menor_6"", ""p58"": ""circulares"", ""p60"": ""2_2_5"", ""p61"": ""plocoide"", ""p62"": ""desigual""}"
orbicella_franksi,Orbicella franksi,Coral Montaña,Faviidae,Escleractinio,Coral masivo con coralitos separados. Superficie desigual con coralitos irregulares. Presenta color marrón claro y superficie uniforme.,"{""p1"": ""s"", ""p4"": ""colonial"", ""p6"": ""no"", ""p19"": ""masiva"", ""p30"": ""copas"", ""p48"": ""menor_1"", ""p49"": ""compacto"", ""p53"": ""no"", ""p55"": ""separadas"", ""p57"": ""menor_6"", ""p58"": ""circulares"", ""p60"": ""2_2_5"", ""p61"": ""plocoide"", ""p62"": ""desigual""}"
orbicella_franksi,Orbicella franksi,Coral Montaña,Faviidae,Escleractinio,Coral masivo con coralitos separados. Superficie desigual con coralitos irregulares.,"{""p1"": ""s"", ""p4"": ""colonial"", ""p6"": ""no"", ""p19"": ""masiva"", ""p30"": ""copas"", ""p48"": ""menor_1"", ""p49"": ""compacto"", ""p53"": ""no"", ""p55"": ""separadas"", ""p57"": ""menor_6"", ""p58"": ""circulares"", ""p60"": ""2_2_5"", ""p61"": ""plocoide"", ""p62"": ""desigual""}"
orbicella_franksi,Orbicella franksi,Coral Montaña,Faviidae,Escleractinio,Coral masivo con coralitos separados. Superficie desigual con coralitos irregulares. Presenta color marrón y liso.,"{""p1"": ""s"", ""p4"": ""colonial"", ""p6"": ""no"", ""p19"": ""masiva"", ""p30"": ""copas"", ""p48"": ""menor_1"", ""p49"": ""compacto"", ""p53"": ""no"", ""p55"": ""separadas"", ""p57"": ""menor_6"", ""p58"": ""circulares"", ""p60"": ""2_2_5"", ""p61"": ""plocoide"", ""p62"": ""desigual""}"
orbicella_franksi,Orbicella franksi,Coral Montaña,Faviidae,Escleractinio,"Uno esférica que está superficie rugosa, con puntitos.","{""p1"": ""s"", ""p4"": ""colonial"", ""p6"": ""no"", ""p19"": ""masiva"", ""p30"": ""copas"", ""p48"": ""menor_1"", ""p49"": ""compacto"", ""p53"": ""no"", ""p55"": ""separadas"", ""p57"": ""menor_6"", ""p58"": ""circulares"", ""p60"": ""2_2_5"", ""p61"": ""plocoide"", ""p62"": ""desigual""}"
orbicella_franksi,Orbicella franksi,Coral Montaña,Faviidae,Escleractinio,"Como esférica pero con pequeños hoyos, esqueleto calcáreo, beige.","{""p1"": ""s"", ""p4"": ""colonial"", ""p6"": ""no"", ""p19"": ""masiva"", ""p30"": ""copas"", ""p48"": ""menor_1"", ""p49"": ""compacto"", ""p53"": ""no"", ""p55"": ""separadas"", ""p57"": ""menor_6"", ""p58"": ""circulares"", ""p60"": ""2_2_5"", ""p61"": ""plocoide"", ""p62"": ""desigual""}"
orbicella_franksi,Orbicella franksi,Coral Montaña,Faviidae,Escleractinio,"Como forma de roca pero con con huecos, superficie rugosa, café.","{""p1"": ""s"", ""p4"": ""colonial"", ""p6"": ""no"", ""p19"": ""masiva"", ""p30"": ""copas"", ""p48"": ""menor_1"", ""p49"": ""compacto"", ""p53"": ""no"", ""p55"": ""separadas"", ""p57"": ""menor_6"", ""p58"": ""circulares"", ""p60"": ""2_2_5"", ""p61"": ""plocoide"", ""p62"": ""desigual""}"
orbicella_franksi,Orbicella franksi,Coral Montaña,Faviidae,Escleractinio,"Observamos forma de domo con superficie con copas evidente, coloración color marrón.","{""p1"": ""s"", ""p4"": ""colonial"", ""p6"": ""no"", ""p19"": ""masiva"", ""p30"": ""copas"", ""p48"": ""menor_1"", ""p49"": ""compacto"", ""p53"": ""no"", ""p55"": ""separadas"", ""p57"": ""menor_6"", ""p58"": ""circulares"", ""p60"": ""2_2_5"", ""p61"": ""plocoide"", ""p62"": ""desigual""}"
orbicella_franksi,Orbicella franksi,Coral Montaña,Faviidae,Escleractinio,Forma: esfera rocosa. Textura: puntitos. Tono: color grisáceo.,"{""p1"": ""s"", ""p4"": ""colonial"", ""p6"": ""no"", ""p19"": ""masiva"", ""p30"": ""copas"", ""p48"": ""menor_1"", ""p49"": ""compacto"", ""p53"": ""no"", ""p55"": ""separadas"", ""p57"": ""menor_6"", ""p58"": ""circulares"", ""p60"": ""2_2_5"", ""p61"": ""plocoide"", ""p62"": ""desigual""}"
orbicella_franksi,Orbicella franksi,Coral Montaña,Faviidae,Escleractinio,"Encontré esto: forma redonda, se ve pequeños hoyos, color tonalidad verdosa.","{""p1"": ""s"", ""p4"": ""colonial"", ""p6"": ""no"", ""p19"": ""masiva"", ""p30"": ""copas"", ""p48"": ""menor_1"", ""p49"": ""compacto"", ""p53"": ""no"", ""p55"": ""separadas"", ""p57"": ""menor_6"", ""p58"": ""circulares"", ""p60"": ""2_2_5"", ""p61"": ""plocoide"", ""p62"": ""desigual""}"
orbicella_franksi,Orbicella franksi,Coral Montaña,Faviidae,Escleractinio,"Vi un coral forma redonda, tiene pequeñas celdas circulares, parece gris.","{""p1"": ""s"", ""p4"": ""colonial"", ""p6"": ""no"", ""p19"": ""masiva"", ""p30"": ""copas"", ""p48"": ""menor_1"", ""p49"": ""compacto"", ""p53"": ""no"", ""p55"": ""separadas"", ""p57"": ""menor_6"", ""p58"": ""circulares"", ""p60"": ""2_2_5"", ""p61"": ""plocoide"", ""p62"": ""desigual""}"
orbicella_franksi,Orbicella franksi,Coral Montaña,Faviidae,Escleractinio,Coral masivo con coralitos separados. Superficie desigual con coralitos irregulares. Presenta color amarillento y colonias densas.,"{""p1"": ""s"", ""p4"": ""colonial"", ""p6"": ""no"", ""p19"": ""masiva"", ""p30"": ""copas"", ""p48"": ""menor_1"", ""p49"": ""compacto"", ""p53"": ""no"", ""p55"": ""separadas"", ""p57"": ""menor_6"", ""p58"": ""circulares"", ""p60"": ""2_2_5"", ""p61"": ""plocoide"", ""p62"": ""desigual""}"
orbicella_franksi,Orbicella franksi,Coral Montaña,Faviidae,Escleractinio,"Observamos como una bola con agujeritos evidente, coloración color café claro.","{""p1"": ""s"", ""p4"": ""colonial"", ""p6"": ""no"", ""p19"": ""masiva"", ""p30"": ""copas"", ""p48"": ""menor_1"", ""p49"": ""compacto"", ""p53"": ""no"", ""p55"": ""separadas"", ""p57"": ""menor_6"", ""p58"": ""circulares"", ""p60"": ""2_2_5"", ""p61"": ""plocoide"", ""p62"": ""desigual""}"
orbicella_franksi,Orbicella franksi,Coral Montaña,Faviidae,Escleractinio,"Colonia crecimiento macizo con con huecos característica, color arena.","{""p1"": ""s"", ""p4"": ""colonial"", ""p6"": ""no"", ""p19"": ""masiva"", ""p30"": ""copas"", ""p48"": ""menor_1"", ""p49"": ""compacto"", ""p53"": ""no"", ""p55"": ""separadas"", ""p57"": ""menor_6"", ""p58"": ""circulares"", ""p60"": ""2_2_5"", ""p61"": ""plocoide"", ""p62"": ""desigual""}"
orbicella_franksi,Orbicella franksi,Coral Montaña,Faviidae,Escleractinio,"Es un coral forma redonda, textura áspera, con superficie con copas de color color tierra.","{""p1"": ""s"", ""p4"": ""colonial"", ""p6"": ""no"", ""p19"": ""masiva"", ""p30"": ""copas"", ""p48"": ""menor_1"", ""p49"": ""compacto"", ""p53"": ""no"", ""p55"": ""separadas"", ""p57"": ""menor_6"", ""p58"": ""circulares"", ""p60"": ""2_2_5"", ""p61"": ""plocoide"", ""p62"": ""desigual""}"
orbicella_franksi,Orbicella franksi,Coral Montaña,Faviidae,Escleractinio,Tipo: esférica. Superficie: con huecos. Color: color arena.,"{""p1"": ""s"", ""p4"": ""colonial"", ""p6"": ""no"", ""p19"": ""masiva"", ""p30"": ""copas"", ""p48"": ""menor_1"", ""p49"": ""compacto"", ""p53"": ""no"", ""p55"": ""separadas"", ""p57"": ""menor_6"", ""p58"": ""circulares"", ""p60"": ""2_2_5"", ""p61"": ""plocoide"", ""p62"": ""desigual""}"
montastraea_cavernosa,Montastraea cavernosa,Coral de Montaña,Faviidae,Escleractinio,"Colonia forma redonda con con hoyitos pequeños característica, verdoso.","{""p1"": ""s"", ""p4"": ""colonial"", ""p6"": ""no"", ""p19"": ""masiva"", ""p30"": ""copas"", ""p48"": ""menor_1"", ""p49"": ""compacto"", ""p53"": ""no"", ""p55"": ""separadas"", ""p57"": ""mayor_6""}"
montastraea_cavernosa,Montastraea cavernosa,Coral de Montaña,Faviidae,Escleractinio,"Coral de tipo redonda, superficie hoyuelos, superficie rugosa.","{""p1"": ""s"", ""p4"": ""colonial"", ""p6"": ""no"", ""p19"": ""masiva"", ""p30"": ""copas"", ""p48"": ""menor_1"", ""p49"": ""compacto"", ""p53"": ""no"", ""p55"": ""separadas"", ""p57"": ""mayor_6""}"
montastraea_cavernosa,Montastraea cavernosa,Coral de Montaña,Faviidae,Escleractinio,"Encontré esto: como una pelota, se ve pequeñas copas, color color café claro.","{""p1"": ""s"", ""p4"": ""colonial"", ""p6"": ""no"", ""p19"": ""masiva"", ""p30"": ""copas"", ""p48"": ""menor_1"", ""p49"": ""compacto"", ""p53"": ""no"", ""p55"": ""separadas"", ""p57"": ""mayor_6""}"
montastraea_cavernosa,Montastraea cavernosa,Coral de Montaña,Faviidae,Escleractinio,"Especie forma redonda, presenta pequeños hoyos, tonalidad color café.","{""p1"": ""s"", ""p4"": ""colonial"", ""p6"": ""no"", ""p19"": ""masiva"", ""p30"": ""copas"", ""p48"": ""menor_1"", ""p49"": ""compacto"", ""p53"": ""no"", ""p55"": ""separadas"", ""p57"": ""mayor_6""}"
montastraea_cavernosa,Montastraea cavernosa,Coral de Montaña,Faviidae,Escleractinio,Coral masivo con copas siempre circulares de al menos 6 mm. Cenostelo no granular. Presenta verdoso y superficie rugosa.,"{""p1"": ""s"", ""p4"": ""colonial"", ""p6"": ""no"", ""p19"": ""masiva"", ""p30"": ""copas"", ""p48"": ""menor_1"", ""p49"": ""compacto"", ""p53"": ""no"", ""p55"": ""separadas"", ""p57"": ""mayor_6""}"
montastraea_cavernosa,Montastraea cavernosa,Coral de Montaña,Faviidae,Escleractinio,Coral masivo con copas siempre circulares de al menos 6 mm. Cenostelo no granular. Presenta como arena y como una roca.,"{""p1"": ""s"", ""p4"": ""colonial"", ""p6"": ""no"", ""p19"": ""masiva"", ""p30"": ""copas"", ""p48"": ""menor_1"", ""p49"": ""compacto"", ""p53"": ""no"", ""p55"": ""separadas"", ""p57"": ""mayor_6""}"
montastraea_cavernosa,Montastraea cavernosa,Coral de Montaña,Faviidae,Escleractinio,Coral masivo con copas siempre circulares de al menos 6 mm. Cenostelo no granular. Presenta gris y superficie rugosa.,"{""p1"": ""s"", ""p4"": ""colonial"", ""p6"": ""no"", ""p19"": ""masiva"", ""p30"": ""copas"", ""p48"": ""menor_1"", ""p49"": ""compacto"", ""p53"": ""no"", ""p55"": ""separadas"", ""p57"": ""mayor_6""}"
montastraea_cavernosa,Montastraea cavernosa,Coral de Montaña,Faviidae,Escleractinio,"redondo con pinta de pequeños hoyos, tono tonalidad verdosa.","{""p1"": ""s"", ""p4"": ""colonial"", ""p6"": ""no"", ""p19"": ""masiva"", ""p30"": ""copas"", ""p48"": ""menor_1"", ""p49"": ""compacto"", ""p53"": ""no"", ""p55"": ""separadas"", ""p57"": ""mayor_6""}"
montastraea_cavernosa,Montastraea cavernosa,Coral de Montaña,Faviidae,Escleractinio,Coral masivo con copas siempre circulares de al menos 6 mm. Cenostelo no granular. Presenta color tierra y esponjoso.,"{""p1"": ""s"", ""p4"": ""colonial"", ""p6"": ""no"", ""p19"": ""masiva"", ""p30"": ""copas"", ""p48"": ""menor_1"", ""p49"": ""compacto"", ""p53"": ""no"", ""p55"": ""separadas"", ""p57"": ""mayor_6""}"
montastraea_cavernosa,Montastraea cavernosa,Coral de Montaña,Faviidae,Escleractinio,"Vi un coral roca redonda, tiene como panal, parece color marrón claro.","{""p1"": ""s"", ""p4"": ""colonial"", ""p6"": ""no"", ""p19"": ""masiva"", ""p30"": ""copas"", ""p48"": ""menor_1"", ""p49"": ""compacto"", ""p53"": ""no"", ""p55"": ""separadas"", ""p57"": ""mayor_6""}"
montastraea_cavernosa,Montastraea cavernosa,Coral de Montaña,Faviidae,Escleractinio,Forma: roca redonda. Textura: puntitos. Tono: color arena.,"{""p1"": ""s"", ""p4"": ""colonial"", ""p6"": ""no"", ""p19"": ""masiva"", ""p30"": ""copas"", ""p48"": ""menor_1"", ""p49"": ""compacto"", ""p53"": ""no"", ""p55"": ""separadas"", ""p57"": ""mayor_6""}"
montastraea_cavernosa,Montastraea cavernosa,Coral de Montaña,Faviidae,Escleractinio,"Coral de tipo crecimiento macizo, superficie como una esponja, liso.","{""p1"": ""s"", ""p4"": ""colonial"", ""p6"": ""no"", ""p19"": ""masiva"", ""p30"": ""copas"", ""p48"": ""menor_1"", ""p49"": ""compacto"", ""p53"": ""no"", ""p55"": ""separadas"", ""p57"": ""mayor_6""}"
montastraea_cavernosa,Montastraea cavernosa,Coral de Montaña,Faviidae,Escleractinio,"Colonia forma de roca con con hoyitos pequeños característica, color café claro.","{""p1"": ""s"", ""p4"": ""colonial"", ""p6"": ""no"", ""p19"": ""masiva"", ""p30"": ""copas"", ""p48"": ""menor_1"", ""p49"": ""compacto"", ""p53"": ""no"", ""p55"": ""separadas"", ""p57"": ""mayor_6""}"
montastraea_cavernosa,Montastraea cavernosa,Coral de Montaña,Faviidae,Escleractinio,"Observamos roca redonda con como poros evidente, coloración como arena.","{""p1"": ""s"", ""p4"": ""colonial"", ""p6"": ""no"", ""p19"": ""masiva"", ""p30"": ""copas"", ""p48"": ""menor_1"", ""p49"": ""compacto"", ""p53"": ""no"", ""p55"": ""separadas"", ""p57"": ""mayor_6""}"
montastraea_cavernosa,Montastraea cavernosa,Coral de Montaña,Faviidae,Escleractinio,Coral masivo con copas siempre circulares de al menos 6 mm. Cenostelo no granular. Presenta verdoso y como esponja.,"{""p1"": ""s"", ""p4"": ""colonial"", ""p6"": ""no"", ""p19"": ""masiva"", ""p30"": ""copas"", ""p48"": ""menor_1"", ""p49"": ""compacto"", ""p53"": ""no"", ""p55"": ""separadas"", ""p57"": ""mayor_6""}"
montastraea_cavernosa,Montastraea cavernosa,Coral de Montaña,Faviidae,Escleractinio,Un coral como un montículo que tiene pequeños hoyos y es rugoso.,"{""p1"": ""s"", ""p4"": ""colonial"", ""p6"": ""no"", ""p19"": ""masiva"", ""p30"": ""copas"", ""p48"": ""menor_1"", ""p49"": ""compacto"", ""p53"": ""no"", ""p55"": ""separadas"", ""p57"": ""mayor_6""}"
montastraea_cavernosa,Montastraea cavernosa,Coral de Montaña,Faviidae,Escleractinio,"Colonia forma redonda con pequeñas copas característica, color café.","{""p1"": ""s"", ""p4"": ""colonial"", ""p6"": ""no"", ""p19"": ""masiva"", ""p30"": ""copas"", ""p48"": ""menor_1"", ""p49"": ""compacto"", ""p53"": ""no"", ""p55"": ""separadas"", ""p57"": ""mayor_6""}"
montastraea_cavernosa,Montastraea cavernosa,Coral de Montaña,Faviidae,Escleractinio,"forma de domo, pequeñas copas, color café.","{""p1"": ""s"", ""p4"": ""colonial"", ""p6"": ""no"", ""p19"": ""masiva"", ""p30"": ""copas"", ""p48"": ""menor_1"", ""p49"": ""compacto"", ""p53"": ""no"", ""p55"": ""separadas"", ""p57"": ""mayor_6""}"
montastraea_cavernosa,Montastraea cavernosa,Coral de Montaña,Faviidae,Escleractinio,"Parece como una bola con puntitos, como arena.","{""p1"": ""s"", ""p4"": ""colonial"", ""p6"": ""no"", ""p19"": ""masiva"", ""p30"": ""copas"", ""p48"": ""menor_1"", ""p49"": ""compacto"", ""p53"": ""no"", ""p55"": ""separadas"", ""p57"": ""mayor_6""}"
montastraea_cavernosa,Montastraea cavernosa,Coral de Montaña,Faviidae,Escleractinio,"Parece coral masivo con hoyitos, color amarillento.","{""p1"": ""s"", ""p4"": ""colonial"", ""p6"": ""no"", ""p19"": ""masiva"", ""p30"": ""copas"", ""p48"": ""menor_1"", ""p49"": ""compacto"", ""p53"": ""no"", ""p55"": ""separadas"", ""p57"": ""mayor_6""}"
montastraea_cavernosa,Montastraea cavernosa,Coral de Montaña,Faviidae,Escleractinio,"Estaba buceando y vi forma de domo con hoyuelos, como arena.","{""p1"": ""s"", ""p4"": ""colonial"", ""p6"": ""no"", ""p19"": ""masiva"", ""p30"": ""copas"", ""p48"": ""menor_1"", ""p49"": ""compacto"", ""p53"": ""no"", ""p55"": ""separadas"", ""p57"": ""mayor_6""}"
montastraea_cavernosa,Montastraea cavernosa,Coral de Montaña,Faviidae,Escleractinio,"Observamos como un domo con hoyuelos evidente, coloración crema.","{""p1"": ""s"", ""p4"": ""colonial"", ""p6"": ""no"", ""p19"": ""masiva"", ""p30"": ""copas"", ""p48"": ""menor_1"", ""p49"": ""compacto"", ""p53"": ""no"", ""p55"": ""separadas"", ""p57"": ""mayor_6""}"
montastraea_cavernosa,Montastraea cavernosa,Coral de Montaña,Faviidae,Escleractinio,"Coral de tipo coral masivo, superficie huequitos, poroso.","{""p1"": ""s"", ""p4"": ""colonial"", ""p6"": ""no"", ""p19"": ""masiva"", ""p30"": ""copas"", ""p48"": ""menor_1"", ""p49"": ""compacto"", ""p53"": ""no"", ""p55"": ""separadas"", ""p57"": ""mayor_6""}"
montastraea_cavernosa,Montastraea cavernosa,Coral de Montaña,Faviidae,Escleractinio,"Parece como una pelota con como panal, color amarillento.","{""p1"": ""s"", ""p4"": ""colonial"", ""p6"": ""no"", ""p19"": ""masiva"", ""p30"": ""copas"", ""p48"": ""menor_1"", ""p49"": ""compacto"", ""p53"": ""no"", ""p55"": ""separadas"", ""p57"": ""mayor_6""}"
montastraea_cavernosa,Montastraea cavernosa,Coral de Montaña,Faviidae,Escleractinio,"Encontré esto: forma de domo, se ve pequeños hoyos, color color marrón.","{""p1"": ""s"", ""p4"": ""colonial"", ""p6"": ""no"", ""p19"": ""masiva"", ""p30"": ""copas"", ""p48"": ""menor_1"", ""p49"": ""compacto"", ""p53"": ""no"", ""p55"": ""separadas"", ""p57"": ""mayor_6""}"
montastraea_cavernosa,Montastraea cavernosa,Coral de Montaña,Faviidae,Escleractinio,Coral masivo con copas siempre circulares de al menos 6 mm. Cenostelo no granular.,"{""p1"": ""s"", ""p4"": ""colonial"", ""p6"": ""no"", ""p19"": ""masiva"", ""p30"": ""copas"", ""p48"": ""menor_1"", ""p49"": ""compacto"", ""p53"": ""no"", ""p55"": ""separadas"", ""p57"": ""mayor_6""}"
montastraea_cavernosa,Montastraea cavernosa,Coral de Montaña,Faviidae,Escleractinio,Coral masivo con copas siempre circulares de al menos 6 mm. Cenostelo no granular. Presenta color marrón y esqueleto calcáreo.,"{""p1"": ""s"", ""p4"": ""colonial"", ""p6"": ""no"", ""p19"": ""masiva"", ""p30"": ""copas"", ""p48"": ""menor_1"", ""p49"": ""compacto"", ""p53"": ""no"", ""p55"": ""separadas"", ""p57"": ""mayor_6""}"
montastraea_cavernosa,Montastraea cavernosa,Coral de Montaña,Faviidae,Escleractinio,Coral masivo con copas siempre circulares de al menos 6 mm. Cenostelo no granular. Presenta color arena y superficie porosa.,"{""p1"": ""s"", ""p4"": ""colonial"", ""p6"": ""no"", ""p19"": ""masiva"", ""p30"": ""copas"", ""p48"": ""menor_1"", ""p49"": ""compacto"", ""p53"": ""no"", ""p55"": ""separadas"", ""p57"": ""mayor_6""}"
montastraea_cavernosa,Montastraea cavernosa,Coral de Montaña,Faviidae,Escleractinio,Coral masivo con copas siempre circulares de al menos 6 mm. Cenostelo no granular. Presenta gris y superficie irregular.,"{""p1"": ""s"", ""p4"": ""colonial"", ""p6"": ""no"", ""p19"": ""masiva"", ""p30"": ""copas"", ""p48"": ""menor_1"", ""p49"": ""compacto"", ""p53"": ""no"", ""p55"": ""separadas"", ""p57"": ""mayor_6""}"
montastraea_cavernosa,Montastraea cavernosa,Coral de Montaña,Faviidae,Escleractinio,"Vi un coral esférico, tiene como panal, parece color arena.","{""p1"": ""s"", ""p4"": ""colonial"", ""p6"": ""no"", ""p19"": ""masiva"", ""p30"": ""copas"", ""p48"": ""menor_1"", ""p49"": ""compacto"", ""p53"": ""no"", ""p55"": ""separadas"", ""p57"": ""mayor_6""}"
montastraea_cavernosa,Montastraea cavernosa,Coral de Montaña,Faviidae,Escleractinio,"Coral de tipo coral masivo, superficie hoyuelos, áspero al tacto.","{""p1"": ""s"", ""p4"": ""colonial"", ""p6"": ""no"", ""p19"": ""masiva"", ""p30"": ""copas"", ""p48"": ""menor_1"", ""p49"": ""compacto"", ""p53"": ""no"", ""p55"": ""separadas"", ""p57"": ""mayor_6""}"
montastraea_cavernosa,Montastraea cavernosa,Coral de Montaña,Faviidae,Escleractinio,Tipo: parece un balón. Superficie: aberturas circulares. Color: verdoso.,"{""p1"": ""s"", ""p4"": ""colonial"", ""p6"": ""no"", ""p19"": ""masiva"", ""p30"": ""copas"", ""p48"": ""menor_1"", ""p49"": ""compacto"", ""p53"": ""no"", ""p55"": ""separadas"", ""p57"": ""mayor_6""}"
montastraea_cavernosa,Montastraea cavernosa,Coral de Montaña,Faviidae,Escleractinio,"Estaba buceando y vi como un domo con como panal, verdoso.","{""p1"": ""s"", ""p4"": ""colonial"", ""p6"": ""no"", ""p19"": ""masiva"", ""p30"": ""copas"", ""p48"": ""menor_1"", ""p49"": ""compacto"", ""p53"": ""no"", ""p55"": ""separadas"", ""p57"": ""mayor_6""}"
montastraea_cavernosa,Montastraea cavernosa,Coral de Montaña,Faviidae,Escleractinio,Coral masivo con copas siempre circulares de al menos 6 mm. Cenostelo no granular. Presenta como arena y esqueleto calcáreo.,"{""p1"": ""s"", ""p4"": ""colonial"", ""p6"": ""no"", ""p19"": ""masiva"", ""p30"": ""copas"", ""p48"": ""menor_1"", ""p49"": ""compacto"", ""p53"": ""no"", ""p55"": ""separadas"", ""p57"": ""mayor_6""}"
montastraea_cavernosa,Montastraea cavernosa,Coral de Montaña,Faviidae,Escleractinio,"Encontré esto: como un domo, se ve superficie con copas, color como arena.","{""p1"": ""s"", ""p4"": ""colonial"", ""p6"": ""no"", ""p19"": ""masiva"", ""p30"": ""copas"", ""p48"": ""menor_1"", ""p49"": ""compacto"", ""p53"": ""no"", ""p55"": ""separadas"", ""p57"": ""mayor_6""}"
montastraea_cavernosa,Montastraea cavernosa,Coral de Montaña,Faviidae,Escleractinio,"Encontré esto: esfera rocosa, se ve pequeñas celdas circulares, color color café claro.","{""p1"": ""s"", ""p4"": ""colonial"", ""p6"": ""no"", ""p19"": ""masiva"", ""p30"": ""copas"", ""p48"": ""menor_1"", ""p49"": ""compacto"", ""p53"": ""no"", ""p55"": ""separadas"", ""p57"": ""mayor_6""}"
montastraea_cavernosa,Montastraea cavernosa,Coral de Montaña,Faviidae,Escleractinio,Coral masivo con copas siempre circulares de al menos 6 mm. Cenostelo no granular. Presenta blanquecino y áspero al tacto.,"{""p1"": ""s"", ""p4"": ""colonial"", ""p6"": ""no"", ""p19"": ""masiva"", ""p30"": ""copas"", ""p48"": ""menor_1"", ""p49"": ""compacto"", ""p53"": ""no"", ""p55"": ""separadas"", ""p57"": ""mayor_6""}"
montastraea_cavernosa,Montastraea cavernosa,Coral de Montaña,Faviidae,Escleractinio,"Es como forma de domo, tiene huequitos y es verdoso.","{""p1"": ""s"", ""p4"": ""colonial"", ""p6"": ""no"", ""p19"": ""masiva"", ""p30"": ""copas"", ""p48"": ""menor_1"", ""p49"": ""compacto"", ""p53"": ""no"", ""p55"": ""separadas"", ""p57"": ""mayor_6""}"
montastraea_cavernosa,Montastraea cavernosa,Coral de Montaña,Faviidae,Escleractinio,Coral masivo con copas siempre circulares de al menos 6 mm. Cenostelo no granular. Presenta beige y áspero al tacto.,"{""p1"": ""s"", ""p4"": ""colonial"", ""p6"": ""no"", ""p19"": ""masiva"", ""p30"": ""copas"", ""p48"": ""menor_1"", ""p49"": ""compacto"", ""p53"": ""no"", ""p55"": ""separadas"", ""p57"": ""mayor_6""}"
montastraea_cavernosa,Montastraea cavernosa,Coral de Montaña,Faviidae,Escleractinio,"Colonia roca viva con con hoyitos pequeños característica, color marrón.","{""p1"": ""s"", ""p4"": ""colonial"", ""p6"": ""no"", ""p19"": ""masiva"", ""p30"": ""copas"", ""p48"": ""menor_1"", ""p49"": ""compacto"", ""p53"": ""no"", ""p55"": ""separadas"", ""p57"": ""mayor_6""}"
montastraea_cavernosa,Montastraea cavernosa,Coral de Montaña,Faviidae,Escleractinio,"Observamos parece una roca con pequeños hoyos evidente, coloración blanquecino.","{""p1"": ""s"", ""p4"": ""colonial"", ""p6"": ""no"", ""p19"": ""masiva"", ""p30"": ""copas"", ""p48"": ""menor_1"", ""p49"": ""compacto"", ""p53"": ""no"", ""p55"": ""separadas"", ""p57"": ""mayor_6""}"
montastraea_cavernosa,Montastraea cavernosa,Coral de Montaña,Faviidae,Escleractinio,Un coral como un montículo que tiene puntitos y es áspero al tacto.,"{""p1"": ""s"", ""p4"": ""colonial"", ""p6"": ""no"", ""p19"": ""masiva"", ""p30"": ""copas"", ""p48"": ""menor_1"", ""p49"": ""compacto"", ""p53"": ""no"", ""p55"": ""separadas"", ""p57"": ""mayor_6""}"
montastraea_cavernosa,Montastraea cavernosa,Coral de Montaña,Faviidae,Escleractinio,"Especie parece una piedra grande, presenta hoyuelos, tonalidad beige.","{""p1"": ""s"", ""p4"": ""colonial"", ""p6"": ""no"", ""p19"": ""masiva"", ""p30"": ""copas"", ""p48"": ""menor_1"", ""p49"": ""compacto"", ""p53"": ""no"", ""p55"": ""separadas"", ""p57"": ""mayor_6""}"
montastraea_cavernosa,Montastraea cavernosa,Coral de Montaña,Faviidae,Escleractinio,"Especie forma de roca, presenta poros de coralitos, tonalidad color tierra.","{""p1"": ""s"", ""p4"": ""colonial"", ""p6"": ""no"", ""p19"": ""masiva"", ""p30"": ""copas"", ""p48"": ""menor_1"", ""p49"": ""compacto"", ""p53"": ""no"", ""p55"": ""separadas"", ""p57"": ""mayor_6""}"
montastraea_cavernosa,Montastraea cavernosa,Coral de Montaña,Faviidae,Escleractinio,Coral masivo con copas siempre circulares de al menos 6 mm. Cenostelo no granular. Presenta color grisáceo y duro como roca.,"{""p1"": ""s"", ""p4"": ""colonial"", ""p6"": ""no"", ""p19"": ""masiva"", ""p30"": ""copas"", ""p48"": ""menor_1"", ""p49"": ""compacto"", ""p53"": ""no"", ""p55"": ""separadas"", ""p57"": ""mayor_6""}"
montastraea_cavernosa,Montastraea cavernosa,Coral de Montaña,Faviidae,Escleractinio,Coral masivo con copas siempre circulares de al menos 6 mm. Cenostelo no granular. Presenta gris y poroso.,"{""p1"": ""s"", ""p4"": ""colonial"", ""p6"": ""no"", ""p19"": ""masiva"", ""p30"": ""copas"", ""p48"": ""menor_1"", ""p49"": ""compacto"", ""p53"": ""no"", ""p55"": ""separadas"", ""p57"": ""mayor_6""}"
montastraea_cavernosa,Montastraea cavernosa,Coral de Montaña,Faviidae,Escleractinio,Coral masivo con copas siempre circulares de al menos 6 mm. Cenostelo no granular. Presenta tonalidad verdosa y esqueleto calcáreo.,"{""p1"": ""s"", ""p4"": ""colonial"", ""p6"": ""no"", ""p19"": ""masiva"", ""p30"": ""copas"", ""p48"": ""menor_1"", ""p49"": ""compacto"", ""p53"": ""no"", ""p55"": ""separadas"", ""p57"": ""mayor_6""}"
montastraea_cavernosa,Montastraea cavernosa,Coral de Montaña,Faviidae,Escleractinio,Un coral crecimiento macizo que tiene superficie con copas y es colonias densas.,"{""p1"": ""s"", ""p4"": ""colonial"", ""p6"": ""no"", ""p19"": ""masiva"", ""p30"": ""copas"", ""p48"": ""menor_1"", ""p49"": ""compacto"", ""p53"": ""no"", ""p55"": ""separadas"", ""p57"": ""mayor_6""}"
montastraea_cavernosa,Montastraea cavernosa,Coral de Montaña,Faviidae,Escleractinio,"Parece roca viva con con poros, beige.","{""p1"": ""s"", ""p4"": ""colonial"", ""p6"": ""no"", ""p19"": ""masiva"", ""p30"": ""copas"", ""p48"": ""menor_1"", ""p49"": ""compacto"", ""p53"": ""no"", ""p55"": ""separadas"", ""p57"": ""mayor_6""}"
montastraea_cavernosa,Montastraea cavernosa,Coral de Montaña,Faviidae,Escleractinio,"Parece parece un balón con como una esponja, verdoso.","{""p1"": ""s"", ""p4"": ""colonial"", ""p6"": ""no"", ""p19"": ""masiva"", ""p30"": ""copas"", ""p48"": ""menor_1"", ""p49"": ""compacto"", ""p53"": ""no"", ""p55"": ""separadas"", ""p57"": ""mayor_6""}"
montastraea_cavernosa,Montastraea cavernosa,Coral de Montaña,Faviidae,Escleractinio,Coral masivo con copas siempre circulares de al menos 6 mm. Cenostelo no granular. Presenta color marrón claro y superficie uniforme.,"{""p1"": ""s"", ""p4"": ""colonial"", ""p6"": ""no"", ""p19"": ""masiva"", ""p30"": ""copas"", ""p48"": ""menor_1"", ""p49"": ""compacto"", ""p53"": ""no"", ""p55"": ""separadas"", ""p57"": ""mayor_6""}"
diploria_labyrinthiformis,Diploria labyrinthiformis,Coral Cerebro Laberinto,Faviidae,Escleractinio,"Es como como un domo, tiene como un cerebro y es color grisáceo.","{""p1"": ""s"", ""p4"": ""colonial"", ""p6"": ""no"", ""p19"": ""masiva"", ""p30"": ""valles"", ""p31"": ""pronunciados"", ""p33"": ""dentados"", ""p35"": ""sin"", ""p42"": ""menor_0_5"", ""p43"": ""menor_20"", ""p44"": ""con""}"
diploria_labyrinthiformis,Diploria labyrinthiformis,Coral Cerebro Laberinto,Faviidae,Escleractinio,Coral masivo con valles largos y sinuosos de menos de 0.5 cm. Paredes con surco superior.,"{""p1"": ""s"", ""p4"": ""colonial"", ""p6"": ""no"", ""p19"": ""masiva"", ""p30"": ""valles"", ""p31"": ""pronunciados"", ""p33"": ""dentados"", ""p35"": ""sin"", ""p42"": ""menor_0_5"", ""p43"": ""menor_20"", ""p44"": ""con""}"
diploria_labyrinthiformis,Diploria labyrinthiformis,Coral Cerebro Laberinto,Faviidae,Escleractinio,Coral masivo con valles largos y sinuosos de menos de 0.5 cm. Paredes con surco superior. Presenta crema y textura áspera.,"{""p1"": ""s"", ""p4"": ""colonial"", ""p6"": ""no"", ""p19"": ""masiva"", ""p30"": ""valles"", ""p31"": ""pronunciados"", ""p33"": ""dentados"", ""p35"": ""sin"", ""p42"": ""menor_0_5"", ""p43"": ""menor_20"", ""p44"": ""con""}"
diploria_labyrinthiformis,Diploria labyrinthiformis,Coral Cerebro Laberinto,Faviidae,Escleractinio,"Como roca viva pero con crestas y valles, superficie irregular, color marrón.","{""p1"": ""s"", ""p4"": ""colonial"", ""p6"": ""no"", ""p19"": ""masiva"", ""p30"": ""valles"", ""p31"": ""pronunciados"", ""p33"": ""dentados"", ""p35"": ""sin"", ""p42"": ""menor_0_5"", ""p43"": ""menor_20"", ""p44"": ""con""}"
diploria_labyrinthiformis,Diploria labyrinthiformis,Coral Cerebro Laberinto,Faviidae,Escleractinio,"parece un balón con pinta de canales, tono color amarillento.","{""p1"": ""s"", ""p4"": ""colonial"", ""p6"": ""no"", ""p19"": ""masiva"", ""p30"": ""valles"", ""p31"": ""pronunciados"", ""p33"": ""dentados"", ""p35"": ""sin"", ""p42"": ""menor_0_5"", ""p43"": ""menor_20"", ""p44"": ""con""}"
diploria_labyrinthiformis,Diploria labyrinthiformis,Coral Cerebro Laberinto,Faviidae,Escleractinio,"como un domo con pinta de forma de cerebro, tono color marrón.","{""p1"": ""s"", ""p4"": ""colonial"", ""p6"": ""no"", ""p19"": ""masiva"", ""p30"": ""valles"", ""p31"": ""pronunciados"", ""p33"": ""dentados"", ""p35"": ""sin"", ""p42"": ""menor_0_5"", ""p43"": ""menor_20"", ""p44"": ""con""}"
diploria_labyrinthiformis,Diploria labyrinthiformis,Coral Cerebro Laberinto,Faviidae,Escleractinio,"Como esférica pero con valles sinuosos, superficie lisa, color marrón.","{""p1"": ""s"", ""p4"": ""colonial"", ""p6"": ""no"", ""p19"": ""masiva"", ""p30"": ""valles"", ""p31"": ""pronunciados"", ""p33"": ""dentados"", ""p35"": ""sin"", ""p42"": ""menor_0_5"", ""p43"": ""menor_20"", ""p44"": ""con""}"
diploria_labyrinthiformis,Diploria labyrinthiformis,Coral Cerebro Laberinto,Faviidae,Escleractinio,"Como colonias hemisféricas pero con valles y colinas, esqueleto calcáreo, marrón.","{""p1"": ""s"", ""p4"": ""colonial"", ""p6"": ""no"", ""p19"": ""masiva"", ""p30"": ""valles"", ""p31"": ""pronunciados"", ""p33"": ""dentados"", ""p35"": ""sin"", ""p42"": ""menor_0_5"", ""p43"": ""menor_20"", ""p44"": ""con""}"
diploria_labyrinthiformis,Diploria labyrinthiformis,Coral Cerebro Laberinto,Faviidae,Escleractinio,Coral masivo con valles largos y sinuosos de menos de 0.5 cm. Paredes con surco superior. Presenta crema y rugoso.,"{""p1"": ""s"", ""p4"": ""colonial"", ""p6"": ""no"", ""p19"": ""masiva"", ""p30"": ""valles"", ""p31"": ""pronunciados"", ""p33"": ""dentados"", ""p35"": ""sin"", ""p42"": ""menor_0_5"", ""p43"": ""menor_20"", ""p44"": ""con""}"
diploria_labyrinthiformis,Diploria labyrinthiformis,Coral Cerebro Laberinto,Faviidae,Escleractinio,Un coral esférica que tiene como laberinto y es áspero al tacto.,"{""p1"": ""s"", ""p4"": ""colonial"", ""p6"": ""no"", ""p19"": ""masiva"", ""p30"": ""valles"", ""p31"": ""pronunciados"", ""p33"": ""dentados"", ""p35"": ""sin"", ""p42"": ""menor_0_5"", ""p43"": ""menor_20"", ""p44"": ""con""}"
diploria_labyrinthiformis,Diploria labyrinthiformis,Coral Cerebro Laberinto,Faviidae,Escleractinio,"Coral de tipo estructura globosa, superficie surcos sinuosos, como una roca.","{""p1"": ""s"", ""p4"": ""colonial"", ""p6"": ""no"", ""p19"": ""masiva"", ""p30"": ""valles"", ""p31"": ""pronunciados"", ""p33"": ""dentados"", ""p35"": ""sin"", ""p42"": ""menor_0_5"", ""p43"": ""menor_20"", ""p44"": ""con""}"
diploria_labyrinthiformis,Diploria labyrinthiformis,Coral Cerebro Laberinto,Faviidae,Escleractinio,"Colonia como un montículo con surcos como cerebro característica, color marrón.","{""p1"": ""s"", ""p4"": ""colonial"", ""p6"": ""no"", ""p19"": ""masiva"", ""p30"": ""valles"", ""p31"": ""pronunciados"", ""p33"": ""dentados"", ""p35"": ""sin"", ""p42"": ""menor_0_5"", ""p43"": ""menor_20"", ""p44"": ""con""}"
diploria_labyrinthiformis,Diploria labyrinthiformis,Coral Cerebro Laberinto,Faviidae,Escleractinio,"Uno parece una piedra grande que está superficie rugosa, con surcos sinuosos.","{""p1"": ""s"", ""p4"": ""colonial"", ""p6"": ""no"", ""p19"": ""masiva"", ""p30"": ""valles"", ""p31"": ""pronunciados"", ""p33"": ""dentados"", ""p35"": ""sin"", ""p42"": ""menor_0_5"", ""p43"": ""menor_20"", ""p44"": ""con""}"
diploria_labyrinthiformis,Diploria labyrinthiformis,Coral Cerebro Laberinto,Faviidae,Escleractinio,"Es como montículo rocoso, tiene surcos sinuosos y es blanquecino.","{""p1"": ""s"", ""p4"": ""colonial"", ""p6"": ""no"", ""p19"": ""masiva"", ""p30"": ""valles"", ""p31"": ""pronunciados"", ""p33"": ""dentados"", ""p35"": ""sin"", ""p42"": ""menor_0_5"", ""p43"": ""menor_20"", ""p44"": ""con""}"
diploria_labyrinthiformis,Diploria labyrinthiformis,Coral Cerebro Laberinto,Faviidae,Escleractinio,"como una bola, surcos profundos, color grisáceo.","{""p1"": ""s"", ""p4"": ""colonial"", ""p6"": ""no"", ""p19"": ""masiva"", ""p30"": ""valles"", ""p31"": ""pronunciados"", ""p33"": ""dentados"", ""p35"": ""sin"", ""p42"": ""menor_0_5"", ""p43"": ""menor_20"", ""p44"": ""con""}"
diploria_labyrinthiformis,Diploria labyrinthiformis,Coral Cerebro Laberinto,Faviidae,Escleractinio,"Estaba buceando y vi redondo con parece un cerebro, color piedra.","{""p1"": ""s"", ""p4"": ""colonial"", ""p6"": ""no"", ""p19"": ""masiva"", ""p30"": ""valles"", ""p31"": ""pronunciados"", ""p33"": ""dentados"", ""p35"": ""sin"", ""p42"": ""menor_0_5"", ""p43"": ""menor_20"", ""p44"": ""con""}"
diploria_labyrinthiformis,Diploria labyrinthiformis,Coral Cerebro Laberinto,Faviidae,Escleractinio,"esfera rocosa, canales, crema.","{""p1"": ""s"", ""p4"": ""colonial"", ""p6"": ""no"", ""p19"": ""masiva"", ""p30"": ""valles"", ""p31"": ""pronunciados"", ""p33"": ""dentados"", ""p35"": ""sin"", ""p42"": ""menor_0_5"", ""p43"": ""menor_20"", ""p44"": ""con""}"
diploria_labyrinthiformis,Diploria labyrinthiformis,Coral Cerebro Laberinto,Faviidae,Escleractinio,"Estaba buceando y vi roca coralina con parece un cerebro, tonalidad verdosa.","{""p1"": ""s"", ""p4"": ""colonial"", ""p6"": ""no"", ""p19"": ""masiva"", ""p30"": ""valles"", ""p31"": ""pronunciados"", ""p33"": ""dentados"", ""p35"": ""sin"", ""p42"": ""menor_0_5"", ""p43"": ""menor_20"", ""p44"": ""con""}"
diploria_labyrinthiformis,Diploria labyrinthiformis,Coral Cerebro Laberinto,Faviidae,Escleractinio,Coral masivo con valles largos y sinuosos de menos de 0.5 cm. Paredes con surco superior. Presenta crema y superficie porosa.,"{""p1"": ""s"", ""p4"": ""colonial"", ""p6"": ""no"", ""p19"": ""masiva"", ""p30"": ""valles"", ""p31"": ""pronunciados"", ""p33"": ""dentados"", ""p35"": ""sin"", ""p42"": ""menor_0_5"", ""p43"": ""menor_20"", ""p44"": ""con""}"
diploria_labyrinthiformis,Diploria labyrinthiformis,Coral Cerebro Laberinto,Faviidae,Escleractinio,Coral masivo con valles largos y sinuosos de menos de 0.5 cm. Paredes con surco superior. Presenta como arena y textura áspera.,"{""p1"": ""s"", ""p4"": ""colonial"", ""p6"": ""no"", ""p19"": ""masiva"", ""p30"": ""valles"", ""p31"": ""pronunciados"", ""p33"": ""dentados"", ""p35"": ""sin"", ""p42"": ""menor_0_5"", ""p43"": ""menor_20"", ""p44"": ""con""}"
diploria_labyrinthiformis,Diploria labyrinthiformis,Coral Cerebro Laberinto,Faviidae,Escleractinio,"redondo, como un cerebro, gris.","{""p1"": ""s"", ""p4"": ""colonial"", ""p6"": ""no"", ""p19"": ""masiva"", ""p30"": ""valles"", ""p31"": ""pronunciados"", ""p33"": ""dentados"", ""p35"": ""sin"", ""p42"": ""menor_0_5"", ""p43"": ""menor_20"", ""p44"": ""con""}"
diploria_labyrinthiformis,Diploria labyrinthiformis,Coral Cerebro Laberinto,Faviidae,Escleractinio,"Encontré esto: montículo rocoso, se ve con surcos, color marrón.","{""p1"": ""s"", ""p4"": ""colonial"", ""p6"": ""no"", ""p19"": ""masiva"", ""p30"": ""valles"", ""p31"": ""pronunciados"", ""p33"": ""dentados"", ""p35"": ""sin"", ""p42"": ""menor_0_5"", ""p43"": ""menor_20"", ""p44"": ""con""}"
diploria_labyrinthiformis,Diploria labyrinthiformis,Coral Cerebro Laberinto,Faviidae,Escleractinio,"Coral de tipo esférico, superficie forma de cerebro, esponjoso.","{""p1"": ""s"", ""p4"": ""colonial"", ""p6"": ""no"", ""p19"": ""masiva"", ""p30"": ""valles"", ""p31"": ""pronunciados"", ""p33"": ""dentados"", ""p35"": ""sin"", ""p42"": ""menor_0_5"", ""p43"": ""menor_20"", ""p44"": ""con""}"
diploria_labyrinthiformis,Diploria labyrinthiformis,Coral Cerebro Laberinto,Faviidae,Escleractinio,"Encontré esto: redonda, se ve con canales, color color marrón claro.","{""p1"": ""s"", ""p4"": ""colonial"", ""p6"": ""no"", ""p19"": ""masiva"", ""p30"": ""valles"", ""p31"": ""pronunciados"", ""p33"": ""dentados"", ""p35"": ""sin"", ""p42"": ""menor_0_5"", ""p43"": ""menor_20"", ""p44"": ""con""}"
diploria_labyrinthiformis,Diploria labyrinthiformis,Coral Cerebro Laberinto,Faviidae,Escleractinio,Coral masivo con valles largos y sinuosos de menos de 0.5 cm. Paredes con surco superior. Presenta crema y como esponja.,"{""p1"": ""s"", ""p4"": ""colonial"", ""p6"": ""no"", ""p19"": ""masiva"", ""p30"": ""valles"", ""p31"": ""pronunciados"", ""p33"": ""dentados"", ""p35"": ""sin"", ""p42"": ""menor_0_5"", ""p43"": ""menor_20"", ""p44"": ""con""}"
diploria_labyrinthiformis,Diploria labyrinthiformis,Coral Cerebro Laberinto,Faviidae,Escleractinio,"Estaba buceando y vi estructura globosa con con grietas, blanquecino.","{""p1"": ""s"", ""p4"": ""colonial"", ""p6"": ""no"", ""p19"": ""masiva"", ""p30"": ""valles"", ""p31"": ""pronunciados"", ""p33"": ""dentados"", ""p35"": ""sin"", ""p42"": ""menor_0_5"", ""p43"": ""menor_20"", ""p44"": ""con""}"
diploria_labyrinthiformis,Diploria labyrinthiformis,Coral Cerebro Laberinto,Faviidae,Escleractinio,"Estaba buceando y vi coral masivo con surcos profundos, color marrón.","{""p1"": ""s"", ""p4"": ""colonial"", ""p6"": ""no"", ""p19"": ""masiva"", ""p30"": ""valles"", ""p31"": ""pronunciados"", ""p33"": ""dentados"", ""p35"": ""sin"", ""p42"": ""menor_0_5"", ""p43"": ""menor_20"", ""p44"": ""con""}"
diploria_labyrinthiformis,Diploria labyrinthiformis,Coral Cerebro Laberinto,Faviidae,Escleractinio,"Observamos colonias hemisféricas con surcos evidente, coloración color marrón claro.","{""p1"": ""s"", ""p4"": ""colonial"", ""p6"": ""no"", ""p19"": ""masiva"", ""p30"": ""valles"", ""p31"": ""pronunciados"", ""p33"": ""dentados"", ""p35"": ""sin"", ""p42"": ""menor_0_5"", ""p43"": ""menor_20"", ""p44"": ""con""}"
diploria_labyrinthiformis,Diploria labyrinthiformis,Coral Cerebro Laberinto,Faviidae,Escleractinio,"Parece roca coralina con forma de cerebro, gris.","{""p1"": ""s"", ""p4"": ""colonial"", ""p6"": ""no"", ""p19"": ""masiva"", ""p30"": ""valles"", ""p31"": ""pronunciados"", ""p33"": ""dentados"", ""p35"": ""sin"", ""p42"": ""menor_0_5"", ""p43"": ""menor_20"", ""p44"": ""con""}"
diploria_labyrinthiformis,Diploria labyrinthiformis,Coral Cerebro Laberinto,Faviidae,Escleractinio,"Especie bloque compacto, presenta forma de cerebro, tonalidad como arena.","{""p1"": ""s"", ""p4"": ""colonial"", ""p6"": ""no"", ""p19"": ""masiva"", ""p30"": ""valles"", ""p31"": ""pronunciados"", ""p33"": ""dentados"", ""p35"": ""sin"", ""p42"": ""menor_0_5"", ""p43"": ""menor_20"", ""p44"": ""con""}"
diploria_labyrinthiformis,Diploria labyrinthiformis,Coral Cerebro Laberinto,Faviidae,Escleractinio,Coral masivo con valles largos y sinuosos de menos de 0.5 cm. Paredes con surco superior. Presenta color marrón claro y áspero al tacto.,"{""p1"": ""s"", ""p4"": ""colonial"", ""p6"": ""no"", ""p19"": ""masiva"", ""p30"": ""valles"", ""p31"": ""pronunciados"", ""p33"": ""dentados"", ""p35"": ""sin"", ""p42"": ""menor_0_5"", ""p43"": ""menor_20"", ""p44"": ""con""}"
diploria_labyrinthiformis,Diploria labyrinthiformis,Coral Cerebro Laberinto,Faviidae,Escleractinio,"Estaba buceando y vi roca coralina con surcos sinuosos, color café claro.","{""p1"": ""s"", ""p4"": ""colonial"", ""p6"": ""no"", ""p19"": ""masiva"", ""p30"": ""valles"", ""p31"": ""pronunciados"", ""p33"": ""dentados"", ""p35"": ""sin"", ""p42"": ""menor_0_5"", ""p43"": ""menor_20"", ""p44"": ""con""}"
diploria_labyrinthiformis,Diploria labyrinthiformis,Coral Cerebro Laberinto,Faviidae,Escleractinio,"Colonia roca redonda con surcos profundos característica, café.","{""p1"": ""s"", ""p4"": ""colonial"", ""p6"": ""no"", ""p19"": ""masiva"", ""p30"": ""valles"", ""p31"": ""pronunciados"", ""p33"": ""dentados"", ""p35"": ""sin"", ""p42"": ""menor_0_5"", ""p43"": ""menor_20"", ""p44"": ""con""}"
diploria_labyrinthiformis,Diploria labyrinthiformis,Coral Cerebro Laberinto,Faviidae,Escleractinio,Coral masivo con valles largos y sinuosos de menos de 0.5 cm. Paredes con surco superior. Presenta blanquecino y superficie irregular.,"{""p1"": ""s"", ""p4"": ""colonial"", ""p6"": ""no"", ""p19"": ""masiva"", ""p30"": ""valles"", ""p31"": ""pronunciados"", ""p33"": ""dentados"", ""p35"": ""sin"", ""p42"": ""menor_0_5"", ""p43"": ""menor_20"", ""p44"": ""con""}"
diploria_labyrinthiformis,Diploria labyrinthiformis,Coral Cerebro Laberinto,Faviidae,Escleractinio,Coral masivo con valles largos y sinuosos de menos de 0.5 cm. Paredes con surco superior. Presenta color marrón y esponjoso.,"{""p1"": ""s"", ""p4"": ""colonial"", ""p6"": ""no"", ""p19"": ""masiva"", ""p30"": ""valles"", ""p31"": ""pronunciados"", ""p33"": ""dentados"", ""p35"": ""sin"", ""p42"": ""menor_0_5"", ""p43"": ""menor_20"", ""p44"": ""con""}"
diploria_labyrinthiformis,Diploria labyrinthiformis,Coral Cerebro Laberinto,Faviidae,Escleractinio,"Encontré esto: colonias hemisféricas, se ve valles y colinas, color color café claro.","{""p1"": ""s"", ""p4"": ""colonial"", ""p6"": ""no"", ""p19"": ""masiva"", ""p30"": ""valles"", ""p31"": ""pronunciados"", ""p33"": ""dentados"", ""p35"": ""sin"", ""p42"": ""menor_0_5"", ""p43"": ""menor_20"", ""p44"": ""con""}"
diploria_labyrinthiformis,Diploria labyrinthiformis,Coral Cerebro Laberinto,Faviidae,Escleractinio,"Es como esférico, tiene canales y es marrón.","{""p1"": ""s"", ""p4"": ""colonial"", ""p6"": ""no"", ""p19"": ""masiva"", ""p30"": ""valles"", ""p31"": ""pronunciados"", ""p33"": ""dentados"", ""p35"": ""sin"", ""p42"": ""menor_0_5"", ""p43"": ""menor_20"", ""p44"": ""con""}"
diploria_labyrinthiformis,Diploria labyrinthiformis,Coral Cerebro Laberinto,Faviidae,Escleractinio,Coral masivo con valles largos y sinuosos de menos de 0.5 cm. Paredes con surco superior. Presenta marrón y superficie porosa.,"{""p1"": ""s"", ""p4"": ""colonial"", ""p6"": ""no"", ""p19"": ""masiva"", ""p30"": ""valles"", ""p31"": ""pronunciados"", ""p33"": ""dentados"", ""p35"": ""sin"", ""p42"": ""menor_0_5"", ""p43"": ""menor_20"", ""p44"": ""con""}"
diploria_labyrinthiformis,Diploria labyrinthiformis,Coral Cerebro Laberinto,Faviidae,Escleractinio,Coral masivo con valles largos y sinuosos de menos de 0.5 cm. Paredes con surco superior. Presenta color café y colonias densas.,"{""p1"": ""s"", ""p4"": ""colonial"", ""p6"": ""no"", ""p19"": ""masiva"", ""p30"": ""valles"", ""p31"": ""pronunciados"", ""p33"": ""dentados"", ""p35"": ""sin"", ""p42"": ""menor_0_5"", ""p43"": ""menor_20"", ""p44"": ""con""}"
diploria_labyrinthiformis,Diploria labyrinthiformis,Coral Cerebro Laberinto,Faviidae,Escleractinio,"Observamos bloque compacto con como una nuez evidente, coloración color amarillento.","{""p1"": ""s"", ""p4"": ""colonial"", ""p6"": ""no"", ""p19"": ""masiva"", ""p30"": ""valles"", ""p31"": ""pronunciados"", ""p33"": ""dentados"", ""p35"": ""sin"", ""p42"": ""menor_0_5"", ""p43"": ""menor_20"", ""p44"": ""con""}"
diploria_labyrinthiformis,Diploria labyrinthiformis,Coral Cerebro Laberinto,Faviidae,Escleractinio,"Como forma de roca pero con como un cerebro, esqueleto calcáreo, color marrón.","{""p1"": ""s"", ""p4"": ""colonial"", ""p6"": ""no"", ""p19"": ""masiva"", ""p30"": ""valles"", ""p31"": ""pronunciados"", ""p33"": ""dentados"", ""p35"": ""sin"", ""p42"": ""menor_0_5"", ""p43"": ""menor_20"", ""p44"": ""con""}"
diploria_labyrinthiformis,Diploria labyrinthiformis,Coral Cerebro Laberinto,Faviidae,Escleractinio,Coral masivo con valles largos y sinuosos de menos de 0.5 cm. Paredes con surco superior. Presenta color grisáceo y textura áspera.,"{""p1"": ""s"", ""p4"": ""colonial"", ""p6"": ""no"", ""p19"": ""masiva"", ""p30"": ""valles"", ""p31"": ""pronunciados"", ""p33"": ""dentados"", ""p35"": ""sin"", ""p42"": ""menor_0_5"", ""p43"": ""menor_20"", ""p44"": ""con""}"
diploria_labyrinthiformis,Diploria labyrinthiformis,Coral Cerebro Laberinto,Faviidae,Escleractinio,"esfera rocosa, como una nuez, marrón.","{""p1"": ""s"", ""p4"": ""colonial"", ""p6"": ""no"", ""p19"": ""masiva"", ""p30"": ""valles"", ""p31"": ""pronunciados"", ""p33"": ""dentados"", ""p35"": ""sin"", ""p42"": ""menor_0_5"", ""p43"": ""menor_20"", ""p44"": ""con""}"
diploria_labyrinthiformis,Diploria labyrinthiformis,Coral Cerebro Laberinto,Faviidae,Escleractinio,Coral masivo con valles largos y sinuosos de menos de 0.5 cm. Paredes con surco superior. Presenta verdoso y esqueleto calcáreo.,"{""p1"": ""s"", ""p4"": ""colonial"", ""p6"": ""no"", ""p19"": ""masiva"", ""p30"": ""valles"", ""p31"": ""pronunciados"", ""p33"": ""dentados"", ""p35"": ""sin"", ""p42"": ""menor_0_5"", ""p43"": ""menor_20"", ""p44"": ""con""}"
diploria_labyrinthiformis,Diploria labyrinthiformis,Coral Cerebro Laberinto,Faviidae,Escleractinio,"Especie parece una piedra grande, presenta con surcos, tonalidad color café.","{""p1"": ""s"", ""p4"": ""colonial"", ""p6"": ""no"", ""p19"": ""masiva"", ""p30"": ""valles"", ""p31"": ""pronunciados"", ""p33"": ""dentados"", ""p35"": ""sin"", ""p42"": ""menor_0_5"", ""p43"": ""menor_20"", ""p44"": ""con""}"
diploria_labyrinthiformis,Diploria labyrinthiformis,Coral Cerebro Laberinto,Faviidae,Escleractinio,"bloque compacto con pinta de surcos sinuosos, tono crema.","{""p1"": ""s"", ""p4"": ""colonial"", ""p6"": ""no"", ""p19"": ""masiva"", ""p30"": ""valles"", ""p31"": ""pronunciados"", ""p33"": ""dentados"", ""p35"": ""sin"", ""p42"": ""menor_0_5"", ""p43"": ""menor_20"", ""p44"": ""con""}"
diploria_labyrinthiformis,Diploria labyrinthiformis,Coral Cerebro Laberinto,Faviidae,Escleractinio,Coral masivo con valles largos y sinuosos de menos de 0.5 cm. Paredes con surco superior. Presenta color amarillento y como esponja.,"{""p1"": ""s"", ""p4"": ""colonial"", ""p6"": ""no"", ""p19"": ""masiva"", ""p30"": ""valles"", ""p31"": ""pronunciados"", ""p33"": ""dentados"", ""p35"": ""sin"", ""p42"": ""menor_0_5"", ""p43"": ""menor_20"", ""p44"": ""con""}"
diploria_labyrinthiformis,Diploria labyrinthiformis,Coral Cerebro Laberinto,Faviidae,Escleractinio,"Coral de tipo parece una piedra grande, superficie surcos profundos, como esponja.","{""p1"": ""s"", ""p4"": ""colonial"", ""p6"": ""no"", ""p19"": ""masiva"", ""p30"": ""valles"", ""p31"": ""pronunciados"", ""p33"": ""dentados"", ""p35"": ""sin"", ""p42"": ""menor_0_5"", ""p43"": ""menor_20"", ""p44"": ""con""}"
diploria_labyrinthiformis,Diploria labyrinthiformis,Coral Cerebro Laberinto,Faviidae,Escleractinio,"Coral de tipo forma redonda, superficie meandros sinuosos, superficie porosa.","{""p1"": ""s"", ""p4"": ""colonial"", ""p6"": ""no"", ""p19"": ""masiva"", ""p30"": ""valles"", ""p31"": ""pronunciados"", ""p33"": ""dentados"", ""p35"": ""sin"", ""p42"": ""menor_0_5"", ""p43"": ""menor_20"", ""p44"": ""con""}"
diploria_labyrinthiformis,Diploria labyrinthiformis,Coral Cerebro Laberinto,Faviidae,Escleractinio,Coral masivo con valles largos y sinuosos de menos de 0.5 cm. Paredes con surco superior. Presenta tonalidad verdosa y superficie porosa.,"{""p1"": ""s"", ""p4"": ""colonial"", ""p6"": ""no"", ""p19"": ""masiva"", ""p30"": ""valles"", ""p31"": ""pronunciados"", ""p33"": ""dentados"", ""p35"": ""sin"", ""p42"": ""menor_0_5"", ""p43"": ""menor_20"", ""p44"": ""con""}"
diploria_labyrinthiformis,Diploria labyrinthiformis,Coral Cerebro Laberinto,Faviidae,Escleractinio,Coral masivo con valles largos y sinuosos de menos de 0.5 cm. Paredes con surco superior. Presenta tonalidad verdosa y como una roca.,"{""p1"": ""s"", ""p4"": ""colonial"", ""p6"": ""no"", ""p19"": ""masiva"", ""p30"": ""valles"", ""p31"": ""pronunciados"", ""p33"": ""dentados"", ""p35"": ""sin"", ""p42"": ""menor_0_5"", ""p43"": ""menor_20"", ""p44"": ""con""}"
pseudodiploria_strigosa,Pseudodiploria strigosa,Coral Cerebro,Faviidae,Escleractinio,"Uno roca viva que está colonias densas, con forma de cerebro.","{""p1"": ""s"", ""p4"": ""colonial"", ""p6"": ""no"", ""p19"": ""masiva"", ""p30"": ""valles"", ""p31"": ""pronunciados"", ""p33"": ""dentados"", ""p35"": ""sin"", ""p42"": ""menor_0_5"", ""p43"": ""menor_20"", ""p44"": ""sin""}"
pseudodiploria_strigosa,Pseudodiploria strigosa,Coral Cerebro,Faviidae,Escleractinio,"Es como como una pelota, tiene surcos profundos y es color amarillento.","{""p1"": ""s"", ""p4"": ""colonial"", ""p6"": ""no"", ""p19"": ""masiva"", ""p30"": ""valles"", ""p31"": ""pronunciados"", ""p33"": ""dentados"", ""p35"": ""sin"", ""p42"": ""menor_0_5"", ""p43"": ""menor_20"", ""p44"": ""sin""}"
pseudodiploria_strigosa,Pseudodiploria strigosa,Coral Cerebro,Faviidae,Escleractinio,Coral masivo con valles largos y sinuosos. Paredes sin surco superior. Antes Diploria strigosa. Presenta crema y esqueleto calcáreo.,"{""p1"": ""s"", ""p4"": ""colonial"", ""p6"": ""no"", ""p19"": ""masiva"", ""p30"": ""valles"", ""p31"": ""pronunciados"", ""p33"": ""dentados"", ""p35"": ""sin"", ""p42"": ""menor_0_5"", ""p43"": ""menor_20"", ""p44"": ""sin""}"
pseudodiploria_strigosa,Pseudodiploria strigosa,Coral Cerebro,Faviidae,Escleractinio,"Encontré esto: forma de roca, se ve surcos sinuosos, color blanquecino.","{""p1"": ""s"", ""p4"": ""colonial"", ""p6"": ""no"", ""p19"": ""masiva"", ""p30"": ""valles"", ""p31"": ""pronunciados"", ""p33"": ""dentados"", ""p35"": ""sin"", ""p42"": ""menor_0_5"", ""p43"": ""menor_20"", ""p44"": ""sin""}"
pseudodiploria_strigosa,Pseudodiploria strigosa,Coral Cerebro,Faviidae,Escleractinio,Coral masivo con valles largos y sinuosos. Paredes sin surco superior. Antes Diploria strigosa. Presenta color marrón claro y superficie irregular.,"{""p1"": ""s"", ""p4"": ""colonial"", ""p6"": ""no"", ""p19"": ""masiva"", ""p30"": ""valles"", ""p31"": ""pronunciados"", ""p33"": ""dentados"", ""p35"": ""sin"", ""p42"": ""menor_0_5"", ""p43"": ""menor_20"", ""p44"": ""sin""}"
pseudodiploria_strigosa,Pseudodiploria strigosa,Coral Cerebro,Faviidae,Escleractinio,Coral masivo con valles largos y sinuosos. Paredes sin surco superior. Antes Diploria strigosa. Presenta color piedra y colonias densas.,"{""p1"": ""s"", ""p4"": ""colonial"", ""p6"": ""no"", ""p19"": ""masiva"", ""p30"": ""valles"", ""p31"": ""pronunciados"", ""p33"": ""dentados"", ""p35"": ""sin"", ""p42"": ""menor_0_5"", ""p43"": ""menor_20"", ""p44"": ""sin""}"
pseudodiploria_strigosa,Pseudodiploria strigosa,Coral Cerebro,Faviidae,Escleractinio,"Coral de tipo crecimiento macizo, superficie superficie cerebroide, superficie porosa.","{""p1"": ""s"", ""p4"": ""colonial"", ""p6"": ""no"", ""p19"": ""masiva"", ""p30"": ""valles"", ""p31"": ""pronunciados"", ""p33"": ""dentados"", ""p35"": ""sin"", ""p42"": ""menor_0_5"", ""p43"": ""menor_20"", ""p44"": ""sin""}"
pseudodiploria_strigosa,Pseudodiploria strigosa,Coral Cerebro,Faviidae,Escleractinio,"Especie forma de roca, presenta con grietas, tonalidad color amarillento.","{""p1"": ""s"", ""p4"": ""colonial"", ""p6"": ""no"", ""p19"": ""masiva"", ""p30"": ""valles"", ""p31"": ""pronunciados"", ""p33"": ""dentados"", ""p35"": ""sin"", ""p42"": ""menor_0_5"", ""p43"": ""menor_20"", ""p44"": ""sin""}"
pseudodiploria_strigosa,Pseudodiploria strigosa,Coral Cerebro,Faviidae,Escleractinio,Coral masivo con valles largos y sinuosos. Paredes sin surco superior. Antes Diploria strigosa. Presenta gris y liso.,"{""p1"": ""s"", ""p4"": ""colonial"", ""p6"": ""no"", ""p19"": ""masiva"", ""p30"": ""valles"", ""p31"": ""pronunciados"", ""p33"": ""dentados"", ""p35"": ""sin"", ""p42"": ""menor_0_5"", ""p43"": ""menor_20"", ""p44"": ""sin""}"
pseudodiploria_strigosa,Pseudodiploria strigosa,Coral Cerebro,Faviidae,Escleractinio,Tipo: forma de roca. Superficie: como un cerebro. Color: como arena.,"{""p1"": ""s"", ""p4"": ""colonial"", ""p6"": ""no"", ""p19"": ""masiva"", ""p30"": ""valles"", ""p31"": ""pronunciados"", ""p33"": ""dentados"", ""p35"": ""sin"", ""p42"": ""menor_0_5"", ""p43"": ""menor_20"", ""p44"": ""sin""}"
pseudodiploria_strigosa,Pseudodiploria strigosa,Coral Cerebro,Faviidae,Escleractinio,Coral masivo con valles largos y sinuosos. Paredes sin surco superior. Antes Diploria strigosa. Presenta café y colonias densas.,"{""p1"": ""s"", ""p4"": ""colonial"", ""p6"": ""no"", ""p19"": ""masiva"", ""p30"": ""valles"", ""p31"": ""pronunciados"", ""p33"": ""dentados"", ""p35"": ""sin"", ""p42"": ""menor_0_5"", ""p43"": ""menor_20"", ""p44"": ""sin""}"
pseudodiploria_strigosa,Pseudodiploria strigosa,Coral Cerebro,Faviidae,Escleractinio,"Vi un coral redonda, tiene se ve como un cerebro, parece color amarillento.","{""p1"": ""s"", ""p4"": ""colonial"", ""p6"": ""no"", ""p19"": ""masiva"", ""p30"": ""valles"", ""p31"": ""pronunciados"", ""p33"": ""dentados"", ""p35"": ""sin"", ""p42"": ""menor_0_5"", ""p43"": ""menor_20"", ""p44"": ""sin""}"
pseudodiploria_strigosa,Pseudodiploria strigosa,Coral Cerebro,Faviidae,Escleractinio,"bloque compacto, crestas y valles, color café claro.","{""p1"": ""s"", ""p4"": ""colonial"", ""p6"": ""no"", ""p19"": ""masiva"", ""p30"": ""valles"", ""p31"": ""pronunciados"", ""p33"": ""dentados"", ""p35"": ""sin"", ""p42"": ""menor_0_5"", ""p43"": ""menor_20"", ""p44"": ""sin""}"
pseudodiploria_strigosa,Pseudodiploria strigosa,Coral Cerebro,Faviidae,Escleractinio,Coral masivo con valles largos y sinuosos. Paredes sin surco superior. Antes Diploria strigosa. Presenta color grisáceo y esponjoso.,"{""p1"": ""s"", ""p4"": ""colonial"", ""p6"": ""no"", ""p19"": ""masiva"", ""p30"": ""valles"", ""p31"": ""pronunciados"", ""p33"": ""dentados"", ""p35"": ""sin"", ""p42"": ""menor_0_5"", ""p43"": ""menor_20"", ""p44"": ""sin""}"
pseudodiploria_strigosa,Pseudodiploria strigosa,Coral Cerebro,Faviidae,Escleractinio,Un coral bloque compacto que tiene con surcos y es esqueleto calcáreo.,"{""p1"": ""s"", ""p4"": ""colonial"", ""p6"": ""no"", ""p19"": ""masiva"", ""p30"": ""valles"", ""p31"": ""pronunciados"", ""p33"": ""dentados"", ""p35"": ""sin"", ""p42"": ""menor_0_5"", ""p43"": ""menor_20"", ""p44"": ""sin""}"
pseudodiploria_strigosa,Pseudodiploria strigosa,Coral Cerebro,Faviidae,Escleractinio,"Especie forma de domo, presenta surcos sinuosos, tonalidad color piedra.","{""p1"": ""s"", ""p4"": ""colonial"", ""p6"": ""no"", ""p19"": ""masiva"", ""p30"": ""valles"", ""p31"": ""pronunciados"", ""p33"": ""dentados"", ""p35"": ""sin"", ""p42"": ""menor_0_5"", ""p43"": ""menor_20"", ""p44"": ""sin""}"
pseudodiploria_strigosa,Pseudodiploria strigosa,Coral Cerebro,Faviidae,Escleractinio,"Especie como un domo, presenta como una nuez, tonalidad tonalidad verdosa.","{""p1"": ""s"", ""p4"": ""colonial"", ""p6"": ""no"", ""p19"": ""masiva"", ""p30"": ""valles"", ""p31"": ""pronunciados"", ""p33"": ""dentados"", ""p35"": ""sin"", ""p42"": ""menor_0_5"", ""p43"": ""menor_20"", ""p44"": ""sin""}"
pseudodiploria_strigosa,Pseudodiploria strigosa,Coral Cerebro,Faviidae,Escleractinio,"Encontré esto: forma redonda, se ve valles sinuosos, color café.","{""p1"": ""s"", ""p4"": ""colonial"", ""p6"": ""no"", ""p19"": ""masiva"", ""p30"": ""valles"", ""p31"": ""pronunciados"", ""p33"": ""dentados"", ""p35"": ""sin"", ""p42"": ""menor_0_5"", ""p43"": ""menor_20"", ""p44"": ""sin""}"
pseudodiploria_strigosa,Pseudodiploria strigosa,Coral Cerebro,Faviidae,Escleractinio,"Es como roca redonda, tiene con canales y es beige.","{""p1"": ""s"", ""p4"": ""colonial"", ""p6"": ""no"", ""p19"": ""masiva"", ""p30"": ""valles"", ""p31"": ""pronunciados"", ""p33"": ""dentados"", ""p35"": ""sin"", ""p42"": ""menor_0_5"", ""p43"": ""menor_20"", ""p44"": ""sin""}"
pseudodiploria_strigosa,Pseudodiploria strigosa,Coral Cerebro,Faviidae,Escleractinio,"colonias hemisféricas con pinta de con surcos, tono color tierra.","{""p1"": ""s"", ""p4"": ""colonial"", ""p6"": ""no"", ""p19"": ""masiva"", ""p30"": ""valles"", ""p31"": ""pronunciados"", ""p33"": ""dentados"", ""p35"": ""sin"", ""p42"": ""menor_0_5"", ""p43"": ""menor_20"", ""p44"": ""sin""}"
pseudodiploria_strigosa,Pseudodiploria strigosa,Coral Cerebro,Faviidae,Escleractinio,Coral masivo con valles largos y sinuosos. Paredes sin surco superior. Antes Diploria strigosa.,"{""p1"": ""s"", ""p4"": ""colonial"", ""p6"": ""no"", ""p19"": ""masiva"", ""p30"": ""valles"", ""p31"": ""pronunciados"", ""p33"": ""dentados"", ""p35"": ""sin"", ""p42"": ""menor_0_5"", ""p43"": ""menor_20"", ""p44"": ""sin""}"
pseudodiploria_strigosa,Pseudodiploria strigosa,Coral Cerebro,Faviidae,Escleractinio,"Es un coral parece una roca, áspero al tacto, con como una nuez de color beige.","{""p1"": ""s"", ""p4"": ""colonial"", ""p6"": ""no"", ""p19"": ""masiva"", ""p30"": ""valles"", ""p31"": ""pronunciados"", ""p33"": ""dentados"", ""p35"": ""sin"", ""p42"": ""menor_0_5"", ""p43"": ""menor_20"", ""p44"": ""sin""}"
pseudodiploria_strigosa,Pseudodiploria strigosa,Coral Cerebro,Faviidae,Escleractinio,"Colonia parece un balón con surcos sinuosos característica, color amarillento.","{""p1"": ""s"", ""p4"": ""colonial"", ""p6"": ""no"", ""p19"": ""masiva"", ""p30"": ""valles"", ""p31"": ""pronunciados"", ""p33"": ""dentados"", ""p35"": ""sin"", ""p42"": ""menor_0_5"", ""p43"": ""menor_20"", ""p44"": ""sin""}"
pseudodiploria_strigosa,Pseudodiploria strigosa,Coral Cerebro,Faviidae,Escleractinio,Coral masivo con valles largos y sinuosos. Paredes sin surco superior. Antes Diploria strigosa. Presenta color grisáceo y superficie lisa.,"{""p1"": ""s"", ""p4"": ""colonial"", ""p6"": ""no"", ""p19"": ""masiva"", ""p30"": ""valles"", ""p31"": ""pronunciados"", ""p33"": ""dentados"", ""p35"": ""sin"", ""p42"": ""menor_0_5"", ""p43"": ""menor_20"", ""p44"": ""sin""}"
pseudodiploria_strigosa,Pseudodiploria strigosa,Coral Cerebro,Faviidae,Escleractinio,Un coral esférica que tiene surcos profundos y es áspero al tacto.,"{""p1"": ""s"", ""p4"": ""colonial"", ""p6"": ""no"", ""p19"": ""masiva"", ""p30"": ""valles"", ""p31"": ""pronunciados"", ""p33"": ""dentados"", ""p35"": ""sin"", ""p42"": ""menor_0_5"", ""p43"": ""menor_20"", ""p44"": ""sin""}"
pseudodiploria_strigosa,Pseudodiploria strigosa,Coral Cerebro,Faviidae,Escleractinio,Coral masivo con valles largos y sinuosos. Paredes sin surco superior. Antes Diploria strigosa. Presenta color marrón y rugoso.,"{""p1"": ""s"", ""p4"": ""colonial"", ""p6"": ""no"", ""p19"": ""masiva"", ""p30"": ""valles"", ""p31"": ""pronunciados"", ""p33"": ""dentados"", ""p35"": ""sin"", ""p42"": ""menor_0_5"", ""p43"": ""menor_20"", ""p44"": ""sin""}"
pseudodiploria_strigosa,Pseudodiploria strigosa,Coral Cerebro,Faviidae,Escleractinio,"Encontré esto: roca coralina, se ve como un cerebro, color gris.","{""p1"": ""s"", ""p4"": ""colonial"", ""p6"": ""no"", ""p19"": ""masiva"", ""p30"": ""valles"", ""p31"": ""pronunciados"", ""p33"": ""dentados"", ""p35"": ""sin"", ""p42"": ""menor_0_5"", ""p43"": ""menor_20"", ""p44"": ""sin""}"
pseudodiploria_strigosa,Pseudodiploria strigosa,Coral Cerebro,Faviidae,Escleractinio,"Es como bloque compacto, tiene como laberinto y es color tierra.","{""p1"": ""s"", ""p4"": ""colonial"", ""p6"": ""no"", ""p19"": ""masiva"", ""p30"": ""valles"", ""p31"": ""pronunciados"", ""p33"": ""dentados"", ""p35"": ""sin"", ""p42"": ""menor_0_5"", ""p43"": ""menor_20"", ""p44"": ""sin""}"
pseudodiploria_strigosa,Pseudodiploria strigosa,Coral Cerebro,Faviidae,Escleractinio,Un coral como un domo que tiene valles profundos y es como esponja.,"{""p1"": ""s"", ""p4"": ""colonial"", ""p6"": ""no"", ""p19"": ""masiva"", ""p30"": ""valles"", ""p31"": ""pronunciados"", ""p33"": ""dentados"", ""p35"": ""sin"", ""p42"": ""menor_0_5"", ""p43"": ""menor_20"", ""p44"": ""sin""}"
pseudodiploria_strigosa,Pseudodiploria strigosa,Coral Cerebro,Faviidae,Escleractinio,Forma: parece un balón. Textura: valles sinuosos. Tono: color piedra.,"{""p1"": ""s"", ""p4"": ""colonial"", ""p6"": ""no"", ""p19"": ""masiva"", ""p30"": ""valles"", ""p31"": ""pronunciados"", ""p33"": ""dentados"", ""p35"": ""sin"", ""p42"": ""menor_0_5"", ""p43"": ""menor_20"", ""p44"": ""sin""}"
pseudodiploria_strigosa,Pseudodiploria strigosa,Coral Cerebro,Faviidae,Escleractinio,Coral masivo con valles largos y sinuosos. Paredes sin surco superior. Antes Diploria strigosa. Presenta color tierra y poroso.,"{""p1"": ""s"", ""p4"": ""colonial"", ""p6"": ""no"", ""p19"": ""masiva"", ""p30"": ""valles"", ""p31"": ""pronunciados"", ""p33"": ""dentados"", ""p35"": ""sin"", ""p42"": ""menor_0_5"", ""p43"": ""menor_20"", ""p44"": ""sin""}"
pseudodiploria_strigosa,Pseudodiploria strigosa,Coral Cerebro,Faviidae,Escleractinio,"Observamos como una pelota con parece un cerebro evidente, coloración color arena.","{""p1"": ""s"", ""p4"": ""colonial"", ""p6"": ""no"", ""p19"": ""masiva"", ""p30"": ""valles"", ""p31"": ""pronunciados"", ""p33"": ""dentados"", ""p35"": ""sin"", ""p42"": ""menor_0_5"", ""p43"": ""menor_20"", ""p44"": ""sin""}"
pseudodiploria_strigosa,Pseudodiploria strigosa,Coral Cerebro,Faviidae,Escleractinio,"Especie esférica, presenta surcos, tonalidad color tierra.","{""p1"": ""s"", ""p4"": ""colonial"", ""p6"": ""no"", ""p19"": ""masiva"", ""p30"": ""valles"", ""p31"": ""pronunciados"", ""p33"": ""dentados"", ""p35"": ""sin"", ""p42"": ""menor_0_5"", ""p43"": ""menor_20"", ""p44"": ""sin""}"
pseudodiploria_strigosa,Pseudodiploria strigosa,Coral Cerebro,Faviidae,Escleractinio,Coral masivo con valles largos y sinuosos. Paredes sin surco superior. Antes Diploria strigosa. Presenta color piedra y superficie irregular.,"{""p1"": ""s"", ""p4"": ""colonial"", ""p6"": ""no"", ""p19"": ""masiva"", ""p30"": ""valles"", ""p31"": ""pronunciados"", ""p33"": ""dentados"", ""p35"": ""sin"", ""p42"": ""menor_0_5"", ""p43"": ""menor_20"", ""p44"": ""sin""}"
pseudodiploria_strigosa,Pseudodiploria strigosa,Coral Cerebro,Faviidae,Escleractinio,"Es un coral como una pelota, esqueleto calcáreo, con meandros sinuosos de color color café.","{""p1"": ""s"", ""p4"": ""colonial"", ""p6"": ""no"", ""p19"": ""masiva"", ""p30"": ""valles"", ""p31"": ""pronunciados"", ""p33"": ""dentados"", ""p35"": ""sin"", ""p42"": ""menor_0_5"", ""p43"": ""menor_20"", ""p44"": ""sin""}"
pseudodiploria_strigosa,Pseudodiploria strigosa,Coral Cerebro,Faviidae,Escleractinio,"forma de domo, con grietas, café.","{""p1"": ""s"", ""p4"": ""colonial"", ""p6"": ""no"", ""p19"": ""masiva"", ""p30"": ""valles"", ""p31"": ""pronunciados"", ""p33"": ""dentados"", ""p35"": ""sin"", ""p42"": ""menor_0_5"", ""p43"": ""menor_20"", ""p44"": ""sin""}"
pseudodiploria_strigosa,Pseudodiploria strigosa,Coral Cerebro,Faviidae,Escleractinio,"Estaba buceando y vi como un montículo con como una nuez, marrón.","{""p1"": ""s"", ""p4"": ""colonial"", ""p6"": ""no"", ""p19"": ""masiva"", ""p30"": ""valles"", ""p31"": ""pronunciados"", ""p33"": ""dentados"", ""p35"": ""sin"", ""p42"": ""menor_0_5"", ""p43"": ""menor_20"", ""p44"": ""sin""}"
pseudodiploria_strigosa,Pseudodiploria strigosa,Coral Cerebro,Faviidae,Escleractinio,"Como esférica pero con como un cerebro, superficie uniforme, verdoso.","{""p1"": ""s"", ""p4"": ""colonial"", ""p6"": ""no"", ""p19"": ""masiva"", ""p30"": ""valles"", ""p31"": ""pronunciados"", ""p33"": ""dentados"", ""p35"": ""sin"", ""p42"": ""menor_0_5"", ""p43"": ""menor_20"", ""p44"": ""sin""}"
pseudodiploria_strigosa,Pseudodiploria strigosa,Coral Cerebro,Faviidae,Escleractinio,"Colonia roca viva con crestas y valles característica, café.","{""p1"": ""s"", ""p4"": ""colonial"", ""p6"": ""no"", ""p19"": ""masiva"", ""p30"": ""valles"", ""p31"": ""pronunciados"", ""p33"": ""dentados"", ""p35"": ""sin"", ""p42"": ""menor_0_5"", ""p43"": ""menor_20"", ""p44"": ""sin""}"
pseudodiploria_strigosa,Pseudodiploria strigosa,Coral Cerebro,Faviidae,Escleractinio,"Es como como un domo, tiene canales y es café.","{""p1"": ""s"", ""p4"": ""colonial"", ""p6"": ""no"", ""p19"": ""masiva"", ""p30"": ""valles"", ""p31"": ""pronunciados"", ""p33"": ""dentados"", ""p35"": ""sin"", ""p42"": ""menor_0_5"", ""p43"": ""menor_20"", ""p44"": ""sin""}"
pseudodiploria_strigosa,Pseudodiploria strigosa,Coral Cerebro,Faviidae,Escleractinio,Coral masivo con valles largos y sinuosos. Paredes sin surco superior. Antes Diploria strigosa. Presenta como arena y como esponja.,"{""p1"": ""s"", ""p4"": ""colonial"", ""p6"": ""no"", ""p19"": ""masiva"", ""p30"": ""valles"", ""p31"": ""pronunciados"", ""p33"": ""dentados"", ""p35"": ""sin"", ""p42"": ""menor_0_5"", ""p43"": ""menor_20"", ""p44"": ""sin""}"
pseudodiploria_strigosa,Pseudodiploria strigosa,Coral Cerebro,Faviidae,Escleractinio,"Es un coral esfera rocosa, superficie lisa, con valles sinuosos de color beige.","{""p1"": ""s"", ""p4"": ""colonial"", ""p6"": ""no"", ""p19"": ""masiva"", ""p30"": ""valles"", ""p31"": ""pronunciados"", ""p33"": ""dentados"", ""p35"": ""sin"", ""p42"": ""menor_0_5"", ""p43"": ""menor_20"", ""p44"": ""sin""}"
pseudodiploria_strigosa,Pseudodiploria strigosa,Coral Cerebro,Faviidae,Escleractinio,"Especie redondo, presenta surcos profundos, tonalidad como arena.","{""p1"": ""s"", ""p4"": ""colonial"", ""p6"": ""no"", ""p19"": ""masiva"", ""p30"": ""valles"", ""p31"": ""pronunciados"", ""p33"": ""dentados"", ""p35"": ""sin"", ""p42"": ""menor_0_5"", ""p43"": ""menor_20"", ""p44"": ""sin""}"
pseudodiploria_strigosa,Pseudodiploria strigosa,Coral Cerebro,Faviidae,Escleractinio,Coral masivo con valles largos y sinuosos. Paredes sin surco superior. Antes Diploria strigosa. Presenta blanquecino y poroso.,"{""p1"": ""s"", ""p4"": ""colonial"", ""p6"": ""no"", ""p19"": ""masiva"", ""p30"": ""valles"", ""p31"": ""pronunciados"", ""p33"": ""dentados"", ""p35"": ""sin"", ""p42"": ""menor_0_5"", ""p43"": ""menor_20"", ""p44"": ""sin""}"
pseudodiploria_strigosa,Pseudodiploria strigosa,Coral Cerebro,Faviidae,Escleractinio,Coral masivo con valles largos y sinuosos. Paredes sin surco superior. Antes Diploria strigosa. Presenta color amarillento y rugoso.,"{""p1"": ""s"", ""p4"": ""colonial"", ""p6"": ""no"", ""p19"": ""masiva"", ""p30"": ""valles"", ""p31"": ""pronunciados"", ""p33"": ""dentados"", ""p35"": ""sin"", ""p42"": ""menor_0_5"", ""p43"": ""menor_20"", ""p44"": ""sin""}"
pseudodiploria_strigosa,Pseudodiploria strigosa,Coral Cerebro,Faviidae,Escleractinio,Tipo: esférica. Superficie: parece un cerebro. Color: color grisáceo.,"{""p1"": ""s"", ""p4"": ""colonial"", ""p6"": ""no"", ""p19"": ""masiva"", ""p30"": ""valles"", ""p31"": ""pronunciados"", ""p33"": ""dentados"", ""p35"": ""sin"", ""p42"": ""menor_0_5"", ""p43"": ""menor_20"", ""p44"": ""sin""}"
pseudodiploria_strigosa,Pseudodiploria strigosa,Coral Cerebro,Faviidae,Escleractinio,"Uno redonda que está áspero al tacto, con con surcos.","{""p1"": ""s"", ""p4"": ""colonial"", ""p6"": ""no"", ""p19"": ""masiva"", ""p30"": ""valles"", ""p31"": ""pronunciados"", ""p33"": ""dentados"", ""p35"": ""sin"", ""p42"": ""menor_0_5"", ""p43"": ""menor_20"", ""p44"": ""sin""}"
pseudodiploria_strigosa,Pseudodiploria strigosa,Coral Cerebro,Faviidae,Escleractinio,Coral masivo con valles largos y sinuosos. Paredes sin surco superior. Antes Diploria strigosa. Presenta color arena y superficie porosa.,"{""p1"": ""s"", ""p4"": ""colonial"", ""p6"": ""no"", ""p19"": ""masiva"", ""p30"": ""valles"", ""p31"": ""pronunciados"", ""p33"": ""dentados"", ""p35"": ""sin"", ""p42"": ""menor_0_5"", ""p43"": ""menor_20"", ""p44"": ""sin""}"
pseudodiploria_strigosa,Pseudodiploria strigosa,Coral Cerebro,Faviidae,Escleractinio,"Vi un coral parece una roca, tiene con grietas, parece verdoso.","{""p1"": ""s"", ""p4"": ""colonial"", ""p6"": ""no"", ""p19"": ""masiva"", ""p30"": ""valles"", ""p31"": ""pronunciados"", ""p33"": ""dentados"", ""p35"": ""sin"", ""p42"": ""menor_0_5"", ""p43"": ""menor_20"", ""p44"": ""sin""}"
pseudodiploria_strigosa,Pseudodiploria strigosa,Coral Cerebro,Faviidae,Escleractinio,Coral masivo con valles largos y sinuosos. Paredes sin surco superior. Antes Diploria strigosa. Presenta crema y áspero al tacto.,"{""p1"": ""s"", ""p4"": ""colonial"", ""p6"": ""no"", ""p19"": ""masiva"", ""p30"": ""valles"", ""p31"": ""pronunciados"", ""p33"": ""dentados"", ""p35"": ""sin"", ""p42"": ""menor_0_5"", ""p43"": ""menor_20"", ""p44"": ""sin""}"
pseudodiploria_strigosa,Pseudodiploria strigosa,Coral Cerebro,Faviidae,Escleractinio,"estructura globosa con pinta de crestas y valles, tono verdoso.","{""p1"": ""s"", ""p4"": ""colonial"", ""p6"": ""no"", ""p19"": ""masiva"", ""p30"": ""valles"", ""p31"": ""pronunciados"", ""p33"": ""dentados"", ""p35"": ""sin"", ""p42"": ""menor_0_5"", ""p43"": ""menor_20"", ""p44"": ""sin""}"
colpophyllia_natans,Colpophyllia natans,Coral Cerebro,Faviidae,Escleractinio,Coral masivo con valles y pared doble. Series caliculares largas. 9-11 septos/cm. Presenta beige y superficie rugosa.,"{""p1"": ""s"", ""p4"": ""colonial"", ""p6"": ""no"", ""p19"": ""masiva"", ""p30"": ""valles"", ""p31"": ""pronunciados"", ""p33"": ""dentados"", ""p35"": ""con"", ""p36"": ""doble"", ""p37"": ""largas"", ""p38"": ""plana""}"
colpophyllia_natans,Colpophyllia natans,Coral Cerebro,Faviidae,Escleractinio,Coral masivo con valles y pared doble. Series caliculares largas. 9-11 septos/cm. Presenta crema y como una roca.,"{""p1"": ""s"", ""p4"": ""colonial"", ""p6"": ""no"", ""p19"": ""masiva"", ""p30"": ""valles"", ""p31"": ""pronunciados"", ""p33"": ""dentados"", ""p35"": ""con"", ""p36"": ""doble"", ""p37"": ""largas"", ""p38"": ""plana""}"
colpophyllia_natans,Colpophyllia natans,Coral Cerebro,Faviidae,Escleractinio,"Uno bloque compacto que está superficie uniforme, con como una nuez.","{""p1"": ""s"", ""p4"": ""colonial"", ""p6"": ""no"", ""p19"": ""masiva"", ""p30"": ""valles"", ""p31"": ""pronunciados"", ""p33"": ""dentados"", ""p35"": ""con"", ""p36"": ""doble"", ""p37"": ""largas"", ""p38"": ""plana""}"
colpophyllia_natans,Colpophyllia natans,Coral Cerebro,Faviidae,Escleractinio,Coral masivo con valles y pared doble. Series caliculares largas. 9-11 septos/cm. Presenta gris y duro como roca.,"{""p1"": ""s"", ""p4"": ""colonial"", ""p6"": ""no"", ""p19"": ""masiva"", ""p30"": ""valles"", ""p31"": ""pronunciados"", ""p33"": ""dentados"", ""p35"": ""con"", ""p36"": ""doble"", ""p37"": ""largas"", ""p38"": ""plana""}"
colpophyllia_natans,Colpophyllia natans,Coral Cerebro,Faviidae,Escleractinio,"bloque compacto con pinta de valles profundos, tono amarillento.","{""p1"": ""s"", ""p4"": ""colonial"", ""p6"": ""no"", ""p19"": ""masiva"", ""p30"": ""valles"", ""p31"": ""pronunciados"", ""p33"": ""dentados"", ""p35"": ""con"", ""p36"": ""doble"", ""p37"": ""largas"", ""p38"": ""plana""}"
colpophyllia_natans,Colpophyllia natans,Coral Cerebro,Faviidae,Escleractinio,"roca viva, surcos profundos, color arena.","{""p1"": ""s"", ""p4"": ""colonial"", ""p6"": ""no"", ""p19"": ""masiva"", ""p30"": ""valles"", ""p31"": ""pronunciados"", ""p33"": ""dentados"", ""p35"": ""con"", ""p36"": ""doble"", ""p37"": ""largas"", ""p38"": ""plana""}"
colpophyllia_natans,Colpophyllia natans,Coral Cerebro,Faviidae,Escleractinio,Coral masivo con valles y pared doble. Series caliculares largas. 9-11 septos/cm. Presenta color piedra y superficie uniforme.,"{""p1"": ""s"", ""p4"": ""colonial"", ""p6"": ""no"", ""p19"": ""masiva"", ""p30"": ""valles"", ""p31"": ""pronunciados"", ""p33"": ""dentados"", ""p35"": ""con"", ""p36"": ""doble"", ""p37"": ""largas"", ""p38"": ""plana""}"
colpophyllia_natans,Colpophyllia natans,Coral Cerebro,Faviidae,Escleractinio,"Vi un coral como un montículo, tiene crestas y valles, parece como arena.","{""p1"": ""s"", ""p4"": ""colonial"", ""p6"": ""no"", ""p19"": ""masiva"", ""p30"": ""valles"", ""p31"": ""pronunciados"", ""p33"": ""dentados"", ""p35"": ""con"", ""p36"": ""doble"", ""p37"": ""largas"", ""p38"": ""plana""}"
colpophyllia_natans,Colpophyllia natans,Coral Cerebro,Faviidae,Escleractinio,"Vi un coral coral masivo, tiene laberinto, parece marrón.","{""p1"": ""s"", ""p4"": ""colonial"", ""p6"": ""no"", ""p19"": ""masiva"", ""p30"": ""valles"", ""p31"": ""pronunciados"", ""p33"": ""dentados"", ""p35"": ""con"", ""p36"": ""doble"", ""p37"": ""largas"", ""p38"": ""plana""}"
colpophyllia_natans,Colpophyllia natans,Coral Cerebro,Faviidae,Escleractinio,Coral masivo con valles y pared doble. Series caliculares largas. 9-11 septos/cm. Presenta beige y superficie porosa.,"{""p1"": ""s"", ""p4"": ""colonial"", ""p6"": ""no"", ""p19"": ""masiva"", ""p30"": ""valles"", ""p31"": ""pronunciados"", ""p33"": ""dentados"", ""p35"": ""con"", ""p36"": ""doble"", ""p37"": ""largas"", ""p38"": ""plana""}"
colpophyllia_natans,Colpophyllia natans,Coral Cerebro,Faviidae,Escleractinio,"Vi un coral roca redonda, tiene como una nuez, parece amarillento.","{""p1"": ""s"", ""p4"": ""colonial"", ""p6"": ""no"", ""p19"": ""masiva"", ""p30"": ""valles"", ""p31"": ""pronunciados"", ""p33"": ""dentados"", ""p35"": ""con"", ""p36"": ""doble"", ""p37"": ""largas"", ""p38"": ""plana""}"
colpophyllia_natans,Colpophyllia natans,Coral Cerebro,Faviidae,Escleractinio,"Estaba buceando y vi como un domo con surcos profundos, color amarillento.","{""p1"": ""s"", ""p4"": ""colonial"", ""p6"": ""no"", ""p19"": ""masiva"", ""p30"": ""valles"", ""p31"": ""pronunciados"", ""p33"": ""dentados"", ""p35"": ""con"", ""p36"": ""doble"", ""p37"": ""largas"", ""p38"": ""plana""}"
colpophyllia_natans,Colpophyllia natans,Coral Cerebro,Faviidae,Escleractinio,"esférico, como un cerebro, color tierra.","{""p1"": ""s"", ""p4"": ""colonial"", ""p6"": ""no"", ""p19"": ""masiva"", ""p30"": ""valles"", ""p31"": ""pronunciados"", ""p33"": ""dentados"", ""p35"": ""con"", ""p36"": ""doble"", ""p37"": ""largas"", ""p38"": ""plana""}"
colpophyllia_natans,Colpophyllia natans,Coral Cerebro,Faviidae,Escleractinio,"parece un balón con pinta de como laberinto, tono color arena.","{""p1"": ""s"", ""p4"": ""colonial"", ""p6"": ""no"", ""p19"": ""masiva"", ""p30"": ""valles"", ""p31"": ""pronunciados"", ""p33"": ""dentados"", ""p35"": ""con"", ""p36"": ""doble"", ""p37"": ""largas"", ""p38"": ""plana""}"
colpophyllia_natans,Colpophyllia natans,Coral Cerebro,Faviidae,Escleractinio,"colonias hemisféricas, superficie cerebroide, color café claro.","{""p1"": ""s"", ""p4"": ""colonial"", ""p6"": ""no"", ""p19"": ""masiva"", ""p30"": ""valles"", ""p31"": ""pronunciados"", ""p33"": ""dentados"", ""p35"": ""con"", ""p36"": ""doble"", ""p37"": ""largas"", ""p38"": ""plana""}"
colpophyllia_natans,Colpophyllia natans,Coral Cerebro,Faviidae,Escleractinio,Un coral como una pelota que tiene como un cerebro y es textura áspera.,"{""p1"": ""s"", ""p4"": ""colonial"", ""p6"": ""no"", ""p19"": ""masiva"", ""p30"": ""valles"", ""p31"": ""pronunciados"", ""p33"": ""dentados"", ""p35"": ""con"", ""p36"": ""doble"", ""p37"": ""largas"", ""p38"": ""plana""}"
colpophyllia_natans,Colpophyllia natans,Coral Cerebro,Faviidae,Escleractinio,"Es como parece un balón, tiene se ve como un cerebro y es gris.","{""p1"": ""s"", ""p4"": ""colonial"", ""p6"": ""no"", ""p19"": ""masiva"", ""p30"": ""valles"", ""p31"": ""pronunciados"", ""p33"": ""dentados"", ""p35"": ""con"", ""p36"": ""doble"", ""p37"": ""largas"", ""p38"": ""plana""}"
colpophyllia_natans,Colpophyllia natans,Coral Cerebro,Faviidae,Escleractinio,Un coral estructura globosa que tiene valles y colinas y es superficie uniforme.,"{""p1"": ""s"", ""p4"": ""colonial"", ""p6"": ""no"", ""p19"": ""masiva"", ""p30"": ""valles"", ""p31"": ""pronunciados"", ""p33"": ""dentados"", ""p35"": ""con"", ""p36"": ""doble"", ""p37"": ""largas"", ""p38"": ""plana""}"
colpophyllia_natans,Colpophyllia natans,Coral Cerebro,Faviidae,Escleractinio,Coral masivo con valles y pared doble. Series caliculares largas. 9-11 septos/cm. Presenta tonalidad verdosa y colonias densas.,"{""p1"": ""s"", ""p4"": ""colonial"", ""p6"": ""no"", ""p19"": ""masiva"", ""p30"": ""valles"", ""p31"": ""pronunciados"", ""p33"": ""dentados"", ""p35"": ""con"", ""p36"": ""doble"", ""p37"": ""largas"", ""p38"": ""plana""}"
colpophyllia_natans,Colpophyllia natans,Coral Cerebro,Faviidae,Escleractinio,"redondo con pinta de valles profundos, tono color tierra.","{""p1"": ""s"", ""p4"": ""colonial"", ""p6"": ""no"", ""p19"": ""masiva"", ""p30"": ""valles"", ""p31"": ""pronunciados"", ""p33"": ""dentados"", ""p35"": ""con"", ""p36"": ""doble"", ""p37"": ""largas"", ""p38"": ""plana""}"
colpophyllia_natans,Colpophyllia natans,Coral Cerebro,Faviidae,Escleractinio,"Es como esférico, tiene surcos profundos y es café.","{""p1"": ""s"", ""p4"": ""colonial"", ""p6"": ""no"", ""p19"": ""masiva"", ""p30"": ""valles"", ""p31"": ""pronunciados"", ""p33"": ""dentados"", ""p35"": ""con"", ""p36"": ""doble"", ""p37"": ""largas"", ""p38"": ""plana""}"
colpophyllia_natans,Colpophyllia natans,Coral Cerebro,Faviidae,Escleractinio,Coral masivo con valles y pared doble. Series caliculares largas. 9-11 septos/cm. Presenta tonalidad verdosa y áspero al tacto.,"{""p1"": ""s"", ""p4"": ""colonial"", ""p6"": ""no"", ""p19"": ""masiva"", ""p30"": ""valles"", ""p31"": ""pronunciados"", ""p33"": ""dentados"", ""p35"": ""con"", ""p36"": ""doble"", ""p37"": ""largas"", ""p38"": ""plana""}"
colpophyllia_natans,Colpophyllia natans,Coral Cerebro,Faviidae,Escleractinio,Coral masivo con valles y pared doble. Series caliculares largas. 9-11 septos/cm. Presenta gris y poroso.,"{""p1"": ""s"", ""p4"": ""colonial"", ""p6"": ""no"", ""p19"": ""masiva"", ""p30"": ""valles"", ""p31"": ""pronunciados"", ""p33"": ""dentados"", ""p35"": ""con"", ""p36"": ""doble"", ""p37"": ""largas"", ""p38"": ""plana""}"
colpophyllia_natans,Colpophyllia natans,Coral Cerebro,Faviidae,Escleractinio,Coral masivo con valles y pared doble. Series caliculares largas. 9-11 septos/cm.,"{""p1"": ""s"", ""p4"": ""colonial"", ""p6"": ""no"", ""p19"": ""masiva"", ""p30"": ""valles"", ""p31"": ""pronunciados"", ""p33"": ""dentados"", ""p35"": ""con"", ""p36"": ""doble"", ""p37"": ""largas"", ""p38"": ""plana""}"
colpophyllia_natans,Colpophyllia natans,Coral Cerebro,Faviidae,Escleractinio,"Vi un coral montículo rocoso, tiene laberinto, parece crema.","{""p1"": ""s"", ""p4"": ""colonial"", ""p6"": ""no"", ""p19"": ""masiva"", ""p30"": ""valles"", ""p31"": ""pronunciados"", ""p33"": ""dentados"", ""p35"": ""con"", ""p36"": ""doble"", ""p37"": ""largas"", ""p38"": ""plana""}"
colpophyllia_natans,Colpophyllia natans,Coral Cerebro,Faviidae,Escleractinio,"Coral de tipo parece una roca, superficie crestas y valles, superficie irregular.","{""p1"": ""s"", ""p4"": ""colonial"", ""p6"": ""no"", ""p19"": ""masiva"", ""p30"": ""valles"", ""p31"": ""pronunciados"", ""p33"": ""dentados"", ""p35"": ""con"", ""p36"": ""doble"", ""p37"": ""largas"", ""p38"": ""plana""}"
colpophyllia_natans,Colpophyllia natans,Coral Cerebro,Faviidae,Escleractinio,"Es un coral redondo, como esponja, con con canales de color color marrón claro.","{""p1"": ""s"", ""p4"": ""colonial"", ""p6"": ""no"", ""p19"": ""masiva"", ""p30"": ""valles"", ""p31"": ""pronunciados"", ""p33"": ""dentados"", ""p35"": ""con"", ""p36"": ""doble"", ""p37"": ""largas"", ""p38"": ""plana""}"
colpophyllia_natans,Colpophyllia natans,Coral Cerebro,Faviidae,Escleractinio,"Uno montículo rocoso que está colonias densas, con surcos sinuosos.","{""p1"": ""s"", ""p4"": ""colonial"", ""p6"": ""no"", ""p19"": ""masiva"", ""p30"": ""valles"", ""p31"": ""pronunciados"", ""p33"": ""dentados"", ""p35"": ""con"", ""p36"": ""doble"", ""p37"": ""largas"", ""p38"": ""plana""}"
colpophyllia_natans,Colpophyllia natans,Coral Cerebro,Faviidae,Escleractinio,Tipo: esférico. Superficie: como un cerebro. Color: café.,"{""p1"": ""s"", ""p4"": ""colonial"", ""p6"": ""no"", ""p19"": ""masiva"", ""p30"": ""valles"", ""p31"": ""pronunciados"", ""p33"": ""dentados"", ""p35"": ""con"", ""p36"": ""doble"", ""p37"": ""largas"", ""p38"": ""plana""}"
colpophyllia_natans,Colpophyllia natans,Coral Cerebro,Faviidae,Escleractinio,"Vi un coral forma redonda, tiene con grietas, parece color café.","{""p1"": ""s"", ""p4"": ""colonial"", ""p6"": ""no"", ""p19"": ""masiva"", ""p30"": ""valles"", ""p31"": ""pronunciados"", ""p33"": ""dentados"", ""p35"": ""con"", ""p36"": ""doble"", ""p37"": ""largas"", ""p38"": ""plana""}"
colpophyllia_natans,Colpophyllia natans,Coral Cerebro,Faviidae,Escleractinio,Coral masivo con valles y pared doble. Series caliculares largas. 9-11 septos/cm. Presenta color arena y liso.,"{""p1"": ""s"", ""p4"": ""colonial"", ""p6"": ""no"", ""p19"": ""masiva"", ""p30"": ""valles"", ""p31"": ""pronunciados"", ""p33"": ""dentados"", ""p35"": ""con"", ""p36"": ""doble"", ""p37"": ""largas"", ""p38"": ""plana""}"
colpophyllia_natans,Colpophyllia natans,Coral Cerebro,Faviidae,Escleractinio,Coral masivo con valles y pared doble. Series caliculares largas. 9-11 septos/cm. Presenta beige y poroso.,"{""p1"": ""s"", ""p4"": ""colonial"", ""p6"": ""no"", ""p19"": ""masiva"", ""p30"": ""valles"", ""p31"": ""pronunciados"", ""p33"": ""dentados"", ""p35"": ""con"", ""p36"": ""doble"", ""p37"": ""largas"", ""p38"": ""plana""}"
colpophyllia_natans,Colpophyllia natans,Coral Cerebro,Faviidae,Escleractinio,Coral masivo con valles y pared doble. Series caliculares largas. 9-11 septos/cm. Presenta crema y textura áspera.,"{""p1"": ""s"", ""p4"": ""colonial"", ""p6"": ""no"", ""p19"": ""masiva"", ""p30"": ""valles"", ""p31"": ""pronunciados"", ""p33"": ""dentados"", ""p35"": ""con"", ""p36"": ""doble"", ""p37"": ""largas"", ""p38"": ""plana""}"
colpophyllia_natans,Colpophyllia natans,Coral Cerebro,Faviidae,Escleractinio,Coral masivo con valles y pared doble. Series caliculares largas. 9-11 septos/cm. Presenta marrón y liso.,"{""p1"": ""s"", ""p4"": ""colonial"", ""p6"": ""no"", ""p19"": ""masiva"", ""p30"": ""valles"", ""p31"": ""pronunciados"", ""p33"": ""dentados"", ""p35"": ""con"", ""p36"": ""doble"", ""p37"": ""largas"", ""p38"": ""plana""}"
colpophyllia_natans,Colpophyllia natans,Coral Cerebro,Faviidae,Escleractinio,"Encontré esto: como una bola, se ve laberinto, color tonalidad verdosa.","{""p1"": ""s"", ""p4"": ""colonial"", ""p6"": ""no"", ""p19"": ""masiva"", ""p30"": ""valles"", ""p31"": ""pronunciados"", ""p33"": ""dentados"", ""p35"": ""con"", ""p36"": ""doble"", ""p37"": ""largas"", ""p38"": ""plana""}"
colpophyllia_natans,Colpophyllia natans,Coral Cerebro,Faviidae,Escleractinio,"Uno como un domo que está liso, con surcos.","{""p1"": ""s"", ""p4"": ""colonial"", ""p6"": ""no"", ""p19"": ""masiva"", ""p30"": ""valles"", ""p31"": ""pronunciados"", ""p33"": ""dentados"", ""p35"": ""con"", ""p36"": ""doble"", ""p37"": ""largas"", ""p38"": ""plana""}"
colpophyllia_natans,Colpophyllia natans,Coral Cerebro,Faviidae,Escleractinio,"Coral de tipo forma de roca, superficie con surcos, poroso.","{""p1"": ""s"", ""p4"": ""colonial"", ""p6"": ""no"", ""p19"": ""masiva"", ""p30"": ""valles"", ""p31"": ""pronunciados"", ""p33"": ""dentados"", ""p35"": ""con"", ""p36"": ""doble"", ""p37"": ""largas"", ""p38"": ""plana""}"
colpophyllia_natans,Colpophyllia natans,Coral Cerebro,Faviidae,Escleractinio,"Observamos redondo con como laberinto evidente, coloración color grisáceo.","{""p1"": ""s"", ""p4"": ""colonial"", ""p6"": ""no"", ""p19"": ""masiva"", ""p30"": ""valles"", ""p31"": ""pronunciados"", ""p33"": ""dentados"", ""p35"": ""con"", ""p36"": ""doble"", ""p37"": ""largas"", ""p38"": ""plana""}"
colpophyllia_natans,Colpophyllia natans,Coral Cerebro,Faviidae,Escleractinio,"Coral de tipo como una bola, superficie con surcos, superficie uniforme.","{""p1"": ""s"", ""p4"": ""colonial"", ""p6"": ""no"", ""p19"": ""masiva"", ""p30"": ""valles"", ""p31"": ""pronunciados"", ""p33"": ""dentados"", ""p35"": ""con"", ""p36"": ""doble"", ""p37"": ""largas"", ""p38"": ""plana""}"
colpophyllia_natans,Colpophyllia natans,Coral Cerebro,Faviidae,Escleractinio,"Como coral masivo pero con surcos como cerebro, superficie porosa, color amarillento.","{""p1"": ""s"", ""p4"": ""colonial"", ""p6"": ""no"", ""p19"": ""masiva"", ""p30"": ""valles"", ""p31"": ""pronunciados"", ""p33"": ""dentados"", ""p35"": ""con"", ""p36"": ""doble"", ""p37"": ""largas"", ""p38"": ""plana""}"
colpophyllia_natans,Colpophyllia natans,Coral Cerebro,Faviidae,Escleractinio,"Estaba buceando y vi forma de roca con parece un cerebro, color grisáceo.","{""p1"": ""s"", ""p4"": ""colonial"", ""p6"": ""no"", ""p19"": ""masiva"", ""p30"": ""valles"", ""p31"": ""pronunciados"", ""p33"": ""dentados"", ""p35"": ""con"", ""p36"": ""doble"", ""p37"": ""largas"", ""p38"": ""plana""}"
colpophyllia_natans,Colpophyllia natans,Coral Cerebro,Faviidae,Escleractinio,Coral masivo con valles y pared doble. Series caliculares largas. 9-11 septos/cm. Presenta como arena y áspero al tacto.,"{""p1"": ""s"", ""p4"": ""colonial"", ""p6"": ""no"", ""p19"": ""masiva"", ""p30"": ""valles"", ""p31"": ""pronunciados"", ""p33"": ""dentados"", ""p35"": ""con"", ""p36"": ""doble"", ""p37"": ""largas"", ""p38"": ""plana""}"
colpophyllia_natans,Colpophyllia natans,Coral Cerebro,Faviidae,Escleractinio,"Uno roca redonda que está superficie lisa, con superficie cerebroide.","{""p1"": ""s"", ""p4"": ""colonial"", ""p6"": ""no"", ""p19"": ""masiva"", ""p30"": ""valles"", ""p31"": ""pronunciados"", ""p33"": ""dentados"", ""p35"": ""con"", ""p36"": ""doble"", ""p37"": ""largas"", ""p38"": ""plana""}"
colpophyllia_natans,Colpophyllia natans,Coral Cerebro,Faviidae,Escleractinio,Coral masivo con valles y pared doble. Series caliculares largas. 9-11 septos/cm. Presenta verdoso y esqueleto calcáreo.,"{""p1"": ""s"", ""p4"": ""colonial"", ""p6"": ""no"", ""p19"": ""masiva"", ""p30"": ""valles"", ""p31"": ""pronunciados"", ""p33"": ""dentados"", ""p35"": ""con"", ""p36"": ""doble"", ""p37"": ""largas"", ""p38"": ""plana""}"
colpophyllia_natans,Colpophyllia natans,Coral Cerebro,Faviidae,Escleractinio,"Uno como una pelota que está colonias densas, con como una nuez.","{""p1"": ""s"", ""p4"": ""colonial"", ""p6"": ""no"", ""p19"": ""masiva"", ""p30"": ""valles"", ""p31"": ""pronunciados"", ""p33"": ""dentados"", ""p35"": ""con"", ""p36"": ""doble"", ""p37"": ""largas"", ""p38"": ""plana""}"
colpophyllia_natans,Colpophyllia natans,Coral Cerebro,Faviidae,Escleractinio,"Observamos colonias hemisféricas con surcos como cerebro evidente, coloración color piedra.","{""p1"": ""s"", ""p4"": ""colonial"", ""p6"": ""no"", ""p19"": ""masiva"", ""p30"": ""valles"", ""p31"": ""pronunciados"", ""p33"": ""dentados"", ""p35"": ""con"", ""p36"": ""doble"", ""p37"": ""largas"", ""p38"": ""plana""}"
colpophyllia_natans,Colpophyllia natans,Coral Cerebro,Faviidae,Escleractinio,"Colonia roca viva con con canales característica, color tierra.","{""p1"": ""s"", ""p4"": ""colonial"", ""p6"": ""no"", ""p19"": ""masiva"", ""p30"": ""valles"", ""p31"": ""pronunciados"", ""p33"": ""dentados"", ""p35"": ""con"", ""p36"": ""doble"", ""p37"": ""largas"", ""p38"": ""plana""}"
colpophyllia_natans,Colpophyllia natans,Coral Cerebro,Faviidae,Escleractinio,"Vi un coral parece un balón, tiene laberinto, parece crema.","{""p1"": ""s"", ""p4"": ""colonial"", ""p6"": ""no"", ""p19"": ""masiva"", ""p30"": ""valles"", ""p31"": ""pronunciados"", ""p33"": ""dentados"", ""p35"": ""con"", ""p36"": ""doble"", ""p37"": ""largas"", ""p38"": ""plana""}"
colpophyllia_natans,Colpophyllia natans,Coral Cerebro,Faviidae,Escleractinio,Coral masivo con valles y pared doble. Series caliculares largas. 9-11 septos/cm. Presenta color arena y áspero al tacto.,"{""p1"": ""s"", ""p4"": ""colonial"", ""p6"": ""no"", ""p19"": ""masiva"", ""p30"": ""valles"", ""p31"": ""pronunciados"", ""p33"": ""dentados"", ""p35"": ""con"", ""p36"": ""doble"", ""p37"": ""largas"", ""p38"": ""plana""}"
colpophyllia_natans,Colpophyllia natans,Coral Cerebro,Faviidae,Escleractinio,"Estaba buceando y vi esférico con forma de cerebro, blanquecino.","{""p1"": ""s"", ""p4"": ""colonial"", ""p6"": ""no"", ""p19"": ""masiva"", ""p30"": ""valles"", ""p31"": ""pronunciados"", ""p33"": ""dentados"", ""p35"": ""con"", ""p36"": ""doble"", ""p37"": ""largas"", ""p38"": ""plana""}"
colpophyllia_natans,Colpophyllia natans,Coral Cerebro,Faviidae,Escleractinio,Tipo: roca viva. Superficie: meandros sinuosos. Color: color grisáceo.,"{""p1"": ""s"", ""p4"": ""colonial"", ""p6"": ""no"", ""p19"": ""masiva"", ""p30"": ""valles"", ""p31"": ""pronunciados"", ""p33"": ""dentados"", ""p35"": ""con"", ""p36"": ""doble"", ""p37"": ""largas"", ""p38"": ""plana""}"
favia_fragum,Favia fragum,Coral Estrella,Faviidae,Escleractinio,"Como roca viva pero con con hoyitos pequeños, poroso, gris.","{""p1"": ""s"", ""p4"": ""colonial"", ""p6"": ""no"", ""p19"": ""masiva"", ""p30"": ""copas"", ""p48"": ""menor_1"", ""p49"": ""compacto"", ""p53"": ""no"", ""p55"": ""apinadas"", ""p56"": ""4_5_6_5""}"
favia_fragum,Favia fragum,Coral Estrella,Faviidae,Escleractinio,Tipo: como un domo. Superficie: coralitos en forma de copa. Color: color amarillento.,"{""p1"": ""s"", ""p4"": ""colonial"", ""p6"": ""no"", ""p19"": ""masiva"", ""p30"": ""copas"", ""p48"": ""menor_1"", ""p49"": ""compacto"", ""p53"": ""no"", ""p55"": ""apinadas"", ""p56"": ""4_5_6_5""}"
favia_fragum,Favia fragum,Coral Estrella,Faviidae,Escleractinio,"Parece forma de domo con coralitos en forma de copa, color marrón claro.","{""p1"": ""s"", ""p4"": ""colonial"", ""p6"": ""no"", ""p19"": ""masiva"", ""p30"": ""copas"", ""p48"": ""menor_1"", ""p49"": ""compacto"", ""p53"": ""no"", ""p55"": ""apinadas"", ""p56"": ""4_5_6_5""}"
favia_fragum,Favia fragum,Coral Estrella,Faviidae,Escleractinio,Coral masivo con copas apiñadas de 4.5-6.5 mm. Paredes fusionadas. Presenta como arena y superficie uniforme.,"{""p1"": ""s"", ""p4"": ""colonial"", ""p6"": ""no"", ""p19"": ""masiva"", ""p30"": ""copas"", ""p48"": ""menor_1"", ""p49"": ""compacto"", ""p53"": ""no"", ""p55"": ""apinadas"", ""p56"": ""4_5_6_5""}"
favia_fragum,Favia fragum,Coral Estrella,Faviidae,Escleractinio,Coral masivo con copas apiñadas de 4.5-6.5 mm. Paredes fusionadas.,"{""p1"": ""s"", ""p4"": ""colonial"", ""p6"": ""no"", ""p19"": ""masiva"", ""p30"": ""copas"", ""p48"": ""menor_1"", ""p49"": ""compacto"", ""p53"": ""no"", ""p55"": ""apinadas"", ""p56"": ""4_5_6_5""}"
favia_fragum,Favia fragum,Coral Estrella,Faviidae,Escleractinio,"Especie como una bola, presenta superficie con copas, tonalidad gris.","{""p1"": ""s"", ""p4"": ""colonial"", ""p6"": ""no"", ""p19"": ""masiva"", ""p30"": ""copas"", ""p48"": ""menor_1"", ""p49"": ""compacto"", ""p53"": ""no"", ""p55"": ""apinadas"", ""p56"": ""4_5_6_5""}"
favia_fragum,Favia fragum,Coral Estrella,Faviidae,Escleractinio,"Coral de tipo forma de roca, superficie superficie con copas, áspero al tacto.","{""p1"": ""s"", ""p4"": ""colonial"", ""p6"": ""no"", ""p19"": ""masiva"", ""p30"": ""copas"", ""p48"": ""menor_1"", ""p49"": ""compacto"", ""p53"": ""no"", ""p55"": ""apinadas"", ""p56"": ""4_5_6_5""}"
favia_fragum,Favia fragum,Coral Estrella,Faviidae,Escleractinio,"Vi un coral coral masivo, tiene con poros, parece marrón.","{""p1"": ""s"", ""p4"": ""colonial"", ""p6"": ""no"", ""p19"": ""masiva"", ""p30"": ""copas"", ""p48"": ""menor_1"", ""p49"": ""compacto"", ""p53"": ""no"", ""p55"": ""apinadas"", ""p56"": ""4_5_6_5""}"
favia_fragum,Favia fragum,Coral Estrella,Faviidae,Escleractinio,"Es como parece un balón, tiene superficie con copas y es color café claro.","{""p1"": ""s"", ""p4"": ""colonial"", ""p6"": ""no"", ""p19"": ""masiva"", ""p30"": ""copas"", ""p48"": ""menor_1"", ""p49"": ""compacto"", ""p53"": ""no"", ""p55"": ""apinadas"", ""p56"": ""4_5_6_5""}"
favia_fragum,Favia fragum,Coral Estrella,Faviidae,Escleractinio,"roca coralina, con hoyitos pequeños, como arena.","{""p1"": ""s"", ""p4"": ""colonial"", ""p6"": ""no"", ""p19"": ""masiva"", ""p30"": ""copas"", ""p48"": ""menor_1"", ""p49"": ""compacto"", ""p53"": ""no"", ""p55"": ""apinadas"", ""p56"": ""4_5_6_5""}"
favia_fragum,Favia fragum,Coral Estrella,Faviidae,Escleractinio,"Colonia colonias hemisféricas con huequitos característica, color arena.","{""p1"": ""s"", ""p4"": ""colonial"", ""p6"": ""no"", ""p19"": ""masiva"", ""p30"": ""copas"", ""p48"": ""menor_1"", ""p49"": ""compacto"", ""p53"": ""no"", ""p55"": ""apinadas"", ""p56"": ""4_5_6_5""}"
favia_fragum,Favia fragum,Coral Estrella,Faviidae,Escleractinio,"Encontré esto: esférica, se ve pequeños hoyos, color gris.","{""p1"": ""s"", ""p4"": ""colonial"", ""p6"": ""no"", ""p19"": ""masiva"", ""p30"": ""copas"", ""p48"": ""menor_1"", ""p49"": ""compacto"", ""p53"": ""no"", ""p55"": ""apinadas"", ""p56"": ""4_5_6_5""}"
favia_fragum,Favia fragum,Coral Estrella,Faviidae,Escleractinio,"Vi un coral montículo rocoso, tiene pequeñas celdas circulares, parece tonalidad verdosa.","{""p1"": ""s"", ""p4"": ""colonial"", ""p6"": ""no"", ""p19"": ""masiva"", ""p30"": ""copas"", ""p48"": ""menor_1"", ""p49"": ""compacto"", ""p53"": ""no"", ""p55"": ""apinadas"", ""p56"": ""4_5_6_5""}"
favia_fragum,Favia fragum,Coral Estrella,Faviidae,Escleractinio,Coral masivo con copas apiñadas de 4.5-6.5 mm. Paredes fusionadas. Presenta color tierra y duro como roca.,"{""p1"": ""s"", ""p4"": ""colonial"", ""p6"": ""no"", ""p19"": ""masiva"", ""p30"": ""copas"", ""p48"": ""menor_1"", ""p49"": ""compacto"", ""p53"": ""no"", ""p55"": ""apinadas"", ""p56"": ""4_5_6_5""}"
favia_fragum,Favia fragum,Coral Estrella,Faviidae,Escleractinio,"Parece como un montículo con superficie con copas, como arena.","{""p1"": ""s"", ""p4"": ""colonial"", ""p6"": ""no"", ""p19"": ""masiva"", ""p30"": ""copas"", ""p48"": ""menor_1"", ""p49"": ""compacto"", ""p53"": ""no"", ""p55"": ""apinadas"", ""p56"": ""4_5_6_5""}"
favia_fragum,Favia fragum,Coral Estrella,Faviidae,Escleractinio,Coral masivo con copas apiñadas de 4.5-6.5 mm. Paredes fusionadas. Presenta café y esqueleto calcáreo.,"{""p1"": ""s"", ""p4"": ""colonial"", ""p6"": ""no"", ""p19"": ""masiva"", ""p30"": ""copas"", ""p48"": ""menor_1"", ""p49"": ""compacto"", ""p53"": ""no"", ""p55"": ""apinadas"", ""p56"": ""4_5_6_5""}"
favia_fragum,Favia fragum,Coral Estrella,Faviidae,Escleractinio,"Uno parece una roca que está superficie porosa, con aberturas circulares.","{""p1"": ""s"", ""p4"": ""colonial"", ""p6"": ""no"", ""p19"": ""masiva"", ""p30"": ""copas"", ""p48"": ""menor_1"", ""p49"": ""compacto"", ""p53"": ""no"", ""p55"": ""apinadas"", ""p56"": ""4_5_6_5""}"
favia_fragum,Favia fragum,Coral Estrella,Faviidae,Escleractinio,"Estaba buceando y vi forma redonda con con hoyitos pequeños, café.","{""p1"": ""s"", ""p4"": ""colonial"", ""p6"": ""no"", ""p19"": ""masiva"", ""p30"": ""copas"", ""p48"": ""menor_1"", ""p49"": ""compacto"", ""p53"": ""no"", ""p55"": ""apinadas"", ""p56"": ""4_5_6_5""}"
favia_fragum,Favia fragum,Coral Estrella,Faviidae,Escleractinio,"Parece esfera rocosa con aberturas circulares, tonalidad verdosa.","{""p1"": ""s"", ""p4"": ""colonial"", ""p6"": ""no"", ""p19"": ""masiva"", ""p30"": ""copas"", ""p48"": ""menor_1"", ""p49"": ""compacto"", ""p53"": ""no"", ""p55"": ""apinadas"", ""p56"": ""4_5_6_5""}"
favia_fragum,Favia fragum,Coral Estrella,Faviidae,Escleractinio,"Encontré esto: como una bola, se ve pequeñas copas, color color amarillento.","{""p1"": ""s"", ""p4"": ""colonial"", ""p6"": ""no"", ""p19"": ""masiva"", ""p30"": ""copas"", ""p48"": ""menor_1"", ""p49"": ""compacto"", ""p53"": ""no"", ""p55"": ""apinadas"", ""p56"": ""4_5_6_5""}"
favia_fragum,Favia fragum,Coral Estrella,Faviidae,Escleractinio,Coral masivo con copas apiñadas de 4.5-6.5 mm. Paredes fusionadas. Presenta color arena y esqueleto calcáreo.,"{""p1"": ""s"", ""p4"": ""colonial"", ""p6"": ""no"", ""p19"": ""masiva"", ""p30"": ""copas"", ""p48"": ""menor_1"", ""p49"": ""compacto"", ""p53"": ""no"", ""p55"": ""apinadas"", ""p56"": ""4_5_6_5""}"
favia_fragum,Favia fragum,Coral Estrella,Faviidae,Escleractinio,"Estaba buceando y vi parece una roca con como poros, color café claro.","{""p1"": ""s"", ""p4"": ""colonial"", ""p6"": ""no"", ""p19"": ""masiva"", ""p30"": ""copas"", ""p48"": ""menor_1"", ""p49"": ""compacto"", ""p53"": ""no"", ""p55"": ""apinadas"", ""p56"": ""4_5_6_5""}"
favia_fragum,Favia fragum,Coral Estrella,Faviidae,Escleractinio,"Encontré esto: como un domo, se ve poros de coralitos, color verdoso.","{""p1"": ""s"", ""p4"": ""colonial"", ""p6"": ""no"", ""p19"": ""masiva"", ""p30"": ""copas"", ""p48"": ""menor_1"", ""p49"": ""compacto"", ""p53"": ""no"", ""p55"": ""apinadas"", ""p56"": ""4_5_6_5""}"
favia_fragum,Favia fragum,Coral Estrella,Faviidae,Escleractinio,Coral masivo con copas apiñadas de 4.5-6.5 mm. Paredes fusionadas. Presenta como arena y liso.,"{""p1"": ""s"", ""p4"": ""colonial"", ""p6"": ""no"", ""p19"": ""masiva"", ""p30"": ""copas"", ""p48"": ""menor_1"", ""p49"": ""compacto"", ""p53"": ""no"", ""p55"": ""apinadas"", ""p56"": ""4_5_6_5""}"
favia_fragum,Favia fragum,Coral Estrella,Faviidae,Escleractinio,Coral masivo con copas apiñadas de 4.5-6.5 mm. Paredes fusionadas. Presenta beige y textura áspera.,"{""p1"": ""s"", ""p4"": ""colonial"", ""p6"": ""no"", ""p19"": ""masiva"", ""p30"": ""copas"", ""p48"": ""menor_1"", ""p49"": ""compacto"", ""p53"": ""no"", ""p55"": ""apinadas"", ""p56"": ""4_5_6_5""}"
favia_fragum,Favia fragum,Coral Estrella,Faviidae,Escleractinio,"Es un coral como un montículo, poroso, con con hoyitos pequeños de color color amarillento.","{""p1"": ""s"", ""p4"": ""colonial"", ""p6"": ""no"", ""p19"": ""masiva"", ""p30"": ""copas"", ""p48"": ""menor_1"", ""p49"": ""compacto"", ""p53"": ""no"", ""p55"": ""apinadas"", ""p56"": ""4_5_6_5""}"
favia_fragum,Favia fragum,Coral Estrella,Faviidae,Escleractinio,"parece una roca con pinta de coralitos en forma de copa, tono color tierra.","{""p1"": ""s"", ""p4"": ""colonial"", ""p6"": ""no"", ""p19"": ""masiva"", ""p30"": ""copas"", ""p48"": ""menor_1"", ""p49"": ""compacto"", ""p53"": ""no"", ""p55"": ""apinadas"", ""p56"": ""4_5_6_5""}"
favia_fragum,Favia fragum,Coral Estrella,Faviidae,Escleractinio,"Encontré esto: esférica, se ve hoyuelos, color color café claro.","{""p1"": ""s"", ""p4"": ""colonial"", ""p6"": ""no"", ""p19"": ""masiva"", ""p30"": ""copas"", ""p48"": ""menor_1"", ""p49"": ""compacto"", ""p53"": ""no"", ""p55"": ""apinadas"", ""p56"": ""4_5_6_5""}"
favia_fragum,Favia fragum,Coral Estrella,Faviidae,Escleractinio,Coral masivo con copas apiñadas de 4.5-6.5 mm. Paredes fusionadas. Presenta color café y rugoso.,"{""p1"": ""s"", ""p4"": ""colonial"", ""p6"": ""no"", ""p19"": ""masiva"", ""p30"": ""copas"", ""p48"": ""menor_1"", ""p49"": ""compacto"", ""p53"": ""no"", ""p55"": ""apinadas"", ""p56"": ""4_5_6_5""}"
favia_fragum,Favia fragum,Coral Estrella,Faviidae,Escleractinio,"Estaba buceando y vi como una pelota con aberturas circulares, como arena.","{""p1"": ""s"", ""p4"": ""colonial"", ""p6"": ""no"", ""p19"": ""masiva"", ""p30"": ""copas"", ""p48"": ""menor_1"", ""p49"": ""compacto"", ""p53"": ""no"", ""p55"": ""apinadas"", ""p56"": ""4_5_6_5""}"
favia_fragum,Favia fragum,Coral Estrella,Faviidae,Escleractinio,"Encontré esto: redonda, se ve poros de coralitos, color color café claro.","{""p1"": ""s"", ""p4"": ""colonial"", ""p6"": ""no"", ""p19"": ""masiva"", ""p30"": ""copas"", ""p48"": ""menor_1"", ""p49"": ""compacto"", ""p53"": ""no"", ""p55"": ""apinadas"", ""p56"": ""4_5_6_5""}"
favia_fragum,Favia fragum,Coral Estrella,Faviidae,Escleractinio,"Colonia roca viva con con huecos característica, blanquecino.","{""p1"": ""s"", ""p4"": ""colonial"", ""p6"": ""no"", ""p19"": ""masiva"", ""p30"": ""copas"", ""p48"": ""menor_1"", ""p49"": ""compacto"", ""p53"": ""no"", ""p55"": ""apinadas"", ""p56"": ""4_5_6_5""}"
favia_fragum,Favia fragum,Coral Estrella,Faviidae,Escleractinio,Coral masivo con copas apiñadas de 4.5-6.5 mm. Paredes fusionadas. Presenta como arena y colonias densas.,"{""p1"": ""s"", ""p4"": ""colonial"", ""p6"": ""no"", ""p19"": ""masiva"", ""p30"": ""copas"", ""p48"": ""menor_1"", ""p49"": ""compacto"", ""p53"": ""no"", ""p55"": ""apinadas"", ""p56"": ""4_5_6_5""}"
favia_fragum,Favia fragum,Coral Estrella,Faviidae,Escleractinio,"Encontré esto: forma de roca, se ve con huecos, color color tierra.","{""p1"": ""s"", ""p4"": ""colonial"", ""p6"": ""no"", ""p19"": ""masiva"", ""p30"": ""copas"", ""p48"": ""menor_1"", ""p49"": ""compacto"", ""p53"": ""no"", ""p55"": ""apinadas"", ""p56"": ""4_5_6_5""}"
favia_fragum,Favia fragum,Coral Estrella,Faviidae,Escleractinio,"Coral de tipo estructura globosa, superficie coralitos en forma de copa, rugoso.","{""p1"": ""s"", ""p4"": ""colonial"", ""p6"": ""no"", ""p19"": ""masiva"", ""p30"": ""copas"", ""p48"": ""menor_1"", ""p49"": ""compacto"", ""p53"": ""no"", ""p55"": ""apinadas"", ""p56"": ""4_5_6_5""}"
favia_fragum,Favia fragum,Coral Estrella,Faviidae,Escleractinio,"como un domo, puntitos, color arena.","{""p1"": ""s"", ""p4"": ""colonial"", ""p6"": ""no"", ""p19"": ""masiva"", ""p30"": ""copas"", ""p48"": ""menor_1"", ""p49"": ""compacto"", ""p53"": ""no"", ""p55"": ""apinadas"", ""p56"": ""4_5_6_5""}"
favia_fragum,Favia fragum,Coral Estrella,Faviidae,Escleractinio,"Especie como una bola, presenta pequeñas celdas circulares, tonalidad café.","{""p1"": ""s"", ""p4"": ""colonial"", ""p6"": ""no"", ""p19"": ""masiva"", ""p30"": ""copas"", ""p48"": ""menor_1"", ""p49"": ""compacto"", ""p53"": ""no"", ""p55"": ""apinadas"", ""p56"": ""4_5_6_5""}"
favia_fragum,Favia fragum,Coral Estrella,Faviidae,Escleractinio,Coral masivo con copas apiñadas de 4.5-6.5 mm. Paredes fusionadas. Presenta blanquecino y superficie porosa.,"{""p1"": ""s"", ""p4"": ""colonial"", ""p6"": ""no"", ""p19"": ""masiva"", ""p30"": ""copas"", ""p48"": ""menor_1"", ""p49"": ""compacto"", ""p53"": ""no"", ""p55"": ""apinadas"", ""p56"": ""4_5_6_5""}"
favia_fragum,Favia fragum,Coral Estrella,Faviidae,Escleractinio,"Es como colonias hemisféricas, tiene hoyuelos y es gris.","{""p1"": ""s"", ""p4"": ""colonial"", ""p6"": ""no"", ""p19"": ""masiva"", ""p30"": ""copas"", ""p48"": ""menor_1"", ""p49"": ""compacto"", ""p53"": ""no"", ""p55"": ""apinadas"", ""p56"": ""4_5_6_5""}"
favia_fragum,Favia fragum,Coral Estrella,Faviidae,Escleractinio,"Observamos parece un balón con huequitos evidente, coloración crema.","{""p1"": ""s"", ""p4"": ""colonial"", ""p6"": ""no"", ""p19"": ""masiva"", ""p30"": ""copas"", ""p48"": ""menor_1"", ""p49"": ""compacto"", ""p53"": ""no"", ""p55"": ""apinadas"", ""p56"": ""4_5_6_5""}"
favia_fragum,Favia fragum,Coral Estrella,Faviidae,Escleractinio,Coral masivo con copas apiñadas de 4.5-6.5 mm. Paredes fusionadas. Presenta color café y superficie lisa.,"{""p1"": ""s"", ""p4"": ""colonial"", ""p6"": ""no"", ""p19"": ""masiva"", ""p30"": ""copas"", ""p48"": ""menor_1"", ""p49"": ""compacto"", ""p53"": ""no"", ""p55"": ""apinadas"", ""p56"": ""4_5_6_5""}"
favia_fragum,Favia fragum,Coral Estrella,Faviidae,Escleractinio,"Uno roca redonda que está esqueleto calcáreo, con pequeñas celdas circulares.","{""p1"": ""s"", ""p4"": ""colonial"", ""p6"": ""no"", ""p19"": ""masiva"", ""p30"": ""copas"", ""p48"": ""menor_1"", ""p49"": ""compacto"", ""p53"": ""no"", ""p55"": ""apinadas"", ""p56"": ""4_5_6_5""}"
favia_fragum,Favia fragum,Coral Estrella,Faviidae,Escleractinio,"Colonia estructura globosa con aberturas circulares característica, color tierra.","{""p1"": ""s"", ""p4"": ""colonial"", ""p6"": ""no"", ""p19"": ""masiva"", ""p30"": ""copas"", ""p48"": ""menor_1"", ""p49"": ""compacto"", ""p53"": ""no"", ""p55"": ""apinadas"", ""p56"": ""4_5_6_5""}"
favia_fragum,Favia fragum,Coral Estrella,Faviidae,Escleractinio,Coral masivo con copas apiñadas de 4.5-6.5 mm. Paredes fusionadas. Presenta color grisáceo y poroso.,"{""p1"": ""s"", ""p4"": ""colonial"", ""p6"": ""no"", ""p19"": ""masiva"", ""p30"": ""copas"", ""p48"": ""menor_1"", ""p49"": ""compacto"", ""p53"": ""no"", ""p55"": ""apinadas"", ""p56"": ""4_5_6_5""}"
favia_fragum,Favia fragum,Coral Estrella,Faviidae,Escleractinio,Coral masivo con copas apiñadas de 4.5-6.5 mm. Paredes fusionadas. Presenta color marrón claro y colonias densas.,"{""p1"": ""s"", ""p4"": ""colonial"", ""p6"": ""no"", ""p19"": ""masiva"", ""p30"": ""copas"", ""p48"": ""menor_1"", ""p49"": ""compacto"", ""p53"": ""no"", ""p55"": ""apinadas"", ""p56"": ""4_5_6_5""}"
favia_fragum,Favia fragum,Coral Estrella,Faviidae,Escleractinio,Coral masivo con copas apiñadas de 4.5-6.5 mm. Paredes fusionadas. Presenta crema y poroso.,"{""p1"": ""s"", ""p4"": ""colonial"", ""p6"": ""no"", ""p19"": ""masiva"", ""p30"": ""copas"", ""p48"": ""menor_1"", ""p49"": ""compacto"", ""p53"": ""no"", ""p55"": ""apinadas"", ""p56"": ""4_5_6_5""}"
favia_fragum,Favia fragum,Coral Estrella,Faviidae,Escleractinio,Coral masivo con copas apiñadas de 4.5-6.5 mm. Paredes fusionadas. Presenta gris y como esponja.,"{""p1"": ""s"", ""p4"": ""colonial"", ""p6"": ""no"", ""p19"": ""masiva"", ""p30"": ""copas"", ""p48"": ""menor_1"", ""p49"": ""compacto"", ""p53"": ""no"", ""p55"": ""apinadas"", ""p56"": ""4_5_6_5""}"
favia_fragum,Favia fragum,Coral Estrella,Faviidae,Escleractinio,Tipo: como un montículo. Superficie: como una esponja. Color: blanquecino.,"{""p1"": ""s"", ""p4"": ""colonial"", ""p6"": ""no"", ""p19"": ""masiva"", ""p30"": ""copas"", ""p48"": ""menor_1"", ""p49"": ""compacto"", ""p53"": ""no"", ""p55"": ""apinadas"", ""p56"": ""4_5_6_5""}"
favia_fragum,Favia fragum,Coral Estrella,Faviidae,Escleractinio,Coral masivo con copas apiñadas de 4.5-6.5 mm. Paredes fusionadas. Presenta color marrón claro y poroso.,"{""p1"": ""s"", ""p4"": ""colonial"", ""p6"": ""no"", ""p19"": ""masiva"", ""p30"": ""copas"", ""p48"": ""menor_1"", ""p49"": ""compacto"", ""p53"": ""no"", ""p55"": ""apinadas"", ""p56"": ""4_5_6_5""}"
favia_fragum,Favia fragum,Coral Estrella,Faviidae,Escleractinio,"Colonia redonda con poros de coralitos característica, marrón.","{""p1"": ""s"", ""p4"": ""colonial"", ""p6"": ""no"", ""p19"": ""masiva"", ""p30"": ""copas"", ""p48"": ""menor_1"", ""p49"": ""compacto"", ""p53"": ""no"", ""p55"": ""apinadas"", ""p56"": ""4_5_6_5""}"
favia_fragum,Favia fragum,Coral Estrella,Faviidae,Escleractinio,Forma: forma de domo. Textura: como una esponja. Tono: color tierra.,"{""p1"": ""s"", ""p4"": ""colonial"", ""p6"": ""no"", ""p19"": ""masiva"", ""p30"": ""copas"", ""p48"": ""menor_1"", ""p49"": ""compacto"", ""p53"": ""no"", ""p55"": ""apinadas"", ""p56"": ""4_5_6_5""}"
manicina_areolata,Manicina areolata,Coral Corazón de Roca,Faviidae,Escleractinio,Coral masivo con valles cortos lobulados. Un valle central continuo. Septos con dientes finos. Presenta color café y superficie porosa.,"{""p1"": ""s"", ""p4"": ""colonial"", ""p6"": ""no"", ""p19"": ""masiva"", ""p30"": ""valles"", ""p31"": ""pronunciados"", ""p33"": ""dentados"", ""p35"": ""sin"", ""p42"": ""mayor_0_5"", ""p45"": ""finos"", ""p46"": ""central""}"
manicina_areolata,Manicina areolata,Coral Corazón de Roca,Faviidae,Escleractinio,Coral masivo con valles cortos lobulados. Un valle central continuo. Septos con dientes finos. Presenta color marrón y superficie lisa.,"{""p1"": ""s"", ""p4"": ""colonial"", ""p6"": ""no"", ""p19"": ""masiva"", ""p30"": ""valles"", ""p31"": ""pronunciados"", ""p33"": ""dentados"", ""p35"": ""sin"", ""p42"": ""mayor_0_5"", ""p45"": ""finos"", ""p46"": ""central""}"
manicina_areolata,Manicina areolata,Coral Corazón de Roca,Faviidae,Escleractinio,Un coral redondo que tiene meandros sinuosos y es superficie uniforme.,"{""p1"": ""s"", ""p4"": ""colonial"", ""p6"": ""no"", ""p19"": ""masiva"", ""p30"": ""valles"", ""p31"": ""pronunciados"", ""p33"": ""dentados"", ""p35"": ""sin"", ""p42"": ""mayor_0_5"", ""p45"": ""finos"", ""p46"": ""central""}"
manicina_areolata,Manicina areolata,Coral Corazón de Roca,Faviidae,Escleractinio,"Uno como un domo que está colonias densas, con surcos sinuosos.","{""p1"": ""s"", ""p4"": ""colonial"", ""p6"": ""no"", ""p19"": ""masiva"", ""p30"": ""valles"", ""p31"": ""pronunciados"", ""p33"": ""dentados"", ""p35"": ""sin"", ""p42"": ""mayor_0_5"", ""p45"": ""finos"", ""p46"": ""central""}"
manicina_areolata,Manicina areolata,Coral Corazón de Roca,Faviidae,Escleractinio,Forma: bloque compacto. Textura: meandros sinuosos. Tono: color arena.,"{""p1"": ""s"", ""p4"": ""colonial"", ""p6"": ""no"", ""p19"": ""masiva"", ""p30"": ""valles"", ""p31"": ""pronunciados"", ""p33"": ""dentados"", ""p35"": ""sin"", ""p42"": ""mayor_0_5"", ""p45"": ""finos"", ""p46"": ""central""}"
manicina_areolata,Manicina areolata,Coral Corazón de Roca,Faviidae,Escleractinio,Coral masivo con valles cortos lobulados. Un valle central continuo. Septos con dientes finos. Presenta gris y poroso.,"{""p1"": ""s"", ""p4"": ""colonial"", ""p6"": ""no"", ""p19"": ""masiva"", ""p30"": ""valles"", ""p31"": ""pronunciados"", ""p33"": ""dentados"", ""p35"": ""sin"", ""p42"": ""mayor_0_5"", ""p45"": ""finos"", ""p46"": ""central""}"
manicina_areolata,Manicina areolata,Coral Corazón de Roca,Faviidae,Escleractinio,"Estaba buceando y vi parece una roca con se ve como un cerebro, color amarillento.","{""p1"": ""s"", ""p4"": ""colonial"", ""p6"": ""no"", ""p19"": ""masiva"", ""p30"": ""valles"", ""p31"": ""pronunciados"", ""p33"": ""dentados"", ""p35"": ""sin"", ""p42"": ""mayor_0_5"", ""p45"": ""finos"", ""p46"": ""central""}"
manicina_areolata,Manicina areolata,Coral Corazón de Roca,Faviidae,Escleractinio,"Coral de tipo parece una piedra grande, superficie surcos profundos, esqueleto calcáreo.","{""p1"": ""s"", ""p4"": ""colonial"", ""p6"": ""no"", ""p19"": ""masiva"", ""p30"": ""valles"", ""p31"": ""pronunciados"", ""p33"": ""dentados"", ""p35"": ""sin"", ""p42"": ""mayor_0_5"", ""p45"": ""finos"", ""p46"": ""central""}"
manicina_areolata,Manicina areolata,Coral Corazón de Roca,Faviidae,Escleractinio,"Coral de tipo estructura globosa, superficie surcos, como esponja.","{""p1"": ""s"", ""p4"": ""colonial"", ""p6"": ""no"", ""p19"": ""masiva"", ""p30"": ""valles"", ""p31"": ""pronunciados"", ""p33"": ""dentados"", ""p35"": ""sin"", ""p42"": ""mayor_0_5"", ""p45"": ""finos"", ""p46"": ""central""}"
manicina_areolata,Manicina areolata,Coral Corazón de Roca,Faviidae,Escleractinio,Un coral redondo que tiene superficie cerebroide y es poroso.,"{""p1"": ""s"", ""p4"": ""colonial"", ""p6"": ""no"", ""p19"": ""masiva"", ""p30"": ""valles"", ""p31"": ""pronunciados"", ""p33"": ""dentados"", ""p35"": ""sin"", ""p42"": ""mayor_0_5"", ""p45"": ""finos"", ""p46"": ""central""}"
manicina_areolata,Manicina areolata,Coral Corazón de Roca,Faviidae,Escleractinio,"Especie como un domo, presenta con canales, tonalidad crema.","{""p1"": ""s"", ""p4"": ""colonial"", ""p6"": ""no"", ""p19"": ""masiva"", ""p30"": ""valles"", ""p31"": ""pronunciados"", ""p33"": ""dentados"", ""p35"": ""sin"", ""p42"": ""mayor_0_5"", ""p45"": ""finos"", ""p46"": ""central""}"
manicina_areolata,Manicina areolata,Coral Corazón de Roca,Faviidae,Escleractinio,"Encontré esto: parece un balón, se ve surcos profundos, color como arena.","{""p1"": ""s"", ""p4"": ""colonial"", ""p6"": ""no"", ""p19"": ""masiva"", ""p30"": ""valles"", ""p31"": ""pronunciados"", ""p33"": ""dentados"", ""p35"": ""sin"", ""p42"": ""mayor_0_5"", ""p45"": ""finos"", ""p46"": ""central""}"
manicina_areolata,Manicina areolata,Coral Corazón de Roca,Faviidae,Escleractinio,"Especie forma redonda, presenta surcos sinuosos, tonalidad color grisáceo.","{""p1"": ""s"", ""p4"": ""colonial"", ""p6"": ""no"", ""p19"": ""masiva"", ""p30"": ""valles"", ""p31"": ""pronunciados"", ""p33"": ""dentados"", ""p35"": ""sin"", ""p42"": ""mayor_0_5"", ""p45"": ""finos"", ""p46"": ""central""}"
manicina_areolata,Manicina areolata,Coral Corazón de Roca,Faviidae,Escleractinio,Coral masivo con valles cortos lobulados. Un valle central continuo. Septos con dientes finos. Presenta verdoso y como esponja.,"{""p1"": ""s"", ""p4"": ""colonial"", ""p6"": ""no"", ""p19"": ""masiva"", ""p30"": ""valles"", ""p31"": ""pronunciados"", ""p33"": ""dentados"", ""p35"": ""sin"", ""p42"": ""mayor_0_5"", ""p45"": ""finos"", ""p46"": ""central""}"
manicina_areolata,Manicina areolata,Coral Corazón de Roca,Faviidae,Escleractinio,Forma: esférico. Textura: crestas y valles. Tono: verdoso.,"{""p1"": ""s"", ""p4"": ""colonial"", ""p6"": ""no"", ""p19"": ""masiva"", ""p30"": ""valles"", ""p31"": ""pronunciados"", ""p33"": ""dentados"", ""p35"": ""sin"", ""p42"": ""mayor_0_5"", ""p45"": ""finos"", ""p46"": ""central""}"
manicina_areolata,Manicina areolata,Coral Corazón de Roca,Faviidae,Escleractinio,Coral masivo con valles cortos lobulados. Un valle central continuo. Septos con dientes finos. Presenta color tierra y liso.,"{""p1"": ""s"", ""p4"": ""colonial"", ""p6"": ""no"", ""p19"": ""masiva"", ""p30"": ""valles"", ""p31"": ""pronunciados"", ""p33"": ""dentados"", ""p35"": ""sin"", ""p42"": ""mayor_0_5"", ""p45"": ""finos"", ""p46"": ""central""}"
manicina_areolata,Manicina areolata,Coral Corazón de Roca,Faviidae,Escleractinio,"Especie esférico, presenta se ve como un cerebro, tonalidad color marrón claro.","{""p1"": ""s"", ""p4"": ""colonial"", ""p6"": ""no"", ""p19"": ""masiva"", ""p30"": ""valles"", ""p31"": ""pronunciados"", ""p33"": ""dentados"", ""p35"": ""sin"", ""p42"": ""mayor_0_5"", ""p45"": ""finos"", ""p46"": ""central""}"
manicina_areolata,Manicina areolata,Coral Corazón de Roca,Faviidae,Escleractinio,"Vi un coral forma de roca, tiene crestas y valles, parece color marrón.","{""p1"": ""s"", ""p4"": ""colonial"", ""p6"": ""no"", ""p19"": ""masiva"", ""p30"": ""valles"", ""p31"": ""pronunciados"", ""p33"": ""dentados"", ""p35"": ""sin"", ""p42"": ""mayor_0_5"", ""p45"": ""finos"", ""p46"": ""central""}"
manicina_areolata,Manicina areolata,Coral Corazón de Roca,Faviidae,Escleractinio,Tipo: crecimiento macizo. Superficie: forma de cerebro. Color: blanquecino.,"{""p1"": ""s"", ""p4"": ""colonial"", ""p6"": ""no"", ""p19"": ""masiva"", ""p30"": ""valles"", ""p31"": ""pronunciados"", ""p33"": ""dentados"", ""p35"": ""sin"", ""p42"": ""mayor_0_5"", ""p45"": ""finos"", ""p46"": ""central""}"
manicina_areolata,Manicina areolata,Coral Corazón de Roca,Faviidae,Escleractinio,Coral masivo con valles cortos lobulados. Un valle central continuo. Septos con dientes finos. Presenta color café y áspero al tacto.,"{""p1"": ""s"", ""p4"": ""colonial"", ""p6"": ""no"", ""p19"": ""masiva"", ""p30"": ""valles"", ""p31"": ""pronunciados"", ""p33"": ""dentados"", ""p35"": ""sin"", ""p42"": ""mayor_0_5"", ""p45"": ""finos"", ""p46"": ""central""}"
manicina_areolata,Manicina areolata,Coral Corazón de Roca,Faviidae,Escleractinio,"esférico con pinta de con grietas, tono color marrón claro.","{""p1"": ""s"", ""p4"": ""colonial"", ""p6"": ""no"", ""p19"": ""masiva"", ""p30"": ""valles"", ""p31"": ""pronunciados"", ""p33"": ""dentados"", ""p35"": ""sin"", ""p42"": ""mayor_0_5"", ""p45"": ""finos"", ""p46"": ""central""}"
manicina_areolata,Manicina areolata,Coral Corazón de Roca,Faviidae,Escleractinio,"Especie parece un balón, presenta valles sinuosos, tonalidad color tierra.","{""p1"": ""s"", ""p4"": ""colonial"", ""p6"": ""no"", ""p19"": ""masiva"", ""p30"": ""valles"", ""p31"": ""pronunciados"", ""p33"": ""dentados"", ""p35"": ""sin"", ""p42"": ""mayor_0_5"", ""p45"": ""finos"", ""p46"": ""central""}"
manicina_areolata,Manicina areolata,Coral Corazón de Roca,Faviidae,Escleractinio,"Uno esfera rocosa que está esqueleto calcáreo, con surcos sinuosos.","{""p1"": ""s"", ""p4"": ""colonial"", ""p6"": ""no"", ""p19"": ""masiva"", ""p30"": ""valles"", ""p31"": ""pronunciados"", ""p33"": ""dentados"", ""p35"": ""sin"", ""p42"": ""mayor_0_5"", ""p45"": ""finos"", ""p46"": ""central""}"
manicina_areolata,Manicina areolata,Coral Corazón de Roca,Faviidae,Escleractinio,Coral masivo con valles cortos lobulados. Un valle central continuo. Septos con dientes finos.,"{""p1"": ""s"", ""p4"": ""colonial"", ""p6"": ""no"", ""p19"": ""masiva"", ""p30"": ""valles"", ""p31"": ""pronunciados"", ""p33"": ""dentados"", ""p35"": ""sin"", ""p42"": ""mayor_0_5"", ""p45"": ""finos"", ""p46"": ""central""}"
manicina_areolata,Manicina areolata,Coral Corazón de Roca,Faviidae,Escleractinio,Coral masivo con valles cortos lobulados. Un valle central continuo. Septos con dientes finos. Presenta beige y esponjoso.,"{""p1"": ""s"", ""p4"": ""colonial"", ""p6"": ""no"", ""p19"": ""masiva"", ""p30"": ""valles"", ""p31"": ""pronunciados"", ""p33"": ""dentados"", ""p35"": ""sin"", ""p42"": ""mayor_0_5"", ""p45"": ""finos"", ""p46"": ""central""}"
manicina_areolata,Manicina areolata,Coral Corazón de Roca,Faviidae,Escleractinio,Coral masivo con valles cortos lobulados. Un valle central continuo. Septos con dientes finos. Presenta color piedra y áspero al tacto.,"{""p1"": ""s"", ""p4"": ""colonial"", ""p6"": ""no"", ""p19"": ""masiva"", ""p30"": ""valles"", ""p31"": ""pronunciados"", ""p33"": ""dentados"", ""p35"": ""sin"", ""p42"": ""mayor_0_5"", ""p45"": ""finos"", ""p46"": ""central""}"
manicina_areolata,Manicina areolata,Coral Corazón de Roca,Faviidae,Escleractinio,"Es un coral forma de roca, poroso, con parece un cerebro de color color arena.","{""p1"": ""s"", ""p4"": ""colonial"", ""p6"": ""no"", ""p19"": ""masiva"", ""p30"": ""valles"", ""p31"": ""pronunciados"", ""p33"": ""dentados"", ""p35"": ""sin"", ""p42"": ""mayor_0_5"", ""p45"": ""finos"", ""p46"": ""central""}"
manicina_areolata,Manicina areolata,Coral Corazón de Roca,Faviidae,Escleractinio,"como un montículo con pinta de valles sinuosos, tono crema.","{""p1"": ""s"", ""p4"": ""colonial"", ""p6"": ""no"", ""p19"": ""masiva"", ""p30"": ""valles"", ""p31"": ""pronunciados"", ""p33"": ""dentados"", ""p35"": ""sin"", ""p42"": ""mayor_0_5"", ""p45"": ""finos"", ""p46"": ""central""}"
manicina_areolata,Manicina areolata,Coral Corazón de Roca,Faviidae,Escleractinio,"Como redonda pero con crestas y valles, colonias densas, verdoso.","{""p1"": ""s"", ""p4"": ""colonial"", ""p6"": ""no"", ""p19"": ""masiva"", ""p30"": ""valles"", ""p31"": ""pronunciados"", ""p33"": ""dentados"", ""p35"": ""sin"", ""p42"": ""mayor_0_5"", ""p45"": ""finos"", ""p46"": ""central""}"
manicina_areolata,Manicina areolata,Coral Corazón de Roca,Faviidae,Escleractinio,"Coral de tipo como un domo, superficie como laberinto, superficie rugosa.","{""p1"": ""s"", ""p4"": ""colonial"", ""p6"": ""no"", ""p19"": ""masiva"", ""p30"": ""valles"", ""p31"": ""pronunciados"", ""p33"": ""dentados"", ""p35"": ""sin"", ""p42"": ""mayor_0_5"", ""p45"": ""finos"", ""p46"": ""central""}"
manicina_areolata,Manicina areolata,Coral Corazón de Roca,Faviidae,Escleractinio,Tipo: esférica. Superficie: parece un cerebro. Color: crema.,"{""p1"": ""s"", ""p4"": ""colonial"", ""p6"": ""no"", ""p19"": ""masiva"", ""p30"": ""valles"", ""p31"": ""pronunciados"", ""p33"": ""dentados"", ""p35"": ""sin"", ""p42"": ""mayor_0_5"", ""p45"": ""finos"", ""p46"": ""central""}"
manicina_areolata,Manicina areolata,Coral Corazón de Roca,Faviidae,Escleractinio,"Es un coral bloque compacto, superficie rugosa, con con surcos de color color amarillento.","{""p1"": ""s"", ""p4"": ""colonial"", ""p6"": ""no"", ""p19"": ""masiva"", ""p30"": ""valles"", ""p31"": ""pronunciados"", ""p33"": ""dentados"", ""p35"": ""sin"", ""p42"": ""mayor_0_5"", ""p45"": ""finos"", ""p46"": ""central""}"
manicina_areolata,Manicina areolata,Coral Corazón de Roca,Faviidae,Escleractinio,"Es como esférico, tiene como un cerebro y es tonalidad verdosa.","{""p1"": ""s"", ""p4"": ""colonial"", ""p6"": ""no"", ""p19"": ""masiva"", ""p30"": ""valles"", ""p31"": ""pronunciados"", ""p33"": ""dentados"", ""p35"": ""sin"", ""p42"": ""mayor_0_5"", ""p45"": ""finos"", ""p46"": ""central""}"
manicina_areolata,Manicina areolata,Coral Corazón de Roca,Faviidae,Escleractinio,Coral masivo con valles cortos lobulados. Un valle central continuo. Septos con dientes finos. Presenta marrón y áspero al tacto.,"{""p1"": ""s"", ""p4"": ""colonial"", ""p6"": ""no"", ""p19"": ""masiva"", ""p30"": ""valles"", ""p31"": ""pronunciados"", ""p33"": ""dentados"", ""p35"": ""sin"", ""p42"": ""mayor_0_5"", ""p45"": ""finos"", ""p46"": ""central""}"
manicina_areolata,Manicina areolata,Coral Corazón de Roca,Faviidae,Escleractinio,Coral masivo con valles cortos lobulados. Un valle central continuo. Septos con dientes finos. Presenta color amarillento y superficie irregular.,"{""p1"": ""s"", ""p4"": ""colonial"", ""p6"": ""no"", ""p19"": ""masiva"", ""p30"": ""valles"", ""p31"": ""pronunciados"", ""p33"": ""dentados"", ""p35"": ""sin"", ""p42"": ""mayor_0_5"", ""p45"": ""finos"", ""p46"": ""central""}"
manicina_areolata,Manicina areolata,Coral Corazón de Roca,Faviidae,Escleractinio,"Es un coral coral masivo, esqueleto calcáreo, con se ve como un cerebro de color color tierra.","{""p1"": ""s"", ""p4"": ""colonial"", ""p6"": ""no"", ""p19"": ""masiva"", ""p30"": ""valles"", ""p31"": ""pronunciados"", ""p33"": ""dentados"", ""p35"": ""sin"", ""p42"": ""mayor_0_5"", ""p45"": ""finos"", ""p46"": ""central""}"
manicina_areolata,Manicina areolata,Coral Corazón de Roca,Faviidae,Escleractinio,Coral masivo con valles cortos lobulados. Un valle central continuo. Septos con dientes finos. Presenta color marrón y superficie irregular.,"{""p1"": ""s"", ""p4"": ""colonial"", ""p6"": ""no"", ""p19"": ""masiva"", ""p30"": ""valles"", ""p31"": ""pronunciados"", ""p33"": ""dentados"", ""p35"": ""sin"", ""p42"": ""mayor_0_5"", ""p45"": ""finos"", ""p46"": ""central""}"
manicina_areolata,Manicina areolata,Coral Corazón de Roca,Faviidae,Escleractinio,Coral masivo con valles cortos lobulados. Un valle central continuo. Septos con dientes finos. Presenta blanquecino y liso.,"{""p1"": ""s"", ""p4"": ""colonial"", ""p6"": ""no"", ""p19"": ""masiva"", ""p30"": ""valles"", ""p31"": ""pronunciados"", ""p33"": ""dentados"", ""p35"": ""sin"", ""p42"": ""mayor_0_5"", ""p45"": ""finos"", ""p46"": ""central""}"
manicina_areolata,Manicina areolata,Coral Corazón de Roca,Faviidae,Escleractinio,Coral masivo con valles cortos lobulados. Un valle central continuo. Septos con dientes finos. Presenta color café claro y como una roca.,"{""p1"": ""s"", ""p4"": ""colonial"", ""p6"": ""no"", ""p19"": ""masiva"", ""p30"": ""valles"", ""p31"": ""pronunciados"", ""p33"": ""dentados"", ""p35"": ""sin"", ""p42"": ""mayor_0_5"", ""p45"": ""finos"", ""p46"": ""central""}"
manicina_areolata,Manicina areolata,Coral Corazón de Roca,Faviidae,Escleractinio,"Vi un coral estructura globosa, tiene surcos como cerebro, parece color grisáceo.","{""p1"": ""s"", ""p4"": ""colonial"", ""p6"": ""no"", ""p19"": ""masiva"", ""p30"": ""valles"", ""p31"": ""pronunciados"", ""p33"": ""dentados"", ""p35"": ""sin"", ""p42"": ""mayor_0_5"", ""p45"": ""finos"", ""p46"": ""central""}"
manicina_areolata,Manicina areolata,Coral Corazón de Roca,Faviidae,Escleractinio,"Estaba buceando y vi como un montículo con se ve como un cerebro, crema.","{""p1"": ""s"", ""p4"": ""colonial"", ""p6"": ""no"", ""p19"": ""masiva"", ""p30"": ""valles"", ""p31"": ""pronunciados"", ""p33"": ""dentados"", ""p35"": ""sin"", ""p42"": ""mayor_0_5"", ""p45"": ""finos"", ""p46"": ""central""}"
manicina_areolata,Manicina areolata,Coral Corazón de Roca,Faviidae,Escleractinio,"Parece esférico con laberinto, beige.","{""p1"": ""s"", ""p4"": ""colonial"", ""p6"": ""no"", ""p19"": ""masiva"", ""p30"": ""valles"", ""p31"": ""pronunciados"", ""p33"": ""dentados"", ""p35"": ""sin"", ""p42"": ""mayor_0_5"", ""p45"": ""finos"", ""p46"": ""central""}"
manicina_areolata,Manicina areolata,Coral Corazón de Roca,Faviidae,Escleractinio,Forma: roca coralina. Textura: laberinto. Tono: color tierra.,"{""p1"": ""s"", ""p4"": ""colonial"", ""p6"": ""no"", ""p19"": ""masiva"", ""p30"": ""valles"", ""p31"": ""pronunciados"", ""p33"": ""dentados"", ""p35"": ""sin"", ""p42"": ""mayor_0_5"", ""p45"": ""finos"", ""p46"": ""central""}"
manicina_areolata,Manicina areolata,Coral Corazón de Roca,Faviidae,Escleractinio,"Parece esfera rocosa con surcos sinuosos, color amarillento.","{""p1"": ""s"", ""p4"": ""colonial"", ""p6"": ""no"", ""p19"": ""masiva"", ""p30"": ""valles"", ""p31"": ""pronunciados"", ""p33"": ""dentados"", ""p35"": ""sin"", ""p42"": ""mayor_0_5"", ""p45"": ""finos"", ""p46"": ""central""}"
manicina_areolata,Manicina areolata,Coral Corazón de Roca,Faviidae,Escleractinio,"Colonia bloque compacto con como un cerebro característica, color piedra.","{""p1"": ""s"", ""p4"": ""colonial"", ""p6"": ""no"", ""p19"": ""masiva"", ""p30"": ""valles"", ""p31"": ""pronunciados"", ""p33"": ""dentados"", ""p35"": ""sin"", ""p42"": ""mayor_0_5"", ""p45"": ""finos"", ""p46"": ""central""}"
manicina_areolata,Manicina areolata,Coral Corazón de Roca,Faviidae,Escleractinio,"Estaba buceando y vi como un montículo con como un cerebro, café.","{""p1"": ""s"", ""p4"": ""colonial"", ""p6"": ""no"", ""p19"": ""masiva"", ""p30"": ""valles"", ""p31"": ""pronunciados"", ""p33"": ""dentados"", ""p35"": ""sin"", ""p42"": ""mayor_0_5"", ""p45"": ""finos"", ""p46"": ""central""}"
manicina_areolata,Manicina areolata,Coral Corazón de Roca,Faviidae,Escleractinio,"como un domo, laberinto, color tierra.","{""p1"": ""s"", ""p4"": ""colonial"", ""p6"": ""no"", ""p19"": ""masiva"", ""p30"": ""valles"", ""p31"": ""pronunciados"", ""p33"": ""dentados"", ""p35"": ""sin"", ""p42"": ""mayor_0_5"", ""p45"": ""finos"", ""p46"": ""central""}"
manicina_areolata,Manicina areolata,Coral Corazón de Roca,Faviidae,Escleractinio,Coral masivo con valles cortos lobulados. Un valle central continuo. Septos con dientes finos. Presenta color grisáceo y superficie porosa.,"{""p1"": ""s"", ""p4"": ""colonial"", ""p6"": ""no"", ""p19"": ""masiva"", ""p30"": ""valles"", ""p31"": ""pronunciados"", ""p33"": ""dentados"", ""p35"": ""sin"", ""p42"": ""mayor_0_5"", ""p45"": ""finos"", ""p46"": ""central""}"
manicina_areolata,Manicina areolata,Coral Corazón de Roca,Faviidae,Escleractinio,"esfera rocosa, surcos sinuosos, blanquecino.","{""p1"": ""s"", ""p4"": ""colonial"", ""p6"": ""no"", ""p19"": ""masiva"", ""p30"": ""valles"", ""p31"": ""pronunciados"", ""p33"": ""dentados"", ""p35"": ""sin"", ""p42"": ""mayor_0_5"", ""p45"": ""finos"", ""p46"": ""central""}"
manicina_areolata,Manicina areolata,Coral Corazón de Roca,Faviidae,Escleractinio,"Es un coral roca coralina, colonias densas, con superficie cerebroide de color color marrón.","{""p1"": ""s"", ""p4"": ""colonial"", ""p6"": ""no"", ""p19"": ""masiva"", ""p30"": ""valles"", ""p31"": ""pronunciados"", ""p33"": ""dentados"", ""p35"": ""sin"", ""p42"": ""mayor_0_5"", ""p45"": ""finos"", ""p46"": ""central""}"
madracis_decactis,Madracis decactis,Coral de Estrellas,Pocilloporidae,Escleractinio,"Parece coral con superficie con copas, gris.","{""p1"": ""s"", ""p4"": ""colonial"", ""p6"": ""ramificado"", ""p7"": ""toda"", ""p10"": ""conicas"", ""p14"": ""10"", ""p15"": ""nodular""}"
madracis_decactis,Madracis decactis,Coral de Estrellas,Pocilloporidae,Escleractinio,Tipo: coral. Superficie: poros de coralitos. Color: crema.,"{""p1"": ""s"", ""p4"": ""colonial"", ""p6"": ""ramificado"", ""p7"": ""toda"", ""p10"": ""conicas"", ""p14"": ""10"", ""p15"": ""nodular""}"
madracis_decactis,Madracis decactis,Coral de Estrellas,Pocilloporidae,Escleractinio,"Encontré esto: coral, se ve puntitos, color marrón.","{""p1"": ""s"", ""p4"": ""colonial"", ""p6"": ""ramificado"", ""p7"": ""toda"", ""p10"": ""conicas"", ""p14"": ""10"", ""p15"": ""nodular""}"
madracis_decactis,Madracis decactis,Coral de Estrellas,Pocilloporidae,Escleractinio,Coral nodular o incrustante con coralitos de 1.5-2.5 mm. 10 escleroseptos. Presenta crema y rugoso.,"{""p1"": ""s"", ""p4"": ""colonial"", ""p6"": ""ramificado"", ""p7"": ""toda"", ""p10"": ""conicas"", ""p14"": ""10"", ""p15"": ""nodular""}"
madracis_decactis,Madracis decactis,Coral de Estrellas,Pocilloporidae,Escleractinio,"Es como coral, tiene coralitos en forma de copa y es crema.","{""p1"": ""s"", ""p4"": ""colonial"", ""p6"": ""ramificado"", ""p7"": ""toda"", ""p10"": ""conicas"", ""p14"": ""10"", ""p15"": ""nodular""}"
madracis_decactis,Madracis decactis,Coral de Estrellas,Pocilloporidae,Escleractinio,"coral con pinta de aberturas circulares, tono blanquecino.","{""p1"": ""s"", ""p4"": ""colonial"", ""p6"": ""ramificado"", ""p7"": ""toda"", ""p10"": ""conicas"", ""p14"": ""10"", ""p15"": ""nodular""}"
madracis_decactis,Madracis decactis,Coral de Estrellas,Pocilloporidae,Escleractinio,"Parece coral con puntitos, color piedra.","{""p1"": ""s"", ""p4"": ""colonial"", ""p6"": ""ramificado"", ""p7"": ""toda"", ""p10"": ""conicas"", ""p14"": ""10"", ""p15"": ""nodular""}"
madracis_decactis,Madracis decactis,Coral de Estrellas,Pocilloporidae,Escleractinio,"Como coral pero con superficie con copas, como una roca, tonalidad verdosa.","{""p1"": ""s"", ""p4"": ""colonial"", ""p6"": ""ramificado"", ""p7"": ""toda"", ""p10"": ""conicas"", ""p14"": ""10"", ""p15"": ""nodular""}"
madracis_decactis,Madracis decactis,Coral de Estrellas,Pocilloporidae,Escleractinio,"Colonia coral con con poros característica, color marrón.","{""p1"": ""s"", ""p4"": ""colonial"", ""p6"": ""ramificado"", ""p7"": ""toda"", ""p10"": ""conicas"", ""p14"": ""10"", ""p15"": ""nodular""}"
madracis_decactis,Madracis decactis,Coral de Estrellas,Pocilloporidae,Escleractinio,Coral nodular o incrustante con coralitos de 1.5-2.5 mm. 10 escleroseptos. Presenta color café claro y superficie rugosa.,"{""p1"": ""s"", ""p4"": ""colonial"", ""p6"": ""ramificado"", ""p7"": ""toda"", ""p10"": ""conicas"", ""p14"": ""10"", ""p15"": ""nodular""}"
madracis_decactis,Madracis decactis,Coral de Estrellas,Pocilloporidae,Escleractinio,Coral nodular o incrustante con coralitos de 1.5-2.5 mm. 10 escleroseptos. Presenta color marrón y superficie rugosa.,"{""p1"": ""s"", ""p4"": ""colonial"", ""p6"": ""ramificado"", ""p7"": ""toda"", ""p10"": ""conicas"", ""p14"": ""10"", ""p15"": ""nodular""}"
madracis_decactis,Madracis decactis,Coral de Estrellas,Pocilloporidae,Escleractinio,"Colonia coral con con agujeros característica, beige.","{""p1"": ""s"", ""p4"": ""colonial"", ""p6"": ""ramificado"", ""p7"": ""toda"", ""p10"": ""conicas"", ""p14"": ""10"", ""p15"": ""nodular""}"
madracis_decactis,Madracis decactis,Coral de Estrellas,Pocilloporidae,Escleractinio,Tipo: coral. Superficie: puntitos. Color: beige.,"{""p1"": ""s"", ""p4"": ""colonial"", ""p6"": ""ramificado"", ""p7"": ""toda"", ""p10"": ""conicas"", ""p14"": ""10"", ""p15"": ""nodular""}"
madracis_decactis,Madracis decactis,Coral de Estrellas,Pocilloporidae,Escleractinio,"Colonia coral con huequitos característica, marrón.","{""p1"": ""s"", ""p4"": ""colonial"", ""p6"": ""ramificado"", ""p7"": ""toda"", ""p10"": ""conicas"", ""p14"": ""10"", ""p15"": ""nodular""}"
madracis_decactis,Madracis decactis,Coral de Estrellas,Pocilloporidae,Escleractinio,"Observamos coral con como una esponja evidente, coloración color grisáceo.","{""p1"": ""s"", ""p4"": ""colonial"", ""p6"": ""ramificado"", ""p7"": ""toda"", ""p10"": ""conicas"", ""p14"": ""10"", ""p15"": ""nodular""}"
madracis_decactis,Madracis decactis,Coral de Estrellas,Pocilloporidae,Escleractinio,Coral nodular o incrustante con coralitos de 1.5-2.5 mm. 10 escleroseptos. Presenta amarillento y superficie irregular.,"{""p1"": ""s"", ""p4"": ""colonial"", ""p6"": ""ramificado"", ""p7"": ""toda"", ""p10"": ""conicas"", ""p14"": ""10"", ""p15"": ""nodular""}"
madracis_decactis,Madracis decactis,Coral de Estrellas,Pocilloporidae,Escleractinio,"Especie coral, presenta pequeñas celdas circulares, tonalidad gris.","{""p1"": ""s"", ""p4"": ""colonial"", ""p6"": ""ramificado"", ""p7"": ""toda"", ""p10"": ""conicas"", ""p14"": ""10"", ""p15"": ""nodular""}"
madracis_decactis,Madracis decactis,Coral de Estrellas,Pocilloporidae,Escleractinio,"coral con pinta de como poros, tono color amarillento.","{""p1"": ""s"", ""p4"": ""colonial"", ""p6"": ""ramificado"", ""p7"": ""toda"", ""p10"": ""conicas"", ""p14"": ""10"", ""p15"": ""nodular""}"
madracis_decactis,Madracis decactis,Coral de Estrellas,Pocilloporidae,Escleractinio,"Observamos coral con como panal evidente, coloración color piedra.","{""p1"": ""s"", ""p4"": ""colonial"", ""p6"": ""ramificado"", ""p7"": ""toda"", ""p10"": ""conicas"", ""p14"": ""10"", ""p15"": ""nodular""}"
madracis_decactis,Madracis decactis,Coral de Estrellas,Pocilloporidae,Escleractinio,"Uno coral que está superficie uniforme, con aberturas circulares.","{""p1"": ""s"", ""p4"": ""colonial"", ""p6"": ""ramificado"", ""p7"": ""toda"", ""p10"": ""conicas"", ""p14"": ""10"", ""p15"": ""nodular""}"
madracis_decactis,Madracis decactis,Coral de Estrellas,Pocilloporidae,Escleractinio,Coral nodular o incrustante con coralitos de 1.5-2.5 mm. 10 escleroseptos. Presenta verdoso y áspero al tacto.,"{""p1"": ""s"", ""p4"": ""colonial"", ""p6"": ""ramificado"", ""p7"": ""toda"", ""p10"": ""conicas"", ""p14"": ""10"", ""p15"": ""nodular""}"
madracis_decactis,Madracis decactis,Coral de Estrellas,Pocilloporidae,Escleractinio,"Uno coral que está como esponja, con con agujeros.","{""p1"": ""s"", ""p4"": ""colonial"", ""p6"": ""ramificado"", ""p7"": ""toda"", ""p10"": ""conicas"", ""p14"": ""10"", ""p15"": ""nodular""}"
madracis_decactis,Madracis decactis,Coral de Estrellas,Pocilloporidae,Escleractinio,"Parece coral con como una colmena, color arena.","{""p1"": ""s"", ""p4"": ""colonial"", ""p6"": ""ramificado"", ""p7"": ""toda"", ""p10"": ""conicas"", ""p14"": ""10"", ""p15"": ""nodular""}"
madracis_decactis,Madracis decactis,Coral de Estrellas,Pocilloporidae,Escleractinio,Coral nodular o incrustante con coralitos de 1.5-2.5 mm. 10 escleroseptos. Presenta color tierra y rugoso.,"{""p1"": ""s"", ""p4"": ""colonial"", ""p6"": ""ramificado"", ""p7"": ""toda"", ""p10"": ""conicas"", ""p14"": ""10"", ""p15"": ""nodular""}"
madracis_decactis,Madracis decactis,Coral de Estrellas,Pocilloporidae,Escleractinio,Coral nodular o incrustante con coralitos de 1.5-2.5 mm. 10 escleroseptos. Presenta color marrón claro y esqueleto calcáreo.,"{""p1"": ""s"", ""p4"": ""colonial"", ""p6"": ""ramificado"", ""p7"": ""toda"", ""p10"": ""conicas"", ""p14"": ""10"", ""p15"": ""nodular""}"
madracis_decactis,Madracis decactis,Coral de Estrellas,Pocilloporidae,Escleractinio,"coral con pinta de poros de coralitos, tono tonalidad verdosa.","{""p1"": ""s"", ""p4"": ""colonial"", ""p6"": ""ramificado"", ""p7"": ""toda"", ""p10"": ""conicas"", ""p14"": ""10"", ""p15"": ""nodular""}"
madracis_decactis,Madracis decactis,Coral de Estrellas,Pocilloporidae,Escleractinio,"coral, pequeñas celdas circulares, como arena.","{""p1"": ""s"", ""p4"": ""colonial"", ""p6"": ""ramificado"", ""p7"": ""toda"", ""p10"": ""conicas"", ""p14"": ""10"", ""p15"": ""nodular""}"
madracis_decactis,Madracis decactis,Coral de Estrellas,Pocilloporidae,Escleractinio,"Colonia coral con como una colmena característica, amarillento.","{""p1"": ""s"", ""p4"": ""colonial"", ""p6"": ""ramificado"", ""p7"": ""toda"", ""p10"": ""conicas"", ""p14"": ""10"", ""p15"": ""nodular""}"
madracis_decactis,Madracis decactis,Coral de Estrellas,Pocilloporidae,Escleractinio,Coral nodular o incrustante con coralitos de 1.5-2.5 mm. 10 escleroseptos.,"{""p1"": ""s"", ""p4"": ""colonial"", ""p6"": ""ramificado"", ""p7"": ""toda"", ""p10"": ""conicas"", ""p14"": ""10"", ""p15"": ""nodular""}"
madracis_decactis,Madracis decactis,Coral de Estrellas,Pocilloporidae,Escleractinio,"Coral de tipo coral, superficie como una colmena, poroso.","{""p1"": ""s"", ""p4"": ""colonial"", ""p6"": ""ramificado"", ""p7"": ""toda"", ""p10"": ""conicas"", ""p14"": ""10"", ""p15"": ""nodular""}"
madracis_decactis,Madracis decactis,Coral de Estrellas,Pocilloporidae,Escleractinio,Forma: coral. Textura: con hoyitos pequeños. Tono: color arena.,"{""p1"": ""s"", ""p4"": ""colonial"", ""p6"": ""ramificado"", ""p7"": ""toda"", ""p10"": ""conicas"", ""p14"": ""10"", ""p15"": ""nodular""}"
madracis_decactis,Madracis decactis,Coral de Estrellas,Pocilloporidae,Escleractinio,Coral nodular o incrustante con coralitos de 1.5-2.5 mm. 10 escleroseptos. Presenta crema y superficie rugosa.,"{""p1"": ""s"", ""p4"": ""colonial"", ""p6"": ""ramificado"", ""p7"": ""toda"", ""p10"": ""conicas"", ""p14"": ""10"", ""p15"": ""nodular""}"
madracis_decactis,Madracis decactis,Coral de Estrellas,Pocilloporidae,Escleractinio,"coral, puntitos, blanquecino.","{""p1"": ""s"", ""p4"": ""colonial"", ""p6"": ""ramificado"", ""p7"": ""toda"", ""p10"": ""conicas"", ""p14"": ""10"", ""p15"": ""nodular""}"
madracis_decactis,Madracis decactis,Coral de Estrellas,Pocilloporidae,Escleractinio,"Como coral pero con con poros, poroso, tonalidad verdosa.","{""p1"": ""s"", ""p4"": ""colonial"", ""p6"": ""ramificado"", ""p7"": ""toda"", ""p10"": ""conicas"", ""p14"": ""10"", ""p15"": ""nodular""}"
madracis_decactis,Madracis decactis,Coral de Estrellas,Pocilloporidae,Escleractinio,"coral, agujeritos, color marrón.","{""p1"": ""s"", ""p4"": ""colonial"", ""p6"": ""ramificado"", ""p7"": ""toda"", ""p10"": ""conicas"", ""p14"": ""10"", ""p15"": ""nodular""}"
madracis_decactis,Madracis decactis,Coral de Estrellas,Pocilloporidae,Escleractinio,Coral nodular o incrustante con coralitos de 1.5-2.5 mm. 10 escleroseptos. Presenta color amarillento y esponjoso.,"{""p1"": ""s"", ""p4"": ""colonial"", ""p6"": ""ramificado"", ""p7"": ""toda"", ""p10"": ""conicas"", ""p14"": ""10"", ""p15"": ""nodular""}"
madracis_decactis,Madracis decactis,Coral de Estrellas,Pocilloporidae,Escleractinio,"Colonia coral con coralitos en forma de copa característica, color arena.","{""p1"": ""s"", ""p4"": ""colonial"", ""p6"": ""ramificado"", ""p7"": ""toda"", ""p10"": ""conicas"", ""p14"": ""10"", ""p15"": ""nodular""}"
madracis_decactis,Madracis decactis,Coral de Estrellas,Pocilloporidae,Escleractinio,"Es como coral, tiene pequeñas celdas circulares y es amarillento.","{""p1"": ""s"", ""p4"": ""colonial"", ""p6"": ""ramificado"", ""p7"": ""toda"", ""p10"": ""conicas"", ""p14"": ""10"", ""p15"": ""nodular""}"
madracis_decactis,Madracis decactis,Coral de Estrellas,Pocilloporidae,Escleractinio,Un coral coral que tiene pequeños hoyos y es superficie irregular.,"{""p1"": ""s"", ""p4"": ""colonial"", ""p6"": ""ramificado"", ""p7"": ""toda"", ""p10"": ""conicas"", ""p14"": ""10"", ""p15"": ""nodular""}"
madracis_decactis,Madracis decactis,Coral de Estrellas,Pocilloporidae,Escleractinio,"Como coral pero con huequitos, superficie lisa, color café.","{""p1"": ""s"", ""p4"": ""colonial"", ""p6"": ""ramificado"", ""p7"": ""toda"", ""p10"": ""conicas"", ""p14"": ""10"", ""p15"": ""nodular""}"
madracis_decactis,Madracis decactis,Coral de Estrellas,Pocilloporidae,Escleractinio,"Es como coral, tiene con huecos y es color piedra.","{""p1"": ""s"", ""p4"": ""colonial"", ""p6"": ""ramificado"", ""p7"": ""toda"", ""p10"": ""conicas"", ""p14"": ""10"", ""p15"": ""nodular""}"
madracis_decactis,Madracis decactis,Coral de Estrellas,Pocilloporidae,Escleractinio,Coral nodular o incrustante con coralitos de 1.5-2.5 mm. 10 escleroseptos. Presenta beige y esponjoso.,"{""p1"": ""s"", ""p4"": ""colonial"", ""p6"": ""ramificado"", ""p7"": ""toda"", ""p10"": ""conicas"", ""p14"": ""10"", ""p15"": ""nodular""}"
madracis_decactis,Madracis decactis,Coral de Estrellas,Pocilloporidae,Escleractinio,Coral nodular o incrustante con coralitos de 1.5-2.5 mm. 10 escleroseptos. Presenta marrón y como una roca.,"{""p1"": ""s"", ""p4"": ""colonial"", ""p6"": ""ramificado"", ""p7"": ""toda"", ""p10"": ""conicas"", ""p14"": ""10"", ""p15"": ""nodular""}"
madracis_decactis,Madracis decactis,Coral de Estrellas,Pocilloporidae,Escleractinio,Tipo: coral. Superficie: huequitos. Color: marrón.,"{""p1"": ""s"", ""p4"": ""colonial"", ""p6"": ""ramificado"", ""p7"": ""toda"", ""p10"": ""conicas"", ""p14"": ""10"", ""p15"": ""nodular""}"
madracis_decactis,Madracis decactis,Coral de Estrellas,Pocilloporidae,Escleractinio,Coral nodular o incrustante con coralitos de 1.5-2.5 mm. 10 escleroseptos. Presenta café y áspero al tacto.,"{""p1"": ""s"", ""p4"": ""colonial"", ""p6"": ""ramificado"", ""p7"": ""toda"", ""p10"": ""conicas"", ""p14"": ""10"", ""p15"": ""nodular""}"
madracis_decactis,Madracis decactis,Coral de Estrellas,Pocilloporidae,Escleractinio,"Como coral pero con puntitos, colonias densas, beige.","{""p1"": ""s"", ""p4"": ""colonial"", ""p6"": ""ramificado"", ""p7"": ""toda"", ""p10"": ""conicas"", ""p14"": ""10"", ""p15"": ""nodular""}"
madracis_decactis,Madracis decactis,Coral de Estrellas,Pocilloporidae,Escleractinio,Coral nodular o incrustante con coralitos de 1.5-2.5 mm. 10 escleroseptos. Presenta color piedra y poroso.,"{""p1"": ""s"", ""p4"": ""colonial"", ""p6"": ""ramificado"", ""p7"": ""toda"", ""p10"": ""conicas"", ""p14"": ""10"", ""p15"": ""nodular""}"
madracis_decactis,Madracis decactis,Coral de Estrellas,Pocilloporidae,Escleractinio,"Es como coral, tiene pequeños hoyos y es marrón.","{""p1"": ""s"", ""p4"": ""colonial"", ""p6"": ""ramificado"", ""p7"": ""toda"", ""p10"": ""conicas"", ""p14"": ""10"", ""p15"": ""nodular""}"
stephanocoenia_intersepta,Stephanocoenia intersepta,Coral Estrella,Astrocoeniidae,Escleractinio,Un coral parece una roca que tiene con hoyitos pequeños y es superficie porosa.,"{""p1"": ""s"", ""p4"": ""colonial"", ""p6"": ""no"", ""p19"": ""masiva"", ""p30"": ""copas"", ""p48"": ""menor_1"", ""p49"": ""compacto"", ""p53"": ""estiliforme"", ""p54"": ""2_6_3_0""}"
stephanocoenia_intersepta,Stephanocoenia intersepta,Coral Estrella,Astrocoeniidae,Escleractinio,"Es como parece una roca, tiene aberturas circulares y es amarillento.","{""p1"": ""s"", ""p4"": ""colonial"", ""p6"": ""no"", ""p19"": ""masiva"", ""p30"": ""copas"", ""p48"": ""menor_1"", ""p49"": ""compacto"", ""p53"": ""estiliforme"", ""p54"": ""2_6_3_0""}"
stephanocoenia_intersepta,Stephanocoenia intersepta,Coral Estrella,Astrocoeniidae,Escleractinio,"Coral de tipo roca viva, superficie huequitos, esqueleto calcáreo.","{""p1"": ""s"", ""p4"": ""colonial"", ""p6"": ""no"", ""p19"": ""masiva"", ""p30"": ""copas"", ""p48"": ""menor_1"", ""p49"": ""compacto"", ""p53"": ""estiliforme"", ""p54"": ""2_6_3_0""}"
stephanocoenia_intersepta,Stephanocoenia intersepta,Coral Estrella,Astrocoeniidae,Escleractinio,"Vi un coral roca redonda, tiene pequeñas copas, parece amarillento.","{""p1"": ""s"", ""p4"": ""colonial"", ""p6"": ""no"", ""p19"": ""masiva"", ""p30"": ""copas"", ""p48"": ""menor_1"", ""p49"": ""compacto"", ""p53"": ""estiliforme"", ""p54"": ""2_6_3_0""}"
stephanocoenia_intersepta,Stephanocoenia intersepta,Coral Estrella,Astrocoeniidae,Escleractinio,"Es como roca viva, tiene aberturas circulares y es tonalidad verdosa.","{""p1"": ""s"", ""p4"": ""colonial"", ""p6"": ""no"", ""p19"": ""masiva"", ""p30"": ""copas"", ""p48"": ""menor_1"", ""p49"": ""compacto"", ""p53"": ""estiliforme"", ""p54"": ""2_6_3_0""}"
stephanocoenia_intersepta,Stephanocoenia intersepta,Coral Estrella,Astrocoeniidae,Escleractinio,Coral incrustante o masivo con columela estiliforme. Coralitos de 2.6-3.0 mm con 24 septos. Presenta color café claro y esponjoso.,"{""p1"": ""s"", ""p4"": ""colonial"", ""p6"": ""no"", ""p19"": ""masiva"", ""p30"": ""copas"", ""p48"": ""menor_1"", ""p49"": ""compacto"", ""p53"": ""estiliforme"", ""p54"": ""2_6_3_0""}"
stephanocoenia_intersepta,Stephanocoenia intersepta,Coral Estrella,Astrocoeniidae,Escleractinio,Coral incrustante o masivo con columela estiliforme. Coralitos de 2.6-3.0 mm con 24 septos. Presenta color arena y colonias densas.,"{""p1"": ""s"", ""p4"": ""colonial"", ""p6"": ""no"", ""p19"": ""masiva"", ""p30"": ""copas"", ""p48"": ""menor_1"", ""p49"": ""compacto"", ""p53"": ""estiliforme"", ""p54"": ""2_6_3_0""}"
stephanocoenia_intersepta,Stephanocoenia intersepta,Coral Estrella,Astrocoeniidae,Escleractinio,"Parece roca viva con huequitos, color arena.","{""p1"": ""s"", ""p4"": ""colonial"", ""p6"": ""no"", ""p19"": ""masiva"", ""p30"": ""copas"", ""p48"": ""menor_1"", ""p49"": ""compacto"", ""p53"": ""estiliforme"", ""p54"": ""2_6_3_0""}"
stephanocoenia_intersepta,Stephanocoenia intersepta,Coral Estrella,Astrocoeniidae,Escleractinio,"coral masivo, superficie con copas, color amarillento.","{""p1"": ""s"", ""p4"": ""colonial"", ""p6"": ""no"", ""p19"": ""masiva"", ""p30"": ""copas"", ""p48"": ""menor_1"", ""p49"": ""compacto"", ""p53"": ""estiliforme"", ""p54"": ""2_6_3_0""}"
stephanocoenia_intersepta,Stephanocoenia intersepta,Coral Estrella,Astrocoeniidae,Escleractinio,Coral incrustante o masivo con columela estiliforme. Coralitos de 2.6-3.0 mm con 24 septos. Presenta tonalidad verdosa y como una roca.,"{""p1"": ""s"", ""p4"": ""colonial"", ""p6"": ""no"", ""p19"": ""masiva"", ""p30"": ""copas"", ""p48"": ""menor_1"", ""p49"": ""compacto"", ""p53"": ""estiliforme"", ""p54"": ""2_6_3_0""}"
stephanocoenia_intersepta,Stephanocoenia intersepta,Coral Estrella,Astrocoeniidae,Escleractinio,"Es un coral parece una piedra grande, esponjoso, con hoyuelos de color tonalidad verdosa.","{""p1"": ""s"", ""p4"": ""colonial"", ""p6"": ""no"", ""p19"": ""masiva"", ""p30"": ""copas"", ""p48"": ""menor_1"", ""p49"": ""compacto"", ""p53"": ""estiliforme"", ""p54"": ""2_6_3_0""}"
stephanocoenia_intersepta,Stephanocoenia intersepta,Coral Estrella,Astrocoeniidae,Escleractinio,Coral incrustante o masivo con columela estiliforme. Coralitos de 2.6-3.0 mm con 24 septos. Presenta tonalidad verdosa y superficie porosa.,"{""p1"": ""s"", ""p4"": ""colonial"", ""p6"": ""no"", ""p19"": ""masiva"", ""p30"": ""copas"", ""p48"": ""menor_1"", ""p49"": ""compacto"", ""p53"": ""estiliforme"", ""p54"": ""2_6_3_0""}"
stephanocoenia_intersepta,Stephanocoenia intersepta,Coral Estrella,Astrocoeniidae,Escleractinio,Coral incrustante o masivo con columela estiliforme. Coralitos de 2.6-3.0 mm con 24 septos. Presenta amarillento y superficie rugosa.,"{""p1"": ""s"", ""p4"": ""colonial"", ""p6"": ""no"", ""p19"": ""masiva"", ""p30"": ""copas"", ""p48"": ""menor_1"", ""p49"": ""compacto"", ""p53"": ""estiliforme"", ""p54"": ""2_6_3_0""}"
stephanocoenia_intersepta,Stephanocoenia intersepta,Coral Estrella,Astrocoeniidae,Escleractinio,Coral incrustante o masivo con columela estiliforme. Coralitos de 2.6-3.0 mm con 24 septos. Presenta crema y esqueleto calcáreo.,"{""p1"": ""s"", ""p4"": ""colonial"", ""p6"": ""no"", ""p19"": ""masiva"", ""p30"": ""copas"", ""p48"": ""menor_1"", ""p49"": ""compacto"", ""p53"": ""estiliforme"", ""p54"": ""2_6_3_0""}"
stephanocoenia_intersepta,Stephanocoenia intersepta,Coral Estrella,Astrocoeniidae,Escleractinio,Coral incrustante o masivo con columela estiliforme. Coralitos de 2.6-3.0 mm con 24 septos. Presenta verdoso y poroso.,"{""p1"": ""s"", ""p4"": ""colonial"", ""p6"": ""no"", ""p19"": ""masiva"", ""p30"": ""copas"", ""p48"": ""menor_1"", ""p49"": ""compacto"", ""p53"": ""estiliforme"", ""p54"": ""2_6_3_0""}"
stephanocoenia_intersepta,Stephanocoenia intersepta,Coral Estrella,Astrocoeniidae,Escleractinio,Coral incrustante o masivo con columela estiliforme. Coralitos de 2.6-3.0 mm con 24 septos. Presenta color arena y esponjoso.,"{""p1"": ""s"", ""p4"": ""colonial"", ""p6"": ""no"", ""p19"": ""masiva"", ""p30"": ""copas"", ""p48"": ""menor_1"", ""p49"": ""compacto"", ""p53"": ""estiliforme"", ""p54"": ""2_6_3_0""}"
stephanocoenia_intersepta,Stephanocoenia intersepta,Coral Estrella,Astrocoeniidae,Escleractinio,"Encontré esto: como un domo, se ve como una esponja, color marrón.","{""p1"": ""s"", ""p4"": ""colonial"", ""p6"": ""no"", ""p19"": ""masiva"", ""p30"": ""copas"", ""p48"": ""menor_1"", ""p49"": ""compacto"", ""p53"": ""estiliforme"", ""p54"": ""2_6_3_0""}"
stephanocoenia_intersepta,Stephanocoenia intersepta,Coral Estrella,Astrocoeniidae,Escleractinio,"Parece roca redonda con con agujeros, como arena.","{""p1"": ""s"", ""p4"": ""colonial"", ""p6"": ""no"", ""p19"": ""masiva"", ""p30"": ""copas"", ""p48"": ""menor_1"", ""p49"": ""compacto"", ""p53"": ""estiliforme"", ""p54"": ""2_6_3_0""}"
stephanocoenia_intersepta,Stephanocoenia intersepta,Coral Estrella,Astrocoeniidae,Escleractinio,Coral incrustante o masivo con columela estiliforme. Coralitos de 2.6-3.0 mm con 24 septos. Presenta crema y superficie irregular.,"{""p1"": ""s"", ""p4"": ""colonial"", ""p6"": ""no"", ""p19"": ""masiva"", ""p30"": ""copas"", ""p48"": ""menor_1"", ""p49"": ""compacto"", ""p53"": ""estiliforme"", ""p54"": ""2_6_3_0""}"
stephanocoenia_intersepta,Stephanocoenia intersepta,Coral Estrella,Astrocoeniidae,Escleractinio,"Estaba buceando y vi estructura globosa con hoyuelos, color café claro.","{""p1"": ""s"", ""p4"": ""colonial"", ""p6"": ""no"", ""p19"": ""masiva"", ""p30"": ""copas"", ""p48"": ""menor_1"", ""p49"": ""compacto"", ""p53"": ""estiliforme"", ""p54"": ""2_6_3_0""}"
stephanocoenia_intersepta,Stephanocoenia intersepta,Coral Estrella,Astrocoeniidae,Escleractinio,"Coral de tipo roca viva, superficie como una esponja, esponjoso.","{""p1"": ""s"", ""p4"": ""colonial"", ""p6"": ""no"", ""p19"": ""masiva"", ""p30"": ""copas"", ""p48"": ""menor_1"", ""p49"": ""compacto"", ""p53"": ""estiliforme"", ""p54"": ""2_6_3_0""}"
stephanocoenia_intersepta,Stephanocoenia intersepta,Coral Estrella,Astrocoeniidae,Escleractinio,"redondo con pinta de como panal, tono blanquecino.","{""p1"": ""s"", ""p4"": ""colonial"", ""p6"": ""no"", ""p19"": ""masiva"", ""p30"": ""copas"", ""p48"": ""menor_1"", ""p49"": ""compacto"", ""p53"": ""estiliforme"", ""p54"": ""2_6_3_0""}"
stephanocoenia_intersepta,Stephanocoenia intersepta,Coral Estrella,Astrocoeniidae,Escleractinio,"Vi un coral esfera rocosa, tiene como panal, parece color café.","{""p1"": ""s"", ""p4"": ""colonial"", ""p6"": ""no"", ""p19"": ""masiva"", ""p30"": ""copas"", ""p48"": ""menor_1"", ""p49"": ""compacto"", ""p53"": ""estiliforme"", ""p54"": ""2_6_3_0""}"
stephanocoenia_intersepta,Stephanocoenia intersepta,Coral Estrella,Astrocoeniidae,Escleractinio,"Coral de tipo bloque compacto, superficie aberturas circulares, duro como roca.","{""p1"": ""s"", ""p4"": ""colonial"", ""p6"": ""no"", ""p19"": ""masiva"", ""p30"": ""copas"", ""p48"": ""menor_1"", ""p49"": ""compacto"", ""p53"": ""estiliforme"", ""p54"": ""2_6_3_0""}"
stephanocoenia_intersepta,Stephanocoenia intersepta,Coral Estrella,Astrocoeniidae,Escleractinio,"Especie parece un balón, presenta pequeñas celdas circulares, tonalidad beige.","{""p1"": ""s"", ""p4"": ""colonial"", ""p6"": ""no"", ""p19"": ""masiva"", ""p30"": ""copas"", ""p48"": ""menor_1"", ""p49"": ""compacto"", ""p53"": ""estiliforme"", ""p54"": ""2_6_3_0""}"
stephanocoenia_intersepta,Stephanocoenia intersepta,Coral Estrella,Astrocoeniidae,Escleractinio,"Vi un coral esfera rocosa, tiene agujeritos, parece color amarillento.","{""p1"": ""s"", ""p4"": ""colonial"", ""p6"": ""no"", ""p19"": ""masiva"", ""p30"": ""copas"", ""p48"": ""menor_1"", ""p49"": ""compacto"", ""p53"": ""estiliforme"", ""p54"": ""2_6_3_0""}"
stephanocoenia_intersepta,Stephanocoenia intersepta,Coral Estrella,Astrocoeniidae,Escleractinio,Coral incrustante o masivo con columela estiliforme. Coralitos de 2.6-3.0 mm con 24 septos.,"{""p1"": ""s"", ""p4"": ""colonial"", ""p6"": ""no"", ""p19"": ""masiva"", ""p30"": ""copas"", ""p48"": ""menor_1"", ""p49"": ""compacto"", ""p53"": ""estiliforme"", ""p54"": ""2_6_3_0""}"
stephanocoenia_intersepta,Stephanocoenia intersepta,Coral Estrella,Astrocoeniidae,Escleractinio,Coral incrustante o masivo con columela estiliforme. Coralitos de 2.6-3.0 mm con 24 septos. Presenta color marrón y rugoso.,"{""p1"": ""s"", ""p4"": ""colonial"", ""p6"": ""no"", ""p19"": ""masiva"", ""p30"": ""copas"", ""p48"": ""menor_1"", ""p49"": ""compacto"", ""p53"": ""estiliforme"", ""p54"": ""2_6_3_0""}"
stephanocoenia_intersepta,Stephanocoenia intersepta,Coral Estrella,Astrocoeniidae,Escleractinio,Coral incrustante o masivo con columela estiliforme. Coralitos de 2.6-3.0 mm con 24 septos. Presenta blanquecino y como esponja.,"{""p1"": ""s"", ""p4"": ""colonial"", ""p6"": ""no"", ""p19"": ""masiva"", ""p30"": ""copas"", ""p48"": ""menor_1"", ""p49"": ""compacto"", ""p53"": ""estiliforme"", ""p54"": ""2_6_3_0""}"
stephanocoenia_intersepta,Stephanocoenia intersepta,Coral Estrella,Astrocoeniidae,Escleractinio,Coral incrustante o masivo con columela estiliforme. Coralitos de 2.6-3.0 mm con 24 septos. Presenta color marrón claro y esqueleto calcáreo.,"{""p1"": ""s"", ""p4"": ""colonial"", ""p6"": ""no"", ""p19"": ""masiva"", ""p30"": ""copas"", ""p48"": ""menor_1"", ""p49"": ""compacto"", ""p53"": ""estiliforme"", ""p54"": ""2_6_3_0""}"
stephanocoenia_intersepta,Stephanocoenia intersepta,Coral Estrella,Astrocoeniidae,Escleractinio,"Uno esfera rocosa que está poroso, con coralitos en forma de copa.","{""p1"": ""s"", ""p4"": ""colonial"", ""p6"": ""no"", ""p19"": ""masiva"", ""p30"": ""copas"", ""p48"": ""menor_1"", ""p49"": ""compacto"", ""p53"": ""estiliforme"", ""p54"": ""2_6_3_0""}"
stephanocoenia_intersepta,Stephanocoenia intersepta,Coral Estrella,Astrocoeniidae,Escleractinio,"Especie roca viva, presenta puntitos, tonalidad color amarillento.","{""p1"": ""s"", ""p4"": ""colonial"", ""p6"": ""no"", ""p19"": ""masiva"", ""p30"": ""copas"", ""p48"": ""menor_1"", ""p49"": ""compacto"", ""p53"": ""estiliforme"", ""p54"": ""2_6_3_0""}"
stephanocoenia_intersepta,Stephanocoenia intersepta,Coral Estrella,Astrocoeniidae,Escleractinio,"Uno como una pelota que está superficie uniforme, con como panal.","{""p1"": ""s"", ""p4"": ""colonial"", ""p6"": ""no"", ""p19"": ""masiva"", ""p30"": ""copas"", ""p48"": ""menor_1"", ""p49"": ""compacto"", ""p53"": ""estiliforme"", ""p54"": ""2_6_3_0""}"
stephanocoenia_intersepta,Stephanocoenia intersepta,Coral Estrella,Astrocoeniidae,Escleractinio,Coral incrustante o masivo con columela estiliforme. Coralitos de 2.6-3.0 mm con 24 septos. Presenta color piedra y superficie rugosa.,"{""p1"": ""s"", ""p4"": ""colonial"", ""p6"": ""no"", ""p19"": ""masiva"", ""p30"": ""copas"", ""p48"": ""menor_1"", ""p49"": ""compacto"", ""p53"": ""estiliforme"", ""p54"": ""2_6_3_0""}"
stephanocoenia_intersepta,Stephanocoenia intersepta,Coral Estrella,Astrocoeniidae,Escleractinio,"Especie redonda, presenta agujeritos, tonalidad crema.","{""p1"": ""s"", ""p4"": ""colonial"", ""p6"": ""no"", ""p19"": ""masiva"", ""p30"": ""copas"", ""p48"": ""menor_1"", ""p49"": ""compacto"", ""p53"": ""estiliforme"", ""p54"": ""2_6_3_0""}"
stephanocoenia_intersepta,Stephanocoenia intersepta,Coral Estrella,Astrocoeniidae,Escleractinio,"Coral de tipo colonias hemisféricas, superficie con agujeros, como una roca.","{""p1"": ""s"", ""p4"": ""colonial"", ""p6"": ""no"", ""p19"": ""masiva"", ""p30"": ""copas"", ""p48"": ""menor_1"", ""p49"": ""compacto"", ""p53"": ""estiliforme"", ""p54"": ""2_6_3_0""}"
stephanocoenia_intersepta,Stephanocoenia intersepta,Coral Estrella,Astrocoeniidae,Escleractinio,Un coral redondo que tiene pequeños hoyos y es superficie lisa.,"{""p1"": ""s"", ""p4"": ""colonial"", ""p6"": ""no"", ""p19"": ""masiva"", ""p30"": ""copas"", ""p48"": ""menor_1"", ""p49"": ""compacto"", ""p53"": ""estiliforme"", ""p54"": ""2_6_3_0""}"
stephanocoenia_intersepta,Stephanocoenia intersepta,Coral Estrella,Astrocoeniidae,Escleractinio,"Colonia esférico con coralitos en forma de copa característica, amarillento.","{""p1"": ""s"", ""p4"": ""colonial"", ""p6"": ""no"", ""p19"": ""masiva"", ""p30"": ""copas"", ""p48"": ""menor_1"", ""p49"": ""compacto"", ""p53"": ""estiliforme"", ""p54"": ""2_6_3_0""}"
stephanocoenia_intersepta,Stephanocoenia intersepta,Coral Estrella,Astrocoeniidae,Escleractinio,"Colonia roca coralina con con huecos característica, blanquecino.","{""p1"": ""s"", ""p4"": ""colonial"", ""p6"": ""no"", ""p19"": ""masiva"", ""p30"": ""copas"", ""p48"": ""menor_1"", ""p49"": ""compacto"", ""p53"": ""estiliforme"", ""p54"": ""2_6_3_0""}"
stephanocoenia_intersepta,Stephanocoenia intersepta,Coral Estrella,Astrocoeniidae,Escleractinio,Un coral esférica que tiene con poros y es áspero al tacto.,"{""p1"": ""s"", ""p4"": ""colonial"", ""p6"": ""no"", ""p19"": ""masiva"", ""p30"": ""copas"", ""p48"": ""menor_1"", ""p49"": ""compacto"", ""p53"": ""estiliforme"", ""p54"": ""2_6_3_0""}"
stephanocoenia_intersepta,Stephanocoenia intersepta,Coral Estrella,Astrocoeniidae,Escleractinio,"redondo, huequitos, como arena.","{""p1"": ""s"", ""p4"": ""colonial"", ""p6"": ""no"", ""p19"": ""masiva"", ""p30"": ""copas"", ""p48"": ""menor_1"", ""p49"": ""compacto"", ""p53"": ""estiliforme"", ""p54"": ""2_6_3_0""}"
stephanocoenia_intersepta,Stephanocoenia intersepta,Coral Estrella,Astrocoeniidae,Escleractinio,Forma: roca redonda. Textura: como una colmena. Tono: color grisáceo.,"{""p1"": ""s"", ""p4"": ""colonial"", ""p6"": ""no"", ""p19"": ""masiva"", ""p30"": ""copas"", ""p48"": ""menor_1"", ""p49"": ""compacto"", ""p53"": ""estiliforme"", ""p54"": ""2_6_3_0""}"
stephanocoenia_intersepta,Stephanocoenia intersepta,Coral Estrella,Astrocoeniidae,Escleractinio,"Como roca coralina pero con pequeñas copas, superficie irregular, color arena.","{""p1"": ""s"", ""p4"": ""colonial"", ""p6"": ""no"", ""p19"": ""masiva"", ""p30"": ""copas"", ""p48"": ""menor_1"", ""p49"": ""compacto"", ""p53"": ""estiliforme"", ""p54"": ""2_6_3_0""}"
stephanocoenia_intersepta,Stephanocoenia intersepta,Coral Estrella,Astrocoeniidae,Escleractinio,Forma: como un domo. Textura: hoyitos. Tono: gris.,"{""p1"": ""s"", ""p4"": ""colonial"", ""p6"": ""no"", ""p19"": ""masiva"", ""p30"": ""copas"", ""p48"": ""menor_1"", ""p49"": ""compacto"", ""p53"": ""estiliforme"", ""p54"": ""2_6_3_0""}"
stephanocoenia_intersepta,Stephanocoenia intersepta,Coral Estrella,Astrocoeniidae,Escleractinio,Coral incrustante o masivo con columela estiliforme. Coralitos de 2.6-3.0 mm con 24 septos. Presenta color café y colonias densas.,"{""p1"": ""s"", ""p4"": ""colonial"", ""p6"": ""no"", ""p19"": ""masiva"", ""p30"": ""copas"", ""p48"": ""menor_1"", ""p49"": ""compacto"", ""p53"": ""estiliforme"", ""p54"": ""2_6_3_0""}"
stephanocoenia_intersepta,Stephanocoenia intersepta,Coral Estrella,Astrocoeniidae,Escleractinio,Coral incrustante o masivo con columela estiliforme. Coralitos de 2.6-3.0 mm con 24 septos. Presenta como arena y como esponja.,"{""p1"": ""s"", ""p4"": ""colonial"", ""p6"": ""no"", ""p19"": ""masiva"", ""p30"": ""copas"", ""p48"": ""menor_1"", ""p49"": ""compacto"", ""p53"": ""estiliforme"", ""p54"": ""2_6_3_0""}"
stephanocoenia_intersepta,Stephanocoenia intersepta,Coral Estrella,Astrocoeniidae,Escleractinio,"bloque compacto con pinta de puntitos, tono verdoso.","{""p1"": ""s"", ""p4"": ""colonial"", ""p6"": ""no"", ""p19"": ""masiva"", ""p30"": ""copas"", ""p48"": ""menor_1"", ""p49"": ""compacto"", ""p53"": ""estiliforme"", ""p54"": ""2_6_3_0""}"
stephanocoenia_intersepta,Stephanocoenia intersepta,Coral Estrella,Astrocoeniidae,Escleractinio,"Parece redondo con hoyitos, como arena.","{""p1"": ""s"", ""p4"": ""colonial"", ""p6"": ""no"", ""p19"": ""masiva"", ""p30"": ""copas"", ""p48"": ""menor_1"", ""p49"": ""compacto"", ""p53"": ""estiliforme"", ""p54"": ""2_6_3_0""}"
stephanocoenia_intersepta,Stephanocoenia intersepta,Coral Estrella,Astrocoeniidae,Escleractinio,"Uno roca coralina que está como esponja, con con hoyitos pequeños.","{""p1"": ""s"", ""p4"": ""colonial"", ""p6"": ""no"", ""p19"": ""masiva"", ""p30"": ""copas"", ""p48"": ""menor_1"", ""p49"": ""compacto"", ""p53"": ""estiliforme"", ""p54"": ""2_6_3_0""}"
stephanocoenia_intersepta,Stephanocoenia intersepta,Coral Estrella,Astrocoeniidae,Escleractinio,"Coral de tipo forma de domo, superficie agujeritos, colonias densas.","{""p1"": ""s"", ""p4"": ""colonial"", ""p6"": ""no"", ""p19"": ""masiva"", ""p30"": ""copas"", ""p48"": ""menor_1"", ""p49"": ""compacto"", ""p53"": ""estiliforme"", ""p54"": ""2_6_3_0""}"
stephanocoenia_intersepta,Stephanocoenia intersepta,Coral Estrella,Astrocoeniidae,Escleractinio,"Como forma de roca pero con con poros, duro como roca, gris.","{""p1"": ""s"", ""p4"": ""colonial"", ""p6"": ""no"", ""p19"": ""masiva"", ""p30"": ""copas"", ""p48"": ""menor_1"", ""p49"": ""compacto"", ""p53"": ""estiliforme"", ""p54"": ""2_6_3_0""}"
